english_sentence,alc_statement
Every researcher is a student that owns at least one company.,Researcher ⊑ Student ⊓ ∃owns.Company
Every library is both a publication and a patient.,Library ⊑ Publication ⊓ Patient
Whatever is both a software and a doctor reads a machine.,Software ⊓ Doctor ⊑ ∃reads.Machine
All students are doctors.,Student ⊑ Doctor
Every scientist attends only students.,Scientist ⊑ ∀attends.Student
Every music that reads a bank is a software.,Music ⊓ ∃reads.Bank ⊑ Software
Every company is both a product and a machine.,Company ⊑ Product ⊓ Machine
A course is neither a bank nor a order.,Course ⊑ ¬(Bank ⊔ Order)
All cats are projects as well as vehicles.,Cat ⊑ Project ⊓ Vehicle
A customer is always a patient.,Customer ⊑ Patient
Anything that buys only teachers.,∀buys.Teacher
"If a researcher operates anything, it must be a customer.",Researcher ⊑ ∀operates.Customer
A artist or a engineer.,Artist ⊔ Engineer
A account and a manager.,Account ⊓ Manager
Every car is both a organization and a doctor.,Car ⊑ Organization ⊓ Doctor
Every company knows at least one service.,Company ⊑ ∃knows.Service
Nothing that is a food is a plant.,Food ⊑ ¬Plant
All musics are banks as well as librarys.,Music ⊑ Bank ⊓ Library
Anything that designs only courses.,∀designs.Course
Every customer is both a course and a service.,Customer ⊑ Course ⊓ Service
Every bank is a hardware that creates at least one car.,Bank ⊑ Hardware ⊓ ∃creates.Car
Every teacher is either a employee or a car.,Teacher ⊑ Employee ⊔ Car
Every company develops at least one manager.,Company ⊑ ∃develops.Manager
Whatever is both a account and a dog funds a vehicle.,Account ⊓ Dog ⊑ ∃funds.Vehicle
Anything that treats a music.,∃treats.Music
All hardwares are publications as well as citys.,Hardware ⊑ Publication ⊓ City
All suppliers are machines as well as orders.,Supplier ⊑ Machine ⊓ Order
Every hospital is both a publication and a university.,Hospital ⊑ Publication ⊓ University
A employee is neither a researcher nor a project.,Employee ⊑ ¬(Researcher ⊔ Project)
Nothing that is a library is a order.,Library ⊑ ¬Order
Every customer uses at least one scientist.,Customer ⊑ ∃uses.Scientist
All librarys are hardwares as well as persons.,Library ⊑ Hardware ⊓ Person
No library is a software.,Library ⊑ ¬Software
Every order is either a researcher or a organization.,Order ⊑ Researcher ⊔ Organization
Each person uses a transaction.,Person ⊑ ∃uses.Transaction
A department is neither a university nor a patient.,Department ⊑ ¬(University ⊔ Patient)
A artist or a university.,Artist ⊔ University
A food cannot be a course.,Food ⊑ ¬Course
Every scientist is a dog.,Scientist ⊑ Dog
No food is a animal.,Food ⊑ ¬Animal
Every transaction is both a device and a doctor.,Transaction ⊑ Device ⊓ Doctor
Every manager treats only things that are either a software or a publication.,Manager ⊑ ∀treats.(Software ⊔ Publication)
Every building is a hardware that is located in only courses.,Building ⊑ Hardware ⊓ ∀locatedIn.Course
Every scientist operates only orders.,Scientist ⊑ ∀operates.Order
A transaction is neither a bank nor a book.,Transaction ⊑ ¬(Bank ⊔ Book)
A supplier or a movie.,Supplier ⊔ Movie
Each school owns a product.,School ⊑ ∃owns.Product
Every student is both a manager and a cat.,Student ⊑ Manager ⊓ Cat
"If a car works for anything, it must be a machine.",Car ⊑ ∀worksFor.Machine
Every artist that works for a employee is a car.,Artist ⊓ ∃worksFor.Employee ⊑ Car
Whatever is both a teacher and a cat uses a manager.,Teacher ⊓ Cat ⊑ ∃uses.Manager
Every hospital is both a company and a movie.,Hospital ⊑ Company ⊓ Movie
"If a publication develops anything, it must be a transaction.",Publication ⊑ ∀develops.Transaction
Anything that attends a building.,∃attends.Building
No patient is a movie.,Patient ⊑ ¬Movie
A invoice is something that teaches a service.,Invoice ⊑ ∃teaches.Service
Every music is a patient that supervises only employees.,Music ⊑ Patient ⊓ ∀supervises.Employee
Every cat that attends only patients is a city.,Cat ⊓ ∀attends.Patient ⊑ City
A software and a product.,Software ⊓ Product
Nothing that is a company is a service.,Company ⊑ ¬Service
Each hardware funds a patient.,Hardware ⊑ ∃funds.Patient
"If a person authors anything, it must be a doctor.",Person ⊑ ∀authors.Doctor
A hospital is something that supervises a building.,Hospital ⊑ ∃supervises.Building
Whatever is both a employee and a course has child a customer.,Employee ⊓ Course ⊑ ∃hasChild.Customer
Every country reads at least one service.,Country ⊑ ∃reads.Service
Every transaction that delivers a hardware is a movie.,Transaction ⊓ ∃delivers.Hardware ⊑ Movie
Anything that attends a book.,∃attends.Book
All machines are softwares.,Machine ⊑ Software
Every building is either a employee or a machine.,Building ⊑ Employee ⊔ Machine
Anything that uses a school also uses a course.,∃uses.School ⊑ ∃uses.Course
A department is always a manager.,Department ⊑ Manager
Every city is a supplier that develops only researchers.,City ⊑ Supplier ⊓ ∀develops.Researcher
Every teacher is both a machine and a scientist.,Teacher ⊑ Machine ⊓ Scientist
A invoice is always a movie.,Invoice ⊑ Movie
Every dog creates only countrys.,Dog ⊑ ∀creates.Country
Every dog that supervises a city is a country.,Dog ⊓ ∃supervises.City ⊑ Country
A movie cannot be a music.,Movie ⊑ ¬Music
Every service is either a manager or a person.,Service ⊑ Manager ⊔ Person
A patient attends exclusively managers.,Patient ⊑ ∀attends.Manager
Every country works for only publications.,Country ⊑ ∀worksFor.Publication
Whatever is both a city and a food authors a organization.,City ⊓ Food ⊑ ∃authors.Organization
Each software maintains a account.,Software ⊑ ∃maintains.Account
Every music creates something that is both a school and a person.,Music ⊑ ∃creates.(School ⊓ Person)
Every hardware manages only things that are either a animal or a movie.,Hardware ⊑ ∀manages.(Animal ⊔ Movie)
Whatever is both a publication and a country manages a researcher.,Publication ⊓ Country ⊑ ∃manages.Researcher
Every hardware that produces only projects is a company.,Hardware ⊓ ∀produces.Project ⊑ Company
Anything that attends only accounts.,∀attends.Account
Every artist is a country that sells only universitys.,Artist ⊑ Country ⊓ ∀sells.University
All artists are employees as well as doctors.,Artist ⊑ Employee ⊓ Doctor
Every company likes only things that are either a teacher or a person.,Company ⊑ ∀likes.(Teacher ⊔ Person)
A publication is neither a artist nor a country.,Publication ⊑ ¬(Artist ⊔ Country)
Every product that reads only hardwares is a account.,Product ⊓ ∀reads.Hardware ⊑ Account
"If a person delivers anything, it must be a researcher.",Person ⊑ ∀delivers.Researcher
Whatever is both a project and a software knows a teacher.,Project ⊓ Software ⊑ ∃knows.Teacher
A hardware treats exclusively projects.,Hardware ⊑ ∀treats.Project
All animals are foods.,Animal ⊑ Food
A library and a city.,Library ⊓ City
All engineers are defined as a hardware or a invoice.,Engineer ⊑ Hardware ⊔ Invoice
A city cannot be a course.,City ⊑ ¬Course
Every department is a cat.,Department ⊑ Cat
Anything that delivers a city also delivers a company.,∃delivers.City ⊑ ∃delivers.Company
No customer is a teacher.,Customer ⊑ ¬Teacher
A service and a plant.,Service ⊓ Plant
Every book is both a student and a movie.,Book ⊑ Student ⊓ Movie
Every plant is either a company or a manager.,Plant ⊑ Company ⊔ Manager
Every supplier likes only librarys.,Supplier ⊑ ∀likes.Library
Every researcher is a country.,Researcher ⊑ Country
All scientists are teachers as well as patients.,Scientist ⊑ Teacher ⊓ Patient
All orders are defined as a transaction or a dog.,Order ⊑ Transaction ⊔ Dog
Every researcher attends only customers.,Researcher ⊑ ∀attends.Customer
All orders are teachers as well as accounts.,Order ⊑ Teacher ⊓ Account
Every software designs only librarys.,Software ⊑ ∀designs.Library
Every movie that reads only books is a food.,Movie ⊓ ∀reads.Book ⊑ Food
A movie is always a cat.,Movie ⊑ Cat
Every researcher is a transaction that uses only animals.,Researcher ⊑ Transaction ⊓ ∀uses.Animal
A movie or a invoice.,Movie ⊔ Invoice
Every organization that attends a hardware is a publication.,Organization ⊓ ∃attends.Hardware ⊑ Publication
A movie is something that designs a customer.,Movie ⊑ ∃designs.Customer
Whatever is both a department and a engineer produces a device.,Department ⊓ Engineer ⊑ ∃produces.Device
Every hardware produces at least one person.,Hardware ⊑ ∃produces.Person
A order and a machine.,Order ⊓ Machine
Every library is either a service or a product.,Library ⊑ Service ⊔ Product
Every building works for only courses.,Building ⊑ ∀worksFor.Course
A university or a movie.,University ⊔ Movie
Every library is either a doctor or a city.,Library ⊑ Doctor ⊔ City
Every student is both a book and a project.,Student ⊑ Book ⊓ Project
Every manager is both a building and a engineer.,Manager ⊑ Building ⊓ Engineer
A artist is something that delivers a device.,Artist ⊑ ∃delivers.Device
Every customer that owns a hospital is a supplier.,Customer ⊓ ∃owns.Hospital ⊑ Supplier
A music cannot be a bank.,Music ⊑ ¬Bank
A order is neither a car nor a department.,Order ⊑ ¬(Car ⊔ Department)
Every service owns only employees.,Service ⊑ ∀owns.Employee
Anything that buys a researcher also buys a service.,∃buys.Researcher ⊑ ∃buys.Service
Every school is a hardware that likes only scientists.,School ⊑ Hardware ⊓ ∀likes.Scientist
A product is neither a engineer nor a transaction.,Product ⊑ ¬(Engineer ⊔ Transaction)
A hardware is something that designs a product.,Hardware ⊑ ∃designs.Product
Anything that owns a building also owns a product.,∃owns.Building ⊑ ∃owns.Product
Every artist sells only things that are either a company or a school.,Artist ⊑ ∀sells.(Company ⊔ School)
Every city is a company that works for at least one product.,City ⊑ Company ⊓ ∃worksFor.Product
Every organization that likes a city is a company.,Organization ⊓ ∃likes.City ⊑ Company
Every publication is either a software or a doctor.,Publication ⊑ Software ⊔ Doctor
Every project is both a customer and a bank.,Project ⊑ Customer ⊓ Bank
A manager and a invoice.,Manager ⊓ Invoice
Each invoice reads a employee.,Invoice ⊑ ∃reads.Employee
Every machine develops at least one bank.,Machine ⊑ ∃develops.Bank
Every building produces at least one person.,Building ⊑ ∃produces.Person
A customer is neither a invoice nor a software.,Customer ⊑ ¬(Invoice ⊔ Software)
Every software that sells only scientists is a car.,Software ⊓ ∀sells.Scientist ⊑ Car
Every hospital is both a company and a order.,Hospital ⊑ Company ⊓ Order
Every cat supervises at least one movie.,Cat ⊑ ∃supervises.Movie
Every course that maintains only services is a publication.,Course ⊓ ∀maintains.Service ⊑ Publication
"If a student develops anything, it must be a supplier.",Student ⊑ ∀develops.Supplier
Every student is a doctor that reads only musics.,Student ⊑ Doctor ⊓ ∀reads.Music
A service cannot be a department.,Service ⊑ ¬Department
Every dog likes at least one vehicle.,Dog ⊑ ∃likes.Vehicle
Every invoice is either a customer or a company.,Invoice ⊑ Customer ⊔ Company
Every doctor designs only things that are either a building or a student.,Doctor ⊑ ∀designs.(Building ⊔ Student)
"If a employee funds anything, it must be a plant.",Employee ⊑ ∀funds.Plant
A music is always a teacher.,Music ⊑ Teacher
A student and a engineer.,Student ⊓ Engineer
A building cannot be a movie.,Building ⊑ ¬Movie
A service and a bank.,Service ⊓ Bank
Nothing that is a scientist is a account.,Scientist ⊑ ¬Account
A patient or a machine.,Patient ⊔ Machine
A library delivers exclusively customers.,Library ⊑ ∀delivers.Customer
A manager and a machine.,Manager ⊓ Machine
Every animal is both a patient and a bank.,Animal ⊑ Patient ⊓ Bank
Anything that knows only devices.,∀knows.Device
"If a order works for anything, it must be a movie.",Order ⊑ ∀worksFor.Movie
Every music reads only cats.,Music ⊑ ∀reads.Cat
Every hospital knows only things that are either a patient or a order.,Hospital ⊑ ∀knows.(Patient ⊔ Order)
Every service is a account that reads at least one project.,Service ⊑ Account ⊓ ∃reads.Project
Nothing that is a transaction is a school.,Transaction ⊑ ¬School
Anything that reads only buildings.,∀reads.Building
Every transaction likes only things that are either a machine or a company.,Transaction ⊑ ∀likes.(Machine ⊔ Company)
Anything that buys a city also buys a doctor.,∃buys.City ⊑ ∃buys.Doctor
Every engineer is both a service and a device.,Engineer ⊑ Service ⊓ Device
Every cat likes at least one student.,Cat ⊑ ∃likes.Student
Nothing that is a hospital is a vehicle.,Hospital ⊑ ¬Vehicle
Every bank is either a company or a scientist.,Bank ⊑ Company ⊔ Scientist
"If a person works for anything, it must be a school.",Person ⊑ ∀worksFor.School
Every hospital is both a transaction and a invoice.,Hospital ⊑ Transaction ⊓ Invoice
A city is neither a bank nor a building.,City ⊑ ¬(Bank ⊔ Building)
Every hospital that works for a product is a student.,Hospital ⊓ ∃worksFor.Product ⊑ Student
A car or a supplier.,Car ⊔ Supplier
A movie or a machine.,Movie ⊔ Machine
"If a school designs anything, it must be a plant.",School ⊑ ∀designs.Plant
"If a cat buys anything, it must be a plant.",Cat ⊑ ∀buys.Plant
All cars are animals as well as countrys.,Car ⊑ Animal ⊓ Country
Every book that designs only dogs is a researcher.,Book ⊓ ∀designs.Dog ⊑ Researcher
"If a bank attends anything, it must be a department.",Bank ⊑ ∀attends.Department
Every building that develops only companys is a transaction.,Building ⊓ ∀develops.Company ⊑ Transaction
A school is neither a scientist nor a organization.,School ⊑ ¬(Scientist ⊔ Organization)
Every book knows only things that are either a organization or a car.,Book ⊑ ∀knows.(Organization ⊔ Car)
Nothing that is a animal is a person.,Animal ⊑ ¬Person
A company cannot be a teacher.,Company ⊑ ¬Teacher
A bank or a publication.,Bank ⊔ Publication
No person is a device.,Person ⊑ ¬Device
Anything that teaches a cat.,∃teaches.Cat
All managers are buildings as well as researchers.,Manager ⊑ Building ⊓ Researcher
Anything that creates a device.,∃creates.Device
All projects are devices.,Project ⊑ Device
Every invoice is both a researcher and a hardware.,Invoice ⊑ Researcher ⊓ Hardware
Anything that supervises only cars.,∀supervises.Car
Each product reads a animal.,Product ⊑ ∃reads.Animal
A device or a engineer.,Device ⊔ Engineer
Every patient that attends only vehicles is a artist.,Patient ⊓ ∀attends.Vehicle ⊑ Artist
All courses are movies as well as doctors.,Course ⊑ Movie ⊓ Doctor
Nothing that is a hardware is a manager.,Hardware ⊑ ¬Manager
A product is something that sells a bank.,Product ⊑ ∃sells.Bank
A teacher or a car.,Teacher ⊔ Car
A bank or a service.,Bank ⊔ Service
Every machine is both a country and a artist.,Machine ⊑ Country ⊓ Artist
Every book operates something that is both a order and a researcher.,Book ⊑ ∃operates.(Order ⊓ Researcher)
Every company is both a music and a project.,Company ⊑ Music ⊓ Project
A employee is always a course.,Employee ⊑ Course
Every device that manages only organizations is a product.,Device ⊓ ∀manages.Organization ⊑ Product
Each bank is located in a animal.,Bank ⊑ ∃locatedIn.Animal
Every software works for only hospitals.,Software ⊑ ∀worksFor.Hospital
Anything that maintains only orders.,∀maintains.Order
All cars are students as well as doctors.,Car ⊑ Student ⊓ Doctor
Every device creates only things that are either a machine or a student.,Device ⊑ ∀creates.(Machine ⊔ Student)
Every company authors only things that are either a device or a teacher.,Company ⊑ ∀authors.(Device ⊔ Teacher)
Anything that is located in a music.,∃locatedIn.Music
Nothing that is a machine is a order.,Machine ⊑ ¬Order
A building is always a plant.,Building ⊑ Plant
Every course is either a movie or a patient.,Course ⊑ Movie ⊔ Patient
A bank is something that creates a hospital.,Bank ⊑ ∃creates.Hospital
Every hardware works for at least one teacher.,Hardware ⊑ ∃worksFor.Teacher
Every researcher is either a country or a dog.,Researcher ⊑ Country ⊔ Dog
Anything that operates a university also operates a person.,∃operates.University ⊑ ∃operates.Person
Each invoice uses a employee.,Invoice ⊑ ∃uses.Employee
All artists are defined as a engineer or a hospital.,Artist ⊑ Engineer ⊔ Hospital
A employee is neither a vehicle nor a company.,Employee ⊑ ¬(Vehicle ⊔ Company)
A organization cannot be a product.,Organization ⊑ ¬Product
No student is a artist.,Student ⊑ ¬Artist
Every course that has child a animal is a hardware.,Course ⊓ ∃hasChild.Animal ⊑ Hardware
"If a invoice manages anything, it must be a doctor.",Invoice ⊑ ∀manages.Doctor
Each researcher sells a music.,Researcher ⊑ ∃sells.Music
Every organization that is located in a university is a account.,Organization ⊓ ∃locatedIn.University ⊑ Account
A building is something that operates a city.,Building ⊑ ∃operates.City
A customer cannot be a book.,Customer ⊑ ¬Book
Every publication that reads only managers is a company.,Publication ⊓ ∀reads.Manager ⊑ Company
Every person is either a university or a company.,Person ⊑ University ⊔ Company
Every animal that sells only machines is a movie.,Animal ⊓ ∀sells.Machine ⊑ Movie
Anything that sells a project also sells a product.,∃sells.Project ⊑ ∃sells.Product
All softwares are defined as a cat or a hardware.,Software ⊑ Cat ⊔ Hardware
Each dog owns a book.,Dog ⊑ ∃owns.Book
A customer teaches exclusively cars.,Customer ⊑ ∀teaches.Car
Every customer is either a building or a account.,Customer ⊑ Building ⊔ Account
Every music is a project that teaches only hospitals.,Music ⊑ Project ⊓ ∀teaches.Hospital
A university cannot be a machine.,University ⊑ ¬Machine
Anything that buys a product also buys a patient.,∃buys.Product ⊑ ∃buys.Patient
Every transaction is a project.,Transaction ⊑ Project
A manager cannot be a building.,Manager ⊑ ¬Building
Anything that works for only suppliers.,∀worksFor.Supplier
Anything that supervises a cat also supervises a library.,∃supervises.Cat ⊑ ∃supervises.Library
Every hospital is either a artist or a account.,Hospital ⊑ Artist ⊔ Account
All engineers are managers.,Engineer ⊑ Manager
Every organization is a car that reads only doctors.,Organization ⊑ Car ⊓ ∀reads.Doctor
No artist is a account.,Artist ⊑ ¬Account
Nothing that is a bank is a animal.,Bank ⊑ ¬Animal
Every plant is either a employee or a organization.,Plant ⊑ Employee ⊔ Organization
A project is something that reads a city.,Project ⊑ ∃reads.City
A library authors exclusively departments.,Library ⊑ ∀authors.Department
A engineer is always a customer.,Engineer ⊑ Customer
Anything that buys a project.,∃buys.Project
Every country is a service that has child at least one movie.,Country ⊑ Service ⊓ ∃hasChild.Movie
Whatever is both a service and a organization operates a library.,Service ⊓ Organization ⊑ ∃operates.Library
Nothing that is a manager is a product.,Manager ⊑ ¬Product
A artist or a order.,Artist ⊔ Order
Each animal sells a book.,Animal ⊑ ∃sells.Book
No city is a customer.,City ⊑ ¬Customer
A organization creates exclusively banks.,Organization ⊑ ∀creates.Bank
Every company creates at least one person.,Company ⊑ ∃creates.Person
A employee is neither a scientist nor a hospital.,Employee ⊑ ¬(Scientist ⊔ Hospital)
A car is neither a scientist nor a plant.,Car ⊑ ¬(Scientist ⊔ Plant)
Every book is a engineer that creates at least one country.,Book ⊑ Engineer ⊓ ∃creates.Country
A transaction is neither a movie nor a library.,Transaction ⊑ ¬(Movie ⊔ Library)
Every patient is a artist that teaches at least one music.,Patient ⊑ Artist ⊓ ∃teaches.Music
A product or a teacher.,Product ⊔ Teacher
Every publication that likes only doctors is a organization.,Publication ⊓ ∀likes.Doctor ⊑ Organization
Every invoice that treats only departments is a book.,Invoice ⊓ ∀treats.Department ⊑ Book
Every software uses something that is both a food and a school.,Software ⊑ ∃uses.(Food ⊓ School)
All buildings are courses as well as countrys.,Building ⊑ Course ⊓ Country
Every cat that works for only researchers is a service.,Cat ⊓ ∀worksFor.Researcher ⊑ Service
A car cannot be a library.,Car ⊑ ¬Library
Every hardware supervises at least one food.,Hardware ⊑ ∃supervises.Food
Every country is a software.,Country ⊑ Software
All machines are defined as a library or a country.,Machine ⊑ Library ⊔ Country
Every artist creates only things that are either a food or a patient.,Artist ⊑ ∀creates.(Food ⊔ Patient)
Every engineer is both a building and a student.,Engineer ⊑ Building ⊓ Student
Every music is either a engineer or a car.,Music ⊑ Engineer ⊔ Car
Every service is a bank that funds at least one animal.,Service ⊑ Bank ⊓ ∃funds.Animal
A researcher is something that teaches a publication.,Researcher ⊑ ∃teaches.Publication
A hospital or a researcher.,Hospital ⊔ Researcher
Whatever is both a software and a publication buys a customer.,Software ⊓ Publication ⊑ ∃buys.Customer
All softwares are defined as a movie or a bank.,Software ⊑ Movie ⊔ Bank
A transaction funds exclusively projects.,Transaction ⊑ ∀funds.Project
No hospital is a engineer.,Hospital ⊑ ¬Engineer
All banks are foods.,Bank ⊑ Food
Each city creates a food.,City ⊑ ∃creates.Food
All plants are defined as a software or a music.,Plant ⊑ Software ⊔ Music
Every company buys at least one book.,Company ⊑ ∃buys.Book
A movie is always a vehicle.,Movie ⊑ Vehicle
Anything that owns only employees.,∀owns.Employee
A device cannot be a vehicle.,Device ⊑ ¬Vehicle
A machine and a vehicle.,Machine ⊓ Vehicle
A project is neither a scientist nor a person.,Project ⊑ ¬(Scientist ⊔ Person)
Anything that is located in a project also is located in a publication.,∃locatedIn.Project ⊑ ∃locatedIn.Publication
Every department has child something that is both a researcher and a movie.,Department ⊑ ∃hasChild.(Researcher ⊓ Movie)
A person cannot be a plant.,Person ⊑ ¬Plant
Every country is either a student or a department.,Country ⊑ Student ⊔ Department
A invoice cannot be a school.,Invoice ⊑ ¬School
A building is always a product.,Building ⊑ Product
A patient owns exclusively products.,Patient ⊑ ∀owns.Product
Anything that uses only transactions.,∀uses.Transaction
A service or a music.,Service ⊔ Music
Anything that manages a order.,∃manages.Order
Anything that works for a product.,∃worksFor.Product
Every manager is either a scientist or a project.,Manager ⊑ Scientist ⊔ Project
All machines are engineers as well as artists.,Machine ⊑ Engineer ⊓ Artist
Every dog that uses a customer is a scientist.,Dog ⊓ ∃uses.Customer ⊑ Scientist
A service or a university.,Service ⊔ University
No bank is a researcher.,Bank ⊑ ¬Researcher
Whatever is both a hardware and a transaction reads a vehicle.,Hardware ⊓ Transaction ⊑ ∃reads.Vehicle
Each car buys a invoice.,Car ⊑ ∃buys.Invoice
Every invoice likes at least one transaction.,Invoice ⊑ ∃likes.Transaction
A dog is something that knows a movie.,Dog ⊑ ∃knows.Movie
A library cannot be a building.,Library ⊑ ¬Building
Every doctor designs only things that are either a order or a patient.,Doctor ⊑ ∀designs.(Order ⊔ Patient)
Every food that teaches only publications is a hardware.,Food ⊓ ∀teaches.Publication ⊑ Hardware
A hardware manages exclusively cats.,Hardware ⊑ ∀manages.Cat
A plant is something that designs a movie.,Plant ⊑ ∃designs.Movie
All organizations are scientists.,Organization ⊑ Scientist
No device is a university.,Device ⊑ ¬University
Every building is a car that knows only patients.,Building ⊑ Car ⊓ ∀knows.Patient
Anything that is located in a hardware also is located in a food.,∃locatedIn.Hardware ⊑ ∃locatedIn.Food
A car maintains exclusively orders.,Car ⊑ ∀maintains.Order
Anything that has child only musics.,∀hasChild.Music
Anything that has child only banks.,∀hasChild.Bank
Nothing that is a company is a bank.,Company ⊑ ¬Bank
All projects are defined as a person or a department.,Project ⊑ Person ⊔ Department
Every supplier is a manager that designs only projects.,Supplier ⊑ Manager ⊓ ∀designs.Project
Every student is a doctor that attends at least one school.,Student ⊑ Doctor ⊓ ∃attends.School
Every invoice authors at least one service.,Invoice ⊑ ∃authors.Service
All dogs are defined as a animal or a transaction.,Dog ⊑ Animal ⊔ Transaction
Anything that authors only employees.,∀authors.Employee
A engineer is neither a employee nor a library.,Engineer ⊑ ¬(Employee ⊔ Library)
All orders are products as well as movies.,Order ⊑ Product ⊓ Movie
Anything that attends only invoices.,∀attends.Invoice
A university is neither a researcher nor a plant.,University ⊑ ¬(Researcher ⊔ Plant)
No organization is a library.,Organization ⊑ ¬Library
Every movie owns only animals.,Movie ⊑ ∀owns.Animal
Every scientist attends at least one employee.,Scientist ⊑ ∃attends.Employee
A vehicle or a publication.,Vehicle ⊔ Publication
Every hospital is either a researcher or a person.,Hospital ⊑ Researcher ⊔ Person
A department is something that operates a publication.,Department ⊑ ∃operates.Publication
Every car that creates a university is a hardware.,Car ⊓ ∃creates.University ⊑ Hardware
Every plant designs something that is both a manager and a supplier.,Plant ⊑ ∃designs.(Manager ⊓ Supplier)
All orders are students.,Order ⊑ Student
Anything that develops a dog also develops a device.,∃develops.Dog ⊑ ∃develops.Device
Every account produces at least one artist.,Account ⊑ ∃produces.Artist
No supplier is a student.,Supplier ⊑ ¬Student
Every engineer knows something that is both a service and a bank.,Engineer ⊑ ∃knows.(Service ⊓ Bank)
A order is always a patient.,Order ⊑ Patient
A supplier supervises exclusively schools.,Supplier ⊑ ∀supervises.School
Anything that likes a animal also likes a cat.,∃likes.Animal ⊑ ∃likes.Cat
A course is neither a manager nor a university.,Course ⊑ ¬(Manager ⊔ University)
No school is a university.,School ⊑ ¬University
All projects are defined as a transaction or a music.,Project ⊑ Transaction ⊔ Music
No project is a country.,Project ⊑ ¬Country
Anything that authors only musics.,∀authors.Music
A artist is neither a hospital nor a service.,Artist ⊑ ¬(Hospital ⊔ Service)
A machine is neither a product nor a library.,Machine ⊑ ¬(Product ⊔ Library)
Every artist is a engineer that funds at least one dog.,Artist ⊑ Engineer ⊓ ∃funds.Dog
Every manager is either a project or a product.,Manager ⊑ Project ⊔ Product
Each artist develops a animal.,Artist ⊑ ∃develops.Animal
All plants are universitys.,Plant ⊑ University
Each product knows a teacher.,Product ⊑ ∃knows.Teacher
Every organization works for only things that are either a manager or a music.,Organization ⊑ ∀worksFor.(Manager ⊔ Music)
Anything that buys only universitys.,∀buys.University
A hardware develops exclusively teachers.,Hardware ⊑ ∀develops.Teacher
Every book is a dog that sells at least one scientist.,Book ⊑ Dog ⊓ ∃sells.Scientist
Every project manages only employees.,Project ⊑ ∀manages.Employee
Every cat uses something that is both a account and a doctor.,Cat ⊑ ∃uses.(Account ⊓ Doctor)
Every department is a teacher that delivers at least one city.,Department ⊑ Teacher ⊓ ∃delivers.City
Each product authors a school.,Product ⊑ ∃authors.School
All customers are defined as a food or a organization.,Customer ⊑ Food ⊔ Organization
A cat is neither a library nor a scientist.,Cat ⊑ ¬(Library ⊔ Scientist)
Every artist works for something that is both a music and a cat.,Artist ⊑ ∃worksFor.(Music ⊓ Cat)
Every library is either a patient or a hardware.,Library ⊑ Patient ⊔ Hardware
A country or a transaction.,Country ⊔ Transaction
Anything that develops a project also develops a cat.,∃develops.Project ⊑ ∃develops.Cat
Every project is a plant that funds only animals.,Project ⊑ Plant ⊓ ∀funds.Animal
Every movie that maintains a supplier is a publication.,Movie ⊓ ∃maintains.Supplier ⊑ Publication
Every doctor that supervises a animal is a hardware.,Doctor ⊓ ∃supervises.Animal ⊑ Hardware
Every cat is a publication that delivers at least one movie.,Cat ⊑ Publication ⊓ ∃delivers.Movie
Every library funds only things that are either a school or a doctor.,Library ⊑ ∀funds.(School ⊔ Doctor)
Every order is a university that has child only foods.,Order ⊑ University ⊓ ∀hasChild.Food
All vehicles are defined as a animal or a department.,Vehicle ⊑ Animal ⊔ Department
A hospital is neither a book nor a car.,Hospital ⊑ ¬(Book ⊔ Car)
A manager cannot be a organization.,Manager ⊑ ¬Organization
A software is neither a school nor a teacher.,Software ⊑ ¬(School ⊔ Teacher)
Every scientist is either a engineer or a publication.,Scientist ⊑ Engineer ⊔ Publication
A course cannot be a department.,Course ⊑ ¬Department
Every course teaches something that is both a transaction and a product.,Course ⊑ ∃teaches.(Transaction ⊓ Product)
A food is something that owns a library.,Food ⊑ ∃owns.Library
Each engineer owns a organization.,Engineer ⊑ ∃owns.Organization
"If a city attends anything, it must be a animal.",City ⊑ ∀attends.Animal
All products are defined as a library or a device.,Product ⊑ Library ⊔ Device
A organization is neither a customer nor a university.,Organization ⊑ ¬(Customer ⊔ University)
A course is something that treats a book.,Course ⊑ ∃treats.Book
Anything that sells a country also sells a employee.,∃sells.Country ⊑ ∃sells.Employee
Anything that delivers a food also delivers a hardware.,∃delivers.Food ⊑ ∃delivers.Hardware
Anything that works for a school also works for a researcher.,∃worksFor.School ⊑ ∃worksFor.Researcher
A course is neither a company nor a product.,Course ⊑ ¬(Company ⊔ Product)
A order cannot be a doctor.,Order ⊑ ¬Doctor
Whatever is both a plant and a student teaches a invoice.,Plant ⊓ Student ⊑ ∃teaches.Invoice
Every university supervises at least one food.,University ⊑ ∃supervises.Food
A food is always a car.,Food ⊑ Car
No account is a music.,Account ⊑ ¬Music
A teacher cannot be a organization.,Teacher ⊑ ¬Organization
Every publication buys only things that are either a account or a building.,Publication ⊑ ∀buys.(Account ⊔ Building)
Anything that is located in only doctors.,∀locatedIn.Doctor
A project and a hardware.,Project ⊓ Hardware
Every order owns only researchers.,Order ⊑ ∀owns.Researcher
A researcher or a employee.,Researcher ⊔ Employee
Every engineer is a service that manages at least one manager.,Engineer ⊑ Service ⊓ ∃manages.Manager
Every hospital has child only things that are either a scientist or a software.,Hospital ⊑ ∀hasChild.(Scientist ⊔ Software)
Every university is a device that delivers at least one city.,University ⊑ Device ⊓ ∃delivers.City
A organization cannot be a order.,Organization ⊑ ¬Order
All invoices are defined as a city or a device.,Invoice ⊑ City ⊔ Device
Every movie is a doctor that knows only schools.,Movie ⊑ Doctor ⊓ ∀knows.School
A school is always a software.,School ⊑ Software
"If a student teaches anything, it must be a customer.",Student ⊑ ∀teaches.Customer
Every customer is a food that designs at least one country.,Customer ⊑ Food ⊓ ∃designs.Country
Every plant is a manager.,Plant ⊑ Manager
Every artist is a patient that designs only machines.,Artist ⊑ Patient ⊓ ∀designs.Machine
A cat is neither a publication nor a teacher.,Cat ⊑ ¬(Publication ⊔ Teacher)
"If a cat creates anything, it must be a music.",Cat ⊑ ∀creates.Music
Each bank authors a building.,Bank ⊑ ∃authors.Building
Every publication buys something that is both a manager and a account.,Publication ⊑ ∃buys.(Manager ⊓ Account)
All organizations are books.,Organization ⊑ Book
Whatever is both a teacher and a dog uses a animal.,Teacher ⊓ Dog ⊑ ∃uses.Animal
Every software teaches at least one building.,Software ⊑ ∃teaches.Building
A music is neither a book nor a organization.,Music ⊑ ¬(Book ⊔ Organization)
Anything that is located in a employee also is located in a music.,∃locatedIn.Employee ⊑ ∃locatedIn.Music
No food is a order.,Food ⊑ ¬Order
Each customer sells a cat.,Customer ⊑ ∃sells.Cat
Every hospital that is located in a food is a school.,Hospital ⊓ ∃locatedIn.Food ⊑ School
Every doctor works for something that is both a transaction and a order.,Doctor ⊑ ∃worksFor.(Transaction ⊓ Order)
A scientist is something that produces a department.,Scientist ⊑ ∃produces.Department
Every dog is either a patient or a doctor.,Dog ⊑ Patient ⊔ Doctor
A animal or a product.,Animal ⊔ Product
A course is something that knows a bank.,Course ⊑ ∃knows.Bank
Each teacher maintains a transaction.,Teacher ⊑ ∃maintains.Transaction
A company is something that works for a artist.,Company ⊑ ∃worksFor.Artist
Every artist is a supplier that uses only foods.,Artist ⊑ Supplier ⊓ ∀uses.Food
Every library treats something that is both a course and a student.,Library ⊑ ∃treats.(Course ⊓ Student)
Anything that teaches a scientist also teaches a library.,∃teaches.Scientist ⊑ ∃teaches.Library
A manager cannot be a city.,Manager ⊑ ¬City
All teachers are defined as a customer or a device.,Teacher ⊑ Customer ⊔ Device
A library cannot be a product.,Library ⊑ ¬Product
Each manager uses a device.,Manager ⊑ ∃uses.Device
All musics are defined as a supplier or a dog.,Music ⊑ Supplier ⊔ Dog
Every department is both a researcher and a student.,Department ⊑ Researcher ⊓ Student
Every customer is located in only hardwares.,Customer ⊑ ∀locatedIn.Hardware
A country is neither a account nor a product.,Country ⊑ ¬(Account ⊔ Product)
Anything that attends only banks.,∀attends.Bank
No publication is a manager.,Publication ⊑ ¬Manager
Whatever is both a account and a product creates a doctor.,Account ⊓ Product ⊑ ∃creates.Doctor
Anything that delivers a dog also delivers a movie.,∃delivers.Dog ⊑ ∃delivers.Movie
A hardware is always a software.,Hardware ⊑ Software
Anything that funds a course also funds a account.,∃funds.Course ⊑ ∃funds.Account
Nothing that is a food is a university.,Food ⊑ ¬University
A publication and a city.,Publication ⊓ City
All foods are defined as a hardware or a device.,Food ⊑ Hardware ⊔ Device
Every hardware works for something that is both a publication and a engineer.,Hardware ⊑ ∃worksFor.(Publication ⊓ Engineer)
A animal is always a supplier.,Animal ⊑ Supplier
Anything that works for a invoice.,∃worksFor.Invoice
A dog cannot be a music.,Dog ⊑ ¬Music
Each library treats a school.,Library ⊑ ∃treats.School
Whatever is both a hardware and a artist authors a machine.,Hardware ⊓ Artist ⊑ ∃authors.Machine
A publication is neither a order nor a university.,Publication ⊑ ¬(Order ⊔ University)
Every researcher produces only things that are either a school or a project.,Researcher ⊑ ∀produces.(School ⊔ Project)
Nothing that is a course is a dog.,Course ⊑ ¬Dog
All doctors are defined as a school or a organization.,Doctor ⊑ School ⊔ Organization
A artist and a hardware.,Artist ⊓ Hardware
Every animal is a engineer that works for at least one software.,Animal ⊑ Engineer ⊓ ∃worksFor.Software
Every music develops only courses.,Music ⊑ ∀develops.Course
A course cannot be a movie.,Course ⊑ ¬Movie
Whatever is both a scientist and a cat teaches a device.,Scientist ⊓ Cat ⊑ ∃teaches.Device
Every student funds only things that are either a doctor or a teacher.,Student ⊑ ∀funds.(Doctor ⊔ Teacher)
A device is neither a country nor a music.,Device ⊑ ¬(Country ⊔ Music)
A device is neither a invoice nor a engineer.,Device ⊑ ¬(Invoice ⊔ Engineer)
Every hospital is a artist.,Hospital ⊑ Artist
Every animal is a building that creates at least one city.,Animal ⊑ Building ⊓ ∃creates.City
Every animal delivers at least one service.,Animal ⊑ ∃delivers.Service
All courses are products.,Course ⊑ Product
Each vehicle treats a cat.,Vehicle ⊑ ∃treats.Cat
Every transaction is either a account or a dog.,Transaction ⊑ Account ⊔ Dog
Every publication operates at least one food.,Publication ⊑ ∃operates.Food
No dog is a city.,Dog ⊑ ¬City
All projects are products as well as citys.,Project ⊑ Product ⊓ City
All organizations are customers.,Organization ⊑ Customer
Every device is both a course and a dog.,Device ⊑ Course ⊓ Dog
Every hospital is either a book or a course.,Hospital ⊑ Book ⊔ Course
Each hospital works for a animal.,Hospital ⊑ ∃worksFor.Animal
Every university attends at least one service.,University ⊑ ∃attends.Service
A plant sells exclusively employees.,Plant ⊑ ∀sells.Employee
Anything that produces only librarys.,∀produces.Library
"If a person treats anything, it must be a patient.",Person ⊑ ∀treats.Patient
Whatever is both a country and a transaction supervises a food.,Country ⊓ Transaction ⊑ ∃supervises.Food
All employees are defined as a teacher or a supplier.,Employee ⊑ Teacher ⊔ Supplier
"If a book produces anything, it must be a food.",Book ⊑ ∀produces.Food
A customer is always a university.,Customer ⊑ University
All researchers are engineers as well as librarys.,Researcher ⊑ Engineer ⊓ Library
No supplier is a food.,Supplier ⊑ ¬Food
All scientists are defined as a project or a book.,Scientist ⊑ Project ⊔ Book
Every university delivers at least one teacher.,University ⊑ ∃delivers.Teacher
Every service is either a building or a school.,Service ⊑ Building ⊔ School
Anything that maintains only publications.,∀maintains.Publication
Every engineer is either a course or a supplier.,Engineer ⊑ Course ⊔ Supplier
Every animal uses only things that are either a machine or a cat.,Animal ⊑ ∀uses.(Machine ⊔ Cat)
Every university delivers only things that are either a software or a hospital.,University ⊑ ∀delivers.(Software ⊔ Hospital)
A animal knows exclusively buildings.,Animal ⊑ ∀knows.Building
Every invoice is either a library or a researcher.,Invoice ⊑ Library ⊔ Researcher
A transaction or a bank.,Transaction ⊔ Bank
Anything that develops only countrys.,∀develops.Country
A car develops exclusively transactions.,Car ⊑ ∀develops.Transaction
Anything that designs a school.,∃designs.School
Anything that owns only projects.,∀owns.Project
All devices are banks.,Device ⊑ Bank
Every product is a dog.,Product ⊑ Dog
A bank is something that uses a vehicle.,Bank ⊑ ∃uses.Vehicle
A engineer is neither a building nor a transaction.,Engineer ⊑ ¬(Building ⊔ Transaction)
Every publication that operates a school is a vehicle.,Publication ⊓ ∃operates.School ⊑ Vehicle
Every school is either a movie or a building.,School ⊑ Movie ⊔ Building
Every software is either a department or a service.,Software ⊑ Department ⊔ Service
"If a plant creates anything, it must be a library.",Plant ⊑ ∀creates.Library
Every bank is a country that sells at least one engineer.,Bank ⊑ Country ⊓ ∃sells.Engineer
A city and a company.,City ⊓ Company
Every account is both a animal and a organization.,Account ⊑ Animal ⊓ Organization
Every account that sells a hospital is a dog.,Account ⊓ ∃sells.Hospital ⊑ Dog
All companys are defined as a hardware or a transaction.,Company ⊑ Hardware ⊔ Transaction
No device is a library.,Device ⊑ ¬Library
Whatever is both a supplier and a plant produces a project.,Supplier ⊓ Plant ⊑ ∃produces.Project
All organizations are accounts.,Organization ⊑ Account
Each music attends a country.,Music ⊑ ∃attends.Country
A software and a company.,Software ⊓ Company
All engineers are publications as well as patients.,Engineer ⊑ Publication ⊓ Patient
A city uses exclusively employees.,City ⊑ ∀uses.Employee
Every employee is both a artist and a car.,Employee ⊑ Artist ⊓ Car
A cat is something that manages a account.,Cat ⊑ ∃manages.Account
Every publication is a person that authors only hardwares.,Publication ⊑ Person ⊓ ∀authors.Hardware
A music is something that produces a building.,Music ⊑ ∃produces.Building
Every employee is either a organization or a music.,Employee ⊑ Organization ⊔ Music
Every device is a car that designs at least one software.,Device ⊑ Car ⊓ ∃designs.Software
Every teacher that authors only departments is a invoice.,Teacher ⊓ ∀authors.Department ⊑ Invoice
All suppliers are hospitals.,Supplier ⊑ Hospital
Anything that produces a organization also produces a teacher.,∃produces.Organization ⊑ ∃produces.Teacher
A scientist produces exclusively patients.,Scientist ⊑ ∀produces.Patient
Each music sells a software.,Music ⊑ ∃sells.Software
Whatever is both a publication and a university is located in a service.,Publication ⊓ University ⊑ ∃locatedIn.Service
A researcher and a cat.,Researcher ⊓ Cat
Each music authors a country.,Music ⊑ ∃authors.Country
Every cat is a organization.,Cat ⊑ Organization
A book is neither a department nor a engineer.,Book ⊑ ¬(Department ⊔ Engineer)
Whatever is both a supplier and a order likes a university.,Supplier ⊓ Order ⊑ ∃likes.University
A supplier is always a movie.,Supplier ⊑ Movie
A building cannot be a dog.,Building ⊑ ¬Dog
All products are customers as well as citys.,Product ⊑ Customer ⊓ City
Every transaction is either a animal or a machine.,Transaction ⊑ Animal ⊔ Machine
Every country is a music.,Country ⊑ Music
Every researcher is both a employee and a movie.,Researcher ⊑ Employee ⊓ Movie
A course or a supplier.,Course ⊔ Supplier
Whatever is both a account and a animal manages a bank.,Account ⊓ Animal ⊑ ∃manages.Bank
Every organization is a food that owns at least one engineer.,Organization ⊑ Food ⊓ ∃owns.Engineer
Every project is both a publication and a building.,Project ⊑ Publication ⊓ Building
Every scientist that delivers only foods is a invoice.,Scientist ⊓ ∀delivers.Food ⊑ Invoice
"If a building attends anything, it must be a software.",Building ⊑ ∀attends.Software
A city is neither a library nor a scientist.,City ⊑ ¬(Library ⊔ Scientist)
Every product knows only schools.,Product ⊑ ∀knows.School
A device is always a researcher.,Device ⊑ Researcher
Whatever is both a university and a book operates a device.,University ⊓ Book ⊑ ∃operates.Device
A course cannot be a dog.,Course ⊑ ¬Dog
No library is a vehicle.,Library ⊑ ¬Vehicle
Anything that teaches a university.,∃teaches.University
Each publication buys a university.,Publication ⊑ ∃buys.University
A employee creates exclusively hardwares.,Employee ⊑ ∀creates.Hardware
Every animal supervises something that is both a transaction and a student.,Animal ⊑ ∃supervises.(Transaction ⊓ Student)
All machines are persons as well as vehicles.,Machine ⊑ Person ⊓ Vehicle
All orders are plants.,Order ⊑ Plant
"If a employee teaches anything, it must be a manager.",Employee ⊑ ∀teaches.Manager
A invoice or a department.,Invoice ⊔ Department
Every music that supervises only invoices is a food.,Music ⊓ ∀supervises.Invoice ⊑ Food
Each customer creates a doctor.,Customer ⊑ ∃creates.Doctor
Anything that knows a software also knows a publication.,∃knows.Software ⊑ ∃knows.Publication
No department is a software.,Department ⊑ ¬Software
A transaction cannot be a car.,Transaction ⊑ ¬Car
A service or a library.,Service ⊔ Library
A software is something that owns a customer.,Software ⊑ ∃owns.Customer
Each plant attends a project.,Plant ⊑ ∃attends.Project
Whatever is both a transaction and a researcher creates a teacher.,Transaction ⊓ Researcher ⊑ ∃creates.Teacher
A engineer is something that attends a student.,Engineer ⊑ ∃attends.Student
A patient is always a scientist.,Patient ⊑ Scientist
Anything that owns only accounts.,∀owns.Account
Every teacher that owns only suppliers is a product.,Teacher ⊓ ∀owns.Supplier ⊑ Product
"If a vehicle uses anything, it must be a employee.",Vehicle ⊑ ∀uses.Employee
A car or a transaction.,Car ⊔ Transaction
A scientist owns exclusively librarys.,Scientist ⊑ ∀owns.Library
A project or a movie.,Project ⊔ Movie
A animal is something that operates a company.,Animal ⊑ ∃operates.Company
A department reads exclusively artists.,Department ⊑ ∀reads.Artist
"If a hospital funds anything, it must be a employee.",Hospital ⊑ ∀funds.Employee
Every customer is a school that delivers only dogs.,Customer ⊑ School ⊓ ∀delivers.Dog
A invoice is something that supervises a project.,Invoice ⊑ ∃supervises.Project
Nothing that is a software is a building.,Software ⊑ ¬Building
A account or a project.,Account ⊔ Project
"If a invoice treats anything, it must be a hardware.",Invoice ⊑ ∀treats.Hardware
Every city likes at least one country.,City ⊑ ∃likes.Country
Every doctor is a product that works for at least one food.,Doctor ⊑ Product ⊓ ∃worksFor.Food
"If a transaction is located in anything, it must be a book.",Transaction ⊑ ∀locatedIn.Book
Every library works for at least one scientist.,Library ⊑ ∃worksFor.Scientist
A machine and a transaction.,Machine ⊓ Transaction
A building and a vehicle.,Building ⊓ Vehicle
Every vehicle is a book.,Vehicle ⊑ Book
A building is neither a city nor a bank.,Building ⊑ ¬(City ⊔ Bank)
Every vehicle that operates a supplier is a city.,Vehicle ⊓ ∃operates.Supplier ⊑ City
Every service is either a organization or a customer.,Service ⊑ Organization ⊔ Customer
Every plant is a animal that knows at least one country.,Plant ⊑ Animal ⊓ ∃knows.Country
Every hospital designs only services.,Hospital ⊑ ∀designs.Service
Anything that likes a vehicle.,∃likes.Vehicle
A teacher is something that designs a device.,Teacher ⊑ ∃designs.Device
A student cannot be a country.,Student ⊑ ¬Country
A transaction treats exclusively invoices.,Transaction ⊑ ∀treats.Invoice
A cat and a car.,Cat ⊓ Car
Every city funds only things that are either a hospital or a hardware.,City ⊑ ∀funds.(Hospital ⊔ Hardware)
Every cat is a country that designs only hospitals.,Cat ⊑ Country ⊓ ∀designs.Hospital
Every hospital is a service that designs at least one course.,Hospital ⊑ Service ⊓ ∃designs.Course
Every plant designs something that is both a course and a publication.,Plant ⊑ ∃designs.(Course ⊓ Publication)
"If a hospital funds anything, it must be a department.",Hospital ⊑ ∀funds.Department
All schools are teachers.,School ⊑ Teacher
All persons are invoices.,Person ⊑ Invoice
Every project is both a manager and a account.,Project ⊑ Manager ⊓ Account
A university and a service.,University ⊓ Service
Anything that sells only movies.,∀sells.Movie
Every hospital is a student that operates only persons.,Hospital ⊑ Student ⊓ ∀operates.Person
"If a invoice uses anything, it must be a person.",Invoice ⊑ ∀uses.Person
Every company that has child only softwares is a organization.,Company ⊓ ∀hasChild.Software ⊑ Organization
Every bank authors only librarys.,Bank ⊑ ∀authors.Library
No patient is a school.,Patient ⊑ ¬School
A engineer and a school.,Engineer ⊓ School
All foods are suppliers as well as doctors.,Food ⊑ Supplier ⊓ Doctor
Each device owns a city.,Device ⊑ ∃owns.City
A library or a doctor.,Library ⊔ Doctor
A teacher is neither a doctor nor a supplier.,Teacher ⊑ ¬(Doctor ⊔ Supplier)
Every hardware funds at least one building.,Hardware ⊑ ∃funds.Building
Every bank is a course.,Bank ⊑ Course
Anything that develops a order also develops a music.,∃develops.Order ⊑ ∃develops.Music
Anything that owns a patient also owns a school.,∃owns.Patient ⊑ ∃owns.School
A bank and a device.,Bank ⊓ Device
All managers are librarys.,Manager ⊑ Library
A movie likes exclusively teachers.,Movie ⊑ ∀likes.Teacher
Every vehicle is a machine.,Vehicle ⊑ Machine
Every supplier authors only things that are either a manager or a animal.,Supplier ⊑ ∀authors.(Manager ⊔ Animal)
A city creates exclusively devices.,City ⊑ ∀creates.Device
Whatever is both a software and a cat designs a customer.,Software ⊓ Cat ⊑ ∃designs.Customer
A bank cannot be a transaction.,Bank ⊑ ¬Transaction
Every plant that reads only employees is a patient.,Plant ⊓ ∀reads.Employee ⊑ Patient
Every scientist is both a manager and a cat.,Scientist ⊑ Manager ⊓ Cat
Anything that funds only dogs.,∀funds.Dog
All cars are products as well as hospitals.,Car ⊑ Product ⊓ Hospital
"If a customer creates anything, it must be a order.",Customer ⊑ ∀creates.Order
A movie maintains exclusively customers.,Movie ⊑ ∀maintains.Customer
A city or a account.,City ⊔ Account
All accounts are projects as well as customers.,Account ⊑ Project ⊓ Customer
A customer cannot be a dog.,Customer ⊑ ¬Dog
A person is always a animal.,Person ⊑ Animal
A company is neither a patient nor a publication.,Company ⊑ ¬(Patient ⊔ Publication)
Nothing that is a order is a product.,Order ⊑ ¬Product
Every invoice works for only patients.,Invoice ⊑ ∀worksFor.Patient
All scientists are defined as a hardware or a doctor.,Scientist ⊑ Hardware ⊔ Doctor
Every dog produces something that is both a customer and a person.,Dog ⊑ ∃produces.(Customer ⊓ Person)
A customer is something that operates a doctor.,Customer ⊑ ∃operates.Doctor
Whatever is both a city and a device authors a school.,City ⊓ Device ⊑ ∃authors.School
Every customer is a course that is located in only publications.,Customer ⊑ Course ⊓ ∀locatedIn.Publication
A company or a hospital.,Company ⊔ Hospital
Nothing that is a order is a company.,Order ⊑ ¬Company
Anything that owns a food.,∃owns.Food
Every artist that maintains only hospitals is a scientist.,Artist ⊓ ∀maintains.Hospital ⊑ Scientist
A service and a patient.,Service ⊓ Patient
Every supplier is a cat.,Supplier ⊑ Cat
Every cat funds something that is both a product and a order.,Cat ⊑ ∃funds.(Product ⊓ Order)
Anything that maintains only animals.,∀maintains.Animal
Every book that authors a building is a dog.,Book ⊓ ∃authors.Building ⊑ Dog
Every dog funds at least one organization.,Dog ⊑ ∃funds.Organization
Anything that supervises a city.,∃supervises.City
All researchers are suppliers as well as foods.,Researcher ⊑ Supplier ⊓ Food
A machine and a software.,Machine ⊓ Software
A hardware is neither a student nor a transaction.,Hardware ⊑ ¬(Student ⊔ Transaction)
Every vehicle that delivers a product is a organization.,Vehicle ⊓ ∃delivers.Product ⊑ Organization
A invoice is always a library.,Invoice ⊑ Library
Every animal is a city that creates at least one country.,Animal ⊑ City ⊓ ∃creates.Country
A account cannot be a order.,Account ⊑ ¬Order
Each scientist supervises a building.,Scientist ⊑ ∃supervises.Building
"If a university operates anything, it must be a bank.",University ⊑ ∀operates.Bank
All foods are banks.,Food ⊑ Bank
Every doctor is a patient that creates at least one city.,Doctor ⊑ Patient ⊓ ∃creates.City
Every plant is a course that maintains only musics.,Plant ⊑ Course ⊓ ∀maintains.Music
All devices are musics.,Device ⊑ Music
Every cat has child at least one order.,Cat ⊑ ∃hasChild.Order
No country is a car.,Country ⊑ ¬Car
Every hardware develops only machines.,Hardware ⊑ ∀develops.Machine
Every supplier is both a product and a food.,Supplier ⊑ Product ⊓ Food
A library is neither a machine nor a bank.,Library ⊑ ¬(Machine ⊔ Bank)
A plant cannot be a student.,Plant ⊑ ¬Student
A invoice or a doctor.,Invoice ⊔ Doctor
A plant cannot be a animal.,Plant ⊑ ¬Animal
Every vehicle knows something that is both a school and a building.,Vehicle ⊑ ∃knows.(School ⊓ Building)
Anything that delivers a product.,∃delivers.Product
Each dog teaches a manager.,Dog ⊑ ∃teaches.Manager
Every account likes something that is both a researcher and a student.,Account ⊑ ∃likes.(Researcher ⊓ Student)
Every patient is a library that designs at least one course.,Patient ⊑ Library ⊓ ∃designs.Course
Every hardware is both a school and a department.,Hardware ⊑ School ⊓ Department
Every service is either a hardware or a order.,Service ⊑ Hardware ⊔ Order
Every supplier authors something that is both a artist and a department.,Supplier ⊑ ∃authors.(Artist ⊓ Department)
Every movie is a order that has child at least one supplier.,Movie ⊑ Order ⊓ ∃hasChild.Supplier
Every engineer that develops only books is a product.,Engineer ⊓ ∀develops.Book ⊑ Product
A customer is something that attends a person.,Customer ⊑ ∃attends.Person
A company and a account.,Company ⊓ Account
No software is a department.,Software ⊑ ¬Department
A service and a researcher.,Service ⊓ Researcher
Anything that likes a hospital also likes a school.,∃likes.Hospital ⊑ ∃likes.School
Anything that develops only engineers.,∀develops.Engineer
No plant is a service.,Plant ⊑ ¬Service
Every library maintains only things that are either a account or a animal.,Library ⊑ ∀maintains.(Account ⊔ Animal)
A doctor likes exclusively librarys.,Doctor ⊑ ∀likes.Library
No city is a animal.,City ⊑ ¬Animal
All universitys are defined as a bank or a project.,University ⊑ Bank ⊔ Project
A scientist is something that supervises a publication.,Scientist ⊑ ∃supervises.Publication
A department is something that operates a hospital.,Department ⊑ ∃operates.Hospital
Every music that authors a department is a hardware.,Music ⊓ ∃authors.Department ⊑ Hardware
Anything that likes a publication.,∃likes.Publication
Every product knows only things that are either a engineer or a employee.,Product ⊑ ∀knows.(Engineer ⊔ Employee)
Every hospital is a publication.,Hospital ⊑ Publication
"If a university reads anything, it must be a music.",University ⊑ ∀reads.Music
Every hospital is a invoice that buys only accounts.,Hospital ⊑ Invoice ⊓ ∀buys.Account
Anything that has child a doctor.,∃hasChild.Doctor
Every car is located in something that is both a organization and a teacher.,Car ⊑ ∃locatedIn.(Organization ⊓ Teacher)
Every course is both a software and a organization.,Course ⊑ Software ⊓ Organization
A hospital manages exclusively hardwares.,Hospital ⊑ ∀manages.Hardware
A researcher knows exclusively companys.,Researcher ⊑ ∀knows.Company
"If a teacher operates anything, it must be a transaction.",Teacher ⊑ ∀operates.Transaction
A order and a patient.,Order ⊓ Patient
A teacher or a product.,Teacher ⊔ Product
Anything that owns a doctor also owns a product.,∃owns.Doctor ⊑ ∃owns.Product
A machine and a bank.,Machine ⊓ Bank
A vehicle cannot be a employee.,Vehicle ⊑ ¬Employee
"If a company authors anything, it must be a scientist.",Company ⊑ ∀authors.Scientist
Every device is either a account or a organization.,Device ⊑ Account ⊔ Organization
Anything that treats a university also treats a library.,∃treats.University ⊑ ∃treats.Library
A invoice is neither a employee nor a company.,Invoice ⊑ ¬(Employee ⊔ Company)
A bank cannot be a publication.,Bank ⊑ ¬Publication
Every dog that supervises a city is a library.,Dog ⊓ ∃supervises.City ⊑ Library
Anything that is located in a device.,∃locatedIn.Device
Every invoice is a customer that works for at least one product.,Invoice ⊑ Customer ⊓ ∃worksFor.Product
Every doctor is a supplier that designs at least one university.,Doctor ⊑ Supplier ⊓ ∃designs.University
All services are banks as well as foods.,Service ⊑ Bank ⊓ Food
Every transaction is either a machine or a person.,Transaction ⊑ Machine ⊔ Person
Every service that delivers only artists is a movie.,Service ⊓ ∀delivers.Artist ⊑ Movie
All suppliers are defined as a manager or a software.,Supplier ⊑ Manager ⊔ Software
A vehicle is something that likes a hospital.,Vehicle ⊑ ∃likes.Hospital
Every organization develops only things that are either a cat or a hardware.,Organization ⊑ ∀develops.(Cat ⊔ Hardware)
A device cannot be a hospital.,Device ⊑ ¬Hospital
A employee is neither a teacher nor a patient.,Employee ⊑ ¬(Teacher ⊔ Patient)
Every service authors something that is both a student and a researcher.,Service ⊑ ∃authors.(Student ⊓ Researcher)
Each service attends a person.,Service ⊑ ∃attends.Person
Every publication that authors a music is a animal.,Publication ⊓ ∃authors.Music ⊑ Animal
Anything that knows a company also knows a doctor.,∃knows.Company ⊑ ∃knows.Doctor
All movies are doctors as well as foods.,Movie ⊑ Doctor ⊓ Food
Nothing that is a employee is a supplier.,Employee ⊑ ¬Supplier
Every bank that funds only cars is a order.,Bank ⊓ ∀funds.Car ⊑ Order
A account is always a patient.,Account ⊑ Patient
Anything that owns a publication.,∃owns.Publication
Every library has child only products.,Library ⊑ ∀hasChild.Product
Every cat that delivers a researcher is a order.,Cat ⊓ ∃delivers.Researcher ⊑ Order
A building cannot be a manager.,Building ⊑ ¬Manager
A transaction is always a patient.,Transaction ⊑ Patient
Whatever is both a animal and a publication treats a customer.,Animal ⊓ Publication ⊑ ∃treats.Customer
Every library is a project that uses at least one manager.,Library ⊑ Project ⊓ ∃uses.Manager
A person authors exclusively engineers.,Person ⊑ ∀authors.Engineer
Each plant funds a transaction.,Plant ⊑ ∃funds.Transaction
Every project that creates only invoices is a engineer.,Project ⊓ ∀creates.Invoice ⊑ Engineer
Each vehicle treats a doctor.,Vehicle ⊑ ∃treats.Doctor
A researcher is neither a machine nor a transaction.,Researcher ⊑ ¬(Machine ⊔ Transaction)
All publications are defined as a order or a dog.,Publication ⊑ Order ⊔ Dog
All citys are musics as well as doctors.,City ⊑ Music ⊓ Doctor
Anything that delivers only transactions.,∀delivers.Transaction
Every movie is a animal.,Movie ⊑ Animal
Anything that produces only books.,∀produces.Book
Every employee is a city that supervises at least one hospital.,Employee ⊑ City ⊓ ∃supervises.Hospital
No city is a hospital.,City ⊑ ¬Hospital
A school is always a person.,School ⊑ Person
A customer cannot be a device.,Customer ⊑ ¬Device
"If a library works for anything, it must be a department.",Library ⊑ ∀worksFor.Department
Every machine is a manager.,Machine ⊑ Manager
A teacher and a employee.,Teacher ⊓ Employee
A artist or a account.,Artist ⊔ Account
A bank is something that funds a supplier.,Bank ⊑ ∃funds.Supplier
"If a software is located in anything, it must be a engineer.",Software ⊑ ∀locatedIn.Engineer
A animal is always a doctor.,Animal ⊑ Doctor
Every project supervises something that is both a software and a dog.,Project ⊑ ∃supervises.(Software ⊓ Dog)
A artist funds exclusively musics.,Artist ⊑ ∀funds.Music
A animal is always a bank.,Animal ⊑ Bank
Anything that reads a city also reads a employee.,∃reads.City ⊑ ∃reads.Employee
No service is a engineer.,Service ⊑ ¬Engineer
A movie or a department.,Movie ⊔ Department
Every publication that authors a bank is a person.,Publication ⊓ ∃authors.Bank ⊑ Person
Anything that is located in a school.,∃locatedIn.School
Nothing that is a food is a publication.,Food ⊑ ¬Publication
Whatever is both a researcher and a student reads a cat.,Researcher ⊓ Student ⊑ ∃reads.Cat
All countrys are schools as well as managers.,Country ⊑ School ⊓ Manager
A artist buys exclusively managers.,Artist ⊑ ∀buys.Manager
Every food develops only employees.,Food ⊑ ∀develops.Employee
Nothing that is a food is a course.,Food ⊑ ¬Course
Whatever is both a device and a library manages a transaction.,Device ⊓ Library ⊑ ∃manages.Transaction
Every teacher is both a university and a person.,Teacher ⊑ University ⊓ Person
Every food is both a teacher and a building.,Food ⊑ Teacher ⊓ Building
A department cannot be a teacher.,Department ⊑ ¬Teacher
Every music that likes only invoices is a car.,Music ⊓ ∀likes.Invoice ⊑ Car
Every dog is both a invoice and a transaction.,Dog ⊑ Invoice ⊓ Transaction
Every manager manages only things that are either a device or a food.,Manager ⊑ ∀manages.(Device ⊔ Food)
Every library owns only employees.,Library ⊑ ∀owns.Employee
Every school works for something that is both a teacher and a supplier.,School ⊑ ∃worksFor.(Teacher ⊓ Supplier)
Whatever is both a service and a organization likes a animal.,Service ⊓ Organization ⊑ ∃likes.Animal
A hardware is always a service.,Hardware ⊑ Service
A organization and a device.,Organization ⊓ Device
Anything that develops only services.,∀develops.Service
Anything that owns a transaction.,∃owns.Transaction
A person cannot be a invoice.,Person ⊑ ¬Invoice
"If a plant has child anything, it must be a artist.",Plant ⊑ ∀hasChild.Artist
Every customer is either a person or a movie.,Customer ⊑ Person ⊔ Movie
Every animal that uses only patients is a vehicle.,Animal ⊓ ∀uses.Patient ⊑ Vehicle
Every employee is both a invoice and a hospital.,Employee ⊑ Invoice ⊓ Hospital
Every company that owns a doctor is a teacher.,Company ⊓ ∃owns.Doctor ⊑ Teacher
Whatever is both a school and a invoice knows a bank.,School ⊓ Invoice ⊑ ∃knows.Bank
Each doctor uses a machine.,Doctor ⊑ ∃uses.Machine
A artist cannot be a supplier.,Artist ⊑ ¬Supplier
A employee treats exclusively orders.,Employee ⊑ ∀treats.Order
Every dog is both a organization and a country.,Dog ⊑ Organization ⊓ Country
Every dog that owns a product is a company.,Dog ⊓ ∃owns.Product ⊑ Company
A book is always a publication.,Book ⊑ Publication
A patient cannot be a course.,Patient ⊑ ¬Course
Every software is either a invoice or a researcher.,Software ⊑ Invoice ⊔ Researcher
A vehicle is neither a product nor a animal.,Vehicle ⊑ ¬(Product ⊔ Animal)
All courses are researchers as well as doctors.,Course ⊑ Researcher ⊓ Doctor
A account or a bank.,Account ⊔ Bank
A dog and a project.,Dog ⊓ Project
Every university is both a plant and a supplier.,University ⊑ Plant ⊓ Supplier
Every animal is a country that has child only departments.,Animal ⊑ Country ⊓ ∀hasChild.Department
Every product manages at least one hardware.,Product ⊑ ∃manages.Hardware
Each patient has child a publication.,Patient ⊑ ∃hasChild.Publication
All cars are publications.,Car ⊑ Publication
All musics are defined as a library or a artist.,Music ⊑ Library ⊔ Artist
A machine has child exclusively countrys.,Machine ⊑ ∀hasChild.Country
A book is always a music.,Book ⊑ Music
A cat is always a researcher.,Cat ⊑ Researcher
All courses are devices.,Course ⊑ Device
Every hospital creates at least one student.,Hospital ⊑ ∃creates.Student
A department is something that authors a plant.,Department ⊑ ∃authors.Plant
All projects are companys as well as products.,Project ⊑ Company ⊓ Product
Anything that produces only citys.,∀produces.City
Anything that teaches a hardware.,∃teaches.Hardware
A company is always a customer.,Company ⊑ Customer
A music and a school.,Music ⊓ School
Every software delivers something that is both a student and a customer.,Software ⊑ ∃delivers.(Student ⊓ Customer)
All hospitals are defined as a building or a software.,Hospital ⊑ Building ⊔ Software
A university is located in exclusively dogs.,University ⊑ ∀locatedIn.Dog
Nothing that is a student is a dog.,Student ⊑ ¬Dog
Every company is a employee.,Company ⊑ Employee
All courses are defined as a machine or a car.,Course ⊑ Machine ⊔ Car
Every company is both a movie and a city.,Company ⊑ Movie ⊓ City
Every employee supervises only things that are either a car or a device.,Employee ⊑ ∀supervises.(Car ⊔ Device)
All machines are defined as a department or a city.,Machine ⊑ Department ⊔ City
Every bank has child something that is both a plant and a machine.,Bank ⊑ ∃hasChild.(Plant ⊓ Machine)
Every bank that develops a plant is a device.,Bank ⊓ ∃develops.Plant ⊑ Device
A device cannot be a book.,Device ⊑ ¬Book
A department or a hospital.,Department ⊔ Hospital
All cars are scientists.,Car ⊑ Scientist
Anything that attends a cat.,∃attends.Cat
Every publication authors something that is both a cat and a account.,Publication ⊑ ∃authors.(Cat ⊓ Account)
Every dog treats something that is both a employee and a student.,Dog ⊑ ∃treats.(Employee ⊓ Student)
A account uses exclusively projects.,Account ⊑ ∀uses.Project
Anything that creates a food also creates a manager.,∃creates.Food ⊑ ∃creates.Manager
Every machine produces at least one patient.,Machine ⊑ ∃produces.Patient
Every transaction is either a publication or a course.,Transaction ⊑ Publication ⊔ Course
Every artist likes something that is both a hospital and a music.,Artist ⊑ ∃likes.(Hospital ⊓ Music)
Nothing that is a account is a hardware.,Account ⊑ ¬Hardware
Every plant develops something that is both a car and a movie.,Plant ⊑ ∃develops.(Car ⊓ Movie)
Every department designs only things that are either a customer or a animal.,Department ⊑ ∀designs.(Customer ⊔ Animal)
Every organization that designs a publication is a department.,Organization ⊓ ∃designs.Publication ⊑ Department
Every bank is a device.,Bank ⊑ Device
All departments are scientists.,Department ⊑ Scientist
Every patient is both a artist and a device.,Patient ⊑ Artist ⊓ Device
A cat cannot be a manager.,Cat ⊑ ¬Manager
Every doctor is either a course or a artist.,Doctor ⊑ Course ⊔ Artist
Every artist is a transaction that buys only cats.,Artist ⊑ Transaction ⊓ ∀buys.Cat
Every country is a vehicle.,Country ⊑ Vehicle
A plant is always a country.,Plant ⊑ Country
Every employee is a customer.,Employee ⊑ Customer
A course is something that supervises a invoice.,Course ⊑ ∃supervises.Invoice
All patients are defined as a software or a customer.,Patient ⊑ Software ⊔ Customer
Every device owns something that is both a music and a library.,Device ⊑ ∃owns.(Music ⊓ Library)
Nothing that is a product is a manager.,Product ⊑ ¬Manager
Every dog is a country.,Dog ⊑ Country
Every transaction is either a course or a customer.,Transaction ⊑ Course ⊔ Customer
"If a doctor maintains anything, it must be a cat.",Doctor ⊑ ∀maintains.Cat
Whatever is both a building and a account reads a student.,Building ⊓ Account ⊑ ∃reads.Student
Every course is a scientist that authors at least one order.,Course ⊑ Scientist ⊓ ∃authors.Order
All patients are cats.,Patient ⊑ Cat
A bank is something that designs a hardware.,Bank ⊑ ∃designs.Hardware
"If a country produces anything, it must be a movie.",Country ⊑ ∀produces.Movie
Every supplier is both a patient and a employee.,Supplier ⊑ Patient ⊓ Employee
"If a hospital knows anything, it must be a project.",Hospital ⊑ ∀knows.Project
Every order is a doctor.,Order ⊑ Doctor
Every scientist is a building that manages at least one book.,Scientist ⊑ Building ⊓ ∃manages.Book
Every vehicle is a course.,Vehicle ⊑ Course
A building is always a researcher.,Building ⊑ Researcher
Anything that works for a movie.,∃worksFor.Movie
Every software is a customer that knows at least one department.,Software ⊑ Customer ⊓ ∃knows.Department
Whatever is both a customer and a food buys a department.,Customer ⊓ Food ⊑ ∃buys.Department
All countrys are products.,Country ⊑ Product
Every employee is both a company and a device.,Employee ⊑ Company ⊓ Device
A bank is neither a movie nor a patient.,Bank ⊑ ¬(Movie ⊔ Patient)
Every plant is a software that develops only invoices.,Plant ⊑ Software ⊓ ∀develops.Invoice
Every customer is both a hardware and a employee.,Customer ⊑ Hardware ⊓ Employee
A software is something that develops a library.,Software ⊑ ∃develops.Library
Whatever is both a city and a building works for a animal.,City ⊓ Building ⊑ ∃worksFor.Animal
Every account develops at least one teacher.,Account ⊑ ∃develops.Teacher
Whatever is both a school and a device maintains a library.,School ⊓ Device ⊑ ∃maintains.Library
A researcher cannot be a product.,Researcher ⊑ ¬Product
A book and a publication.,Book ⊓ Publication
A library is always a order.,Library ⊑ Order
A scientist cannot be a country.,Scientist ⊑ ¬Country
Every manager operates something that is both a doctor and a customer.,Manager ⊑ ∃operates.(Doctor ⊓ Customer)
Every hardware uses at least one dog.,Hardware ⊑ ∃uses.Dog
Each person develops a bank.,Person ⊑ ∃develops.Bank
Every invoice treats only researchers.,Invoice ⊑ ∀treats.Researcher
A machine manages exclusively patients.,Machine ⊑ ∀manages.Patient
Every organization reads something that is both a software and a plant.,Organization ⊑ ∃reads.(Software ⊓ Plant)
All hospitals are customers as well as musics.,Hospital ⊑ Customer ⊓ Music
Anything that is located in only teachers.,∀locatedIn.Teacher
Every project creates at least one engineer.,Project ⊑ ∃creates.Engineer
Every supplier that delivers a teacher is a cat.,Supplier ⊓ ∃delivers.Teacher ⊑ Cat
Every company is both a employee and a building.,Company ⊑ Employee ⊓ Building
Every cat is a animal.,Cat ⊑ Animal
Anything that owns a bank also owns a library.,∃owns.Bank ⊑ ∃owns.Library
A animal cannot be a product.,Animal ⊑ ¬Product
Every invoice that works for only scientists is a music.,Invoice ⊓ ∀worksFor.Scientist ⊑ Music
A product and a vehicle.,Product ⊓ Vehicle
Anything that uses a food.,∃uses.Food
Every course delivers something that is both a manager and a animal.,Course ⊑ ∃delivers.(Manager ⊓ Animal)
Every supplier develops only publications.,Supplier ⊑ ∀develops.Publication
Every department is a book.,Department ⊑ Book
All services are employees.,Service ⊑ Employee
A company and a food.,Company ⊓ Food
Every artist has child at least one researcher.,Artist ⊑ ∃hasChild.Researcher
Every scientist is both a food and a hospital.,Scientist ⊑ Food ⊓ Hospital
Nothing that is a building is a machine.,Building ⊑ ¬Machine
All banks are defined as a course or a country.,Bank ⊑ Course ⊔ Country
A student or a customer.,Student ⊔ Customer
Anything that funds a device also funds a vehicle.,∃funds.Device ⊑ ∃funds.Vehicle
Every company is both a library and a vehicle.,Company ⊑ Library ⊓ Vehicle
A university is something that has child a student.,University ⊑ ∃hasChild.Student
Anything that maintains a music.,∃maintains.Music
Every person maintains something that is both a car and a country.,Person ⊑ ∃maintains.(Car ⊓ Country)
Every animal is located in something that is both a account and a music.,Animal ⊑ ∃locatedIn.(Account ⊓ Music)
A customer is something that is located in a plant.,Customer ⊑ ∃locatedIn.Plant
A service and a animal.,Service ⊓ Animal
Every engineer manages only things that are either a supplier or a machine.,Engineer ⊑ ∀manages.(Supplier ⊔ Machine)
Every university is a movie.,University ⊑ Movie
Every scientist is a organization that creates at least one animal.,Scientist ⊑ Organization ⊓ ∃creates.Animal
No building is a manager.,Building ⊑ ¬Manager
Every dog is a company that funds at least one country.,Dog ⊑ Company ⊓ ∃funds.Country
Every music that treats a animal is a book.,Music ⊓ ∃treats.Animal ⊑ Book
Every city supervises only employees.,City ⊑ ∀supervises.Employee
Every dog is a library that designs only publications.,Dog ⊑ Library ⊓ ∀designs.Publication
Every music is a hospital.,Music ⊑ Hospital
A supplier is something that develops a customer.,Supplier ⊑ ∃develops.Customer
Every device that designs a book is a cat.,Device ⊓ ∃designs.Book ⊑ Cat
Every car that funds a library is a software.,Car ⊓ ∃funds.Library ⊑ Software
Every building uses something that is both a movie and a plant.,Building ⊑ ∃uses.(Movie ⊓ Plant)
A course or a movie.,Course ⊔ Movie
A patient or a building.,Patient ⊔ Building
All departments are transactions as well as hardwares.,Department ⊑ Transaction ⊓ Hardware
Whatever is both a cat and a music owns a doctor.,Cat ⊓ Music ⊑ ∃owns.Doctor
All invoices are defined as a car or a animal.,Invoice ⊑ Car ⊔ Animal
All organizations are defined as a country or a machine.,Organization ⊑ Country ⊔ Machine
Anything that funds a researcher also funds a building.,∃funds.Researcher ⊑ ∃funds.Building
A machine sells exclusively engineers.,Machine ⊑ ∀sells.Engineer
Whatever is both a book and a university creates a researcher.,Book ⊓ University ⊑ ∃creates.Researcher
Every school teaches at least one animal.,School ⊑ ∃teaches.Animal
Anything that likes a project also likes a publication.,∃likes.Project ⊑ ∃likes.Publication
A device is something that likes a service.,Device ⊑ ∃likes.Service
Anything that sells a account also sells a department.,∃sells.Account ⊑ ∃sells.Department
Every dog is either a artist or a department.,Dog ⊑ Artist ⊔ Department
All persons are products.,Person ⊑ Product
A course is neither a device nor a hospital.,Course ⊑ ¬(Device ⊔ Hospital)
A engineer cannot be a order.,Engineer ⊑ ¬Order
Every order has child at least one building.,Order ⊑ ∃hasChild.Building
All softwares are books.,Software ⊑ Book
Every dog is a school.,Dog ⊑ School
Every person is a artist that owns only transactions.,Person ⊑ Artist ⊓ ∀owns.Transaction
Every animal is both a bank and a plant.,Animal ⊑ Bank ⊓ Plant
No customer is a university.,Customer ⊑ ¬University
Nothing that is a manager is a teacher.,Manager ⊑ ¬Teacher
Each transaction uses a school.,Transaction ⊑ ∃uses.School
Every publication is either a order or a library.,Publication ⊑ Order ⊔ Library
Whatever is both a hospital and a plant authors a book.,Hospital ⊓ Plant ⊑ ∃authors.Book
Every supplier owns something that is both a student and a car.,Supplier ⊑ ∃owns.(Student ⊓ Car)
Every publication that has child only vehicles is a transaction.,Publication ⊓ ∀hasChild.Vehicle ⊑ Transaction
A university knows exclusively courses.,University ⊑ ∀knows.Course
Every music that funds a teacher is a customer.,Music ⊓ ∃funds.Teacher ⊑ Customer
All employees are softwares as well as engineers.,Employee ⊑ Software ⊓ Engineer
All movies are patients.,Movie ⊑ Patient
All banks are researchers.,Bank ⊑ Researcher
Every researcher sells at least one hardware.,Researcher ⊑ ∃sells.Hardware
Every project that creates a vehicle is a bank.,Project ⊓ ∃creates.Vehicle ⊑ Bank
Every person is a animal that creates at least one invoice.,Person ⊑ Animal ⊓ ∃creates.Invoice
No movie is a school.,Movie ⊑ ¬School
Anything that manages only publications.,∀manages.Publication
Every transaction produces only engineers.,Transaction ⊑ ∀produces.Engineer
No patient is a hospital.,Patient ⊑ ¬Hospital
A country and a school.,Country ⊓ School
Every invoice that teaches a organization is a course.,Invoice ⊓ ∃teaches.Organization ⊑ Course
"If a hospital sells anything, it must be a vehicle.",Hospital ⊑ ∀sells.Vehicle
Every movie is either a city or a person.,Movie ⊑ City ⊔ Person
No device is a movie.,Device ⊑ ¬Movie
A university is always a manager.,University ⊑ Manager
No country is a music.,Country ⊑ ¬Music
A country or a service.,Country ⊔ Service
Every department knows only things that are either a teacher or a organization.,Department ⊑ ∀knows.(Teacher ⊔ Organization)
Every library designs something that is both a dog and a order.,Library ⊑ ∃designs.(Dog ⊓ Order)
No patient is a teacher.,Patient ⊑ ¬Teacher
Every music is a course that knows only cats.,Music ⊑ Course ⊓ ∀knows.Cat
Whatever is both a product and a engineer designs a company.,Product ⊓ Engineer ⊑ ∃designs.Company
A food is always a cat.,Food ⊑ Cat
Every supplier supervises at least one service.,Supplier ⊑ ∃supervises.Service
Every building that authors a invoice is a music.,Building ⊓ ∃authors.Invoice ⊑ Music
No publication is a bank.,Publication ⊑ ¬Bank
Anything that develops a course also develops a patient.,∃develops.Course ⊑ ∃develops.Patient
Anything that authors a library.,∃authors.Library
Anything that has child only plants.,∀hasChild.Plant
Anything that sells a library also sells a transaction.,∃sells.Library ⊑ ∃sells.Transaction
Anything that teaches a invoice.,∃teaches.Invoice
A country is always a music.,Country ⊑ Music
Every library that designs a school is a device.,Library ⊓ ∃designs.School ⊑ Device
A car uses exclusively movies.,Car ⊑ ∀uses.Movie
Every bank reads only engineers.,Bank ⊑ ∀reads.Engineer
Every transaction is a city that knows only buildings.,Transaction ⊑ City ⊓ ∀knows.Building
Every library is a music that treats only customers.,Library ⊑ Music ⊓ ∀treats.Customer
Every hardware has child only things that are either a engineer or a employee.,Hardware ⊑ ∀hasChild.(Engineer ⊔ Employee)
Every course is a university that sells at least one building.,Course ⊑ University ⊓ ∃sells.Building
Anything that likes a course also likes a manager.,∃likes.Course ⊑ ∃likes.Manager
Every employee is both a cat and a company.,Employee ⊑ Cat ⊓ Company
Every customer is both a hardware and a music.,Customer ⊑ Hardware ⊓ Music
Every city buys only things that are either a doctor or a service.,City ⊑ ∀buys.(Doctor ⊔ Service)
Every device sells something that is both a product and a doctor.,Device ⊑ ∃sells.(Product ⊓ Doctor)
Each dog designs a researcher.,Dog ⊑ ∃designs.Researcher
Every student is a patient that reads at least one supplier.,Student ⊑ Patient ⊓ ∃reads.Supplier
All hardwares are persons.,Hardware ⊑ Person
Anything that operates only animals.,∀operates.Animal
A music and a movie.,Music ⊓ Movie
All services are defined as a employee or a car.,Service ⊑ Employee ⊔ Car
"If a engineer delivers anything, it must be a scientist.",Engineer ⊑ ∀delivers.Scientist
Every food is a account that manages only products.,Food ⊑ Account ⊓ ∀manages.Product
No movie is a car.,Movie ⊑ ¬Car
All hardwares are defined as a artist or a organization.,Hardware ⊑ Artist ⊔ Organization
All teachers are defined as a bank or a patient.,Teacher ⊑ Bank ⊔ Patient
Anything that reads a account.,∃reads.Account
No country is a engineer.,Country ⊑ ¬Engineer
No supplier is a vehicle.,Supplier ⊑ ¬Vehicle
Every cat that teaches a patient is a invoice.,Cat ⊓ ∃teaches.Patient ⊑ Invoice
Every library is a machine that buys at least one researcher.,Library ⊑ Machine ⊓ ∃buys.Researcher
Each movie treats a machine.,Movie ⊑ ∃treats.Machine
Anything that operates a school.,∃operates.School
A machine is something that authors a building.,Machine ⊑ ∃authors.Building
Every machine that treats a department is a transaction.,Machine ⊓ ∃treats.Department ⊑ Transaction
No customer is a movie.,Customer ⊑ ¬Movie
Whatever is both a dog and a university reads a customer.,Dog ⊓ University ⊑ ∃reads.Customer
Anything that supervises only citys.,∀supervises.City
Every publication is either a organization or a product.,Publication ⊑ Organization ⊔ Product
A scientist is something that produces a bank.,Scientist ⊑ ∃produces.Bank
Every bank delivers only things that are either a hardware or a dog.,Bank ⊑ ∀delivers.(Hardware ⊔ Dog)
Every hardware that attends only artists is a vehicle.,Hardware ⊓ ∀attends.Artist ⊑ Vehicle
A engineer and a account.,Engineer ⊓ Account
All accounts are defined as a library or a publication.,Account ⊑ Library ⊔ Publication
Nothing that is a university is a software.,University ⊑ ¬Software
Every plant is either a account or a researcher.,Plant ⊑ Account ⊔ Researcher
Anything that delivers a device.,∃delivers.Device
A library is something that reads a software.,Library ⊑ ∃reads.Software
Every person has child something that is both a school and a patient.,Person ⊑ ∃hasChild.(School ⊓ Patient)
Every project teaches at least one employee.,Project ⊑ ∃teaches.Employee
A company and a course.,Company ⊓ Course
All banks are projects as well as employees.,Bank ⊑ Project ⊓ Employee
A software and a teacher.,Software ⊓ Teacher
No engineer is a library.,Engineer ⊑ ¬Library
Every music that owns only hardwares is a customer.,Music ⊓ ∀owns.Hardware ⊑ Customer
Every bank teaches only organizations.,Bank ⊑ ∀teaches.Organization
Every customer likes at least one invoice.,Customer ⊑ ∃likes.Invoice
"If a employee attends anything, it must be a person.",Employee ⊑ ∀attends.Person
Anything that delivers only cars.,∀delivers.Car
Every music that operates a food is a machine.,Music ⊓ ∃operates.Food ⊑ Machine
Every scientist that attends only books is a transaction.,Scientist ⊓ ∀attends.Book ⊑ Transaction
A product or a department.,Product ⊔ Department
Nothing that is a department is a university.,Department ⊑ ¬University
All orders are companys.,Order ⊑ Company
A course cannot be a machine.,Course ⊑ ¬Machine
Every project is either a service or a account.,Project ⊑ Service ⊔ Account
A dog cannot be a scientist.,Dog ⊑ ¬Scientist
Anything that develops only animals.,∀develops.Animal
"If a plant likes anything, it must be a manager.",Plant ⊑ ∀likes.Manager
Every car works for only departments.,Car ⊑ ∀worksFor.Department
Every university operates something that is both a course and a invoice.,University ⊑ ∃operates.(Course ⊓ Invoice)
"If a supplier owns anything, it must be a doctor.",Supplier ⊑ ∀owns.Doctor
Whatever is both a vehicle and a movie likes a cat.,Vehicle ⊓ Movie ⊑ ∃likes.Cat
All engineers are defined as a organization or a vehicle.,Engineer ⊑ Organization ⊔ Vehicle
Anything that manages a music.,∃manages.Music
Every plant is a product that funds only citys.,Plant ⊑ Product ⊓ ∀funds.City
Anything that creates only citys.,∀creates.City
Whatever is both a dog and a customer supervises a researcher.,Dog ⊓ Customer ⊑ ∃supervises.Researcher
All organizations are softwares as well as transactions.,Organization ⊑ Software ⊓ Transaction
Every food sells only universitys.,Food ⊑ ∀sells.University
All organizations are musics.,Organization ⊑ Music
Every doctor operates only patients.,Doctor ⊑ ∀operates.Patient
"If a person attends anything, it must be a artist.",Person ⊑ ∀attends.Artist
Every artist is a vehicle that reads only librarys.,Artist ⊑ Vehicle ⊓ ∀reads.Library
Every patient delivers only things that are either a vehicle or a software.,Patient ⊑ ∀delivers.(Vehicle ⊔ Software)
Whatever is both a order and a music designs a manager.,Order ⊓ Music ⊑ ∃designs.Manager
Every project is a student that delivers only services.,Project ⊑ Student ⊓ ∀delivers.Service
Every manager is either a teacher or a doctor.,Manager ⊑ Teacher ⊔ Doctor
Nothing that is a country is a hardware.,Country ⊑ ¬Hardware
Every car supervises only things that are either a country or a invoice.,Car ⊑ ∀supervises.(Country ⊔ Invoice)
Each artist likes a supplier.,Artist ⊑ ∃likes.Supplier
Every customer is a library.,Customer ⊑ Library
Every music is a transaction.,Music ⊑ Transaction
A machine is neither a teacher nor a bank.,Machine ⊑ ¬(Teacher ⊔ Bank)
All organizations are defined as a university or a patient.,Organization ⊑ University ⊔ Patient
A scientist or a doctor.,Scientist ⊔ Doctor
Every supplier sells at least one movie.,Supplier ⊑ ∃sells.Movie
Nothing that is a software is a car.,Software ⊑ ¬Car
Every software treats at least one organization.,Software ⊑ ∃treats.Organization
A library or a transaction.,Library ⊔ Transaction
Every hardware is a project.,Hardware ⊑ Project
Every device is a scientist.,Device ⊑ Scientist
"If a doctor designs anything, it must be a animal.",Doctor ⊑ ∀designs.Animal
Every transaction that reads only plants is a vehicle.,Transaction ⊓ ∀reads.Plant ⊑ Vehicle
Whatever is both a music and a university authors a project.,Music ⊓ University ⊑ ∃authors.Project
Nothing that is a car is a engineer.,Car ⊑ ¬Engineer
No department is a movie.,Department ⊑ ¬Movie
Anything that operates a hardware also operates a service.,∃operates.Hardware ⊑ ∃operates.Service
A organization is always a movie.,Organization ⊑ Movie
No book is a transaction.,Book ⊑ ¬Transaction
Every movie is either a plant or a publication.,Movie ⊑ Plant ⊔ Publication
Every engineer is both a patient and a organization.,Engineer ⊑ Patient ⊓ Organization
Whatever is both a book and a dog buys a hospital.,Book ⊓ Dog ⊑ ∃buys.Hospital
Every animal is either a engineer or a movie.,Animal ⊑ Engineer ⊔ Movie
A project likes exclusively devices.,Project ⊑ ∀likes.Device
A course is something that owns a person.,Course ⊑ ∃owns.Person
Every car reads something that is both a account and a music.,Car ⊑ ∃reads.(Account ⊓ Music)
All librarys are foods as well as publications.,Library ⊑ Food ⊓ Publication
Every product is either a building or a service.,Product ⊑ Building ⊔ Service
A animal is neither a hospital nor a hardware.,Animal ⊑ ¬(Hospital ⊔ Hardware)
Nothing that is a music is a scientist.,Music ⊑ ¬Scientist
Anything that is located in a publication also is located in a software.,∃locatedIn.Publication ⊑ ∃locatedIn.Software
Every artist that works for only managers is a transaction.,Artist ⊓ ∀worksFor.Manager ⊑ Transaction
Whatever is both a student and a university has child a artist.,Student ⊓ University ⊑ ∃hasChild.Artist
Every machine teaches only things that are either a supplier or a vehicle.,Machine ⊑ ∀teaches.(Supplier ⊔ Vehicle)
"If a country funds anything, it must be a software.",Country ⊑ ∀funds.Software
A project is neither a food nor a supplier.,Project ⊑ ¬(Food ⊔ Supplier)
Whatever is both a machine and a transaction treats a organization.,Machine ⊓ Transaction ⊑ ∃treats.Organization
Each university knows a doctor.,University ⊑ ∃knows.Doctor
Every person maintains only movies.,Person ⊑ ∀maintains.Movie
Every course is a university that buys only publications.,Course ⊑ University ⊓ ∀buys.Publication
Nothing that is a department is a device.,Department ⊑ ¬Device
Every transaction that teaches only buildings is a plant.,Transaction ⊓ ∀teaches.Building ⊑ Plant
Every manager is both a hospital and a car.,Manager ⊑ Hospital ⊓ Car
All movies are defined as a car or a teacher.,Movie ⊑ Car ⊔ Teacher
Every food buys only customers.,Food ⊑ ∀buys.Customer
Whatever is both a teacher and a music manages a dog.,Teacher ⊓ Music ⊑ ∃manages.Dog
Every school that designs a artist is a company.,School ⊓ ∃designs.Artist ⊑ Company
All devices are machines as well as softwares.,Device ⊑ Machine ⊓ Software
Every music develops at least one customer.,Music ⊑ ∃develops.Customer
Every manager is a school that supervises at least one country.,Manager ⊑ School ⊓ ∃supervises.Country
Every plant is both a school and a supplier.,Plant ⊑ School ⊓ Supplier
Anything that uses a scientist.,∃uses.Scientist
Whatever is both a publication and a product owns a course.,Publication ⊓ Product ⊑ ∃owns.Course
A university is always a music.,University ⊑ Music
A department cannot be a course.,Department ⊑ ¬Course
Every researcher that reads a movie is a car.,Researcher ⊓ ∃reads.Movie ⊑ Car
Every cat sells something that is both a transaction and a researcher.,Cat ⊑ ∃sells.(Transaction ⊓ Researcher)
Every building is a vehicle that authors only machines.,Building ⊑ Vehicle ⊓ ∀authors.Machine
Every invoice is a student that teaches at least one city.,Invoice ⊑ Student ⊓ ∃teaches.City
A device cannot be a machine.,Device ⊑ ¬Machine
Every university is a teacher that treats at least one device.,University ⊑ Teacher ⊓ ∃treats.Device
All courses are countrys.,Course ⊑ Country
Every scientist has child at least one device.,Scientist ⊑ ∃hasChild.Device
Whatever is both a transaction and a movie works for a organization.,Transaction ⊓ Movie ⊑ ∃worksFor.Organization
A product and a scientist.,Product ⊓ Scientist
Nothing that is a car is a invoice.,Car ⊑ ¬Invoice
Every machine creates something that is both a department and a engineer.,Machine ⊑ ∃creates.(Department ⊓ Engineer)
Every country creates only courses.,Country ⊑ ∀creates.Course
Every machine is either a service or a scientist.,Machine ⊑ Service ⊔ Scientist
Every patient is both a customer and a publication.,Patient ⊑ Customer ⊓ Publication
A school and a university.,School ⊓ University
Every project authors only things that are either a scientist or a patient.,Project ⊑ ∀authors.(Scientist ⊔ Patient)
Anything that operates a scientist.,∃operates.Scientist
Every researcher creates only doctors.,Researcher ⊑ ∀creates.Doctor
A scientist cannot be a software.,Scientist ⊑ ¬Software
Every order is a school that knows at least one invoice.,Order ⊑ School ⊓ ∃knows.Invoice
Anything that reads a teacher also reads a bank.,∃reads.Teacher ⊑ ∃reads.Bank
Every plant is both a building and a customer.,Plant ⊑ Building ⊓ Customer
Every bank reads something that is both a device and a patient.,Bank ⊑ ∃reads.(Device ⊓ Patient)
A country cannot be a building.,Country ⊑ ¬Building
A scientist or a software.,Scientist ⊔ Software
A person and a account.,Person ⊓ Account
No school is a person.,School ⊑ ¬Person
A bank and a dog.,Bank ⊓ Dog
No project is a order.,Project ⊑ ¬Order
All orders are countrys as well as softwares.,Order ⊑ Country ⊓ Software
All librarys are defined as a engineer or a company.,Library ⊑ Engineer ⊔ Company
A vehicle is neither a invoice nor a hardware.,Vehicle ⊑ ¬(Invoice ⊔ Hardware)
Anything that operates a food.,∃operates.Food
Anything that knows a animal.,∃knows.Animal
A account is neither a supplier nor a publication.,Account ⊑ ¬(Supplier ⊔ Publication)
No car is a product.,Car ⊑ ¬Product
No vehicle is a university.,Vehicle ⊑ ¬University
Every hardware creates something that is both a engineer and a bank.,Hardware ⊑ ∃creates.(Engineer ⊓ Bank)
Every employee that funds a course is a customer.,Employee ⊓ ∃funds.Course ⊑ Customer
Every doctor is a project.,Doctor ⊑ Project
A doctor is something that owns a manager.,Doctor ⊑ ∃owns.Manager
All teachers are defined as a doctor or a scientist.,Teacher ⊑ Doctor ⊔ Scientist
Every supplier uses at least one engineer.,Supplier ⊑ ∃uses.Engineer
A account or a scientist.,Account ⊔ Scientist
Every hospital is a product that attends at least one person.,Hospital ⊑ Product ⊓ ∃attends.Person
Anything that attends a movie also attends a school.,∃attends.Movie ⊑ ∃attends.School
All scientists are universitys.,Scientist ⊑ University
Every library is both a engineer and a course.,Library ⊑ Engineer ⊓ Course
All persons are defined as a city or a music.,Person ⊑ City ⊔ Music
A company is always a supplier.,Company ⊑ Supplier
Every supplier uses at least one machine.,Supplier ⊑ ∃uses.Machine
Every account is a manager.,Account ⊑ Manager
A transaction or a hardware.,Transaction ⊔ Hardware
All scientists are defined as a company or a car.,Scientist ⊑ Company ⊔ Car
Each supplier is located in a device.,Supplier ⊑ ∃locatedIn.Device
Nothing that is a invoice is a university.,Invoice ⊑ ¬University
A university is always a organization.,University ⊑ Organization
Every university develops something that is both a country and a software.,University ⊑ ∃develops.(Country ⊓ Software)
All customers are banks as well as products.,Customer ⊑ Bank ⊓ Product
Anything that creates a cat.,∃creates.Cat
Each machine manages a student.,Machine ⊑ ∃manages.Student
All artists are managers as well as customers.,Artist ⊑ Manager ⊓ Customer
Every bank is a car that reads only dogs.,Bank ⊑ Car ⊓ ∀reads.Dog
All persons are defined as a school or a software.,Person ⊑ School ⊔ Software
Every country works for only things that are either a city or a organization.,Country ⊑ ∀worksFor.(City ⊔ Organization)
Every library operates at least one cat.,Library ⊑ ∃operates.Cat
Nothing that is a building is a dog.,Building ⊑ ¬Dog
Whatever is both a device and a company designs a department.,Device ⊓ Company ⊑ ∃designs.Department
Every book is a hospital that designs only citys.,Book ⊑ Hospital ⊓ ∀designs.City
Every car is both a country and a vehicle.,Car ⊑ Country ⊓ Vehicle
Every city treats only things that are either a engineer or a plant.,City ⊑ ∀treats.(Engineer ⊔ Plant)
A patient is neither a researcher nor a doctor.,Patient ⊑ ¬(Researcher ⊔ Doctor)
Every hospital is a engineer that operates only persons.,Hospital ⊑ Engineer ⊓ ∀operates.Person
All buildings are foods.,Building ⊑ Food
Anything that authors a company.,∃authors.Company
A university is neither a company nor a supplier.,University ⊑ ¬(Company ⊔ Supplier)
A device is neither a publication nor a employee.,Device ⊑ ¬(Publication ⊔ Employee)
Every order teaches something that is both a building and a software.,Order ⊑ ∃teaches.(Building ⊓ Software)
Every plant authors only suppliers.,Plant ⊑ ∀authors.Supplier
Each researcher buys a bank.,Researcher ⊑ ∃buys.Bank
Every library is either a bank or a person.,Library ⊑ Bank ⊔ Person
Every machine knows at least one patient.,Machine ⊑ ∃knows.Patient
Anything that is located in only departments.,∀locatedIn.Department
Every engineer is both a company and a building.,Engineer ⊑ Company ⊓ Building
All orders are defined as a department or a hospital.,Order ⊑ Department ⊔ Hospital
A bank is something that is located in a food.,Bank ⊑ ∃locatedIn.Food
Each department develops a device.,Department ⊑ ∃develops.Device
Every car is a patient that is located in only transactions.,Car ⊑ Patient ⊓ ∀locatedIn.Transaction
Every city supervises something that is both a hardware and a order.,City ⊑ ∃supervises.(Hardware ⊓ Order)
A project and a building.,Project ⊓ Building
A hospital is something that uses a publication.,Hospital ⊑ ∃uses.Publication
"If a transaction produces anything, it must be a dog.",Transaction ⊑ ∀produces.Dog
All employees are hardwares as well as devices.,Employee ⊑ Hardware ⊓ Device
No bank is a course.,Bank ⊑ ¬Course
Every country manages only things that are either a building or a artist.,Country ⊑ ∀manages.(Building ⊔ Artist)
Each cat knows a country.,Cat ⊑ ∃knows.Country
"If a hardware has child anything, it must be a country.",Hardware ⊑ ∀hasChild.Country
A researcher is something that maintains a plant.,Researcher ⊑ ∃maintains.Plant
A device and a music.,Device ⊓ Music
A organization is neither a plant nor a dog.,Organization ⊑ ¬(Plant ⊔ Dog)
Every hospital supervises only products.,Hospital ⊑ ∀supervises.Product
Anything that treats only services.,∀treats.Service
Anything that reads a course also reads a artist.,∃reads.Course ⊑ ∃reads.Artist
Every engineer is a device that works for at least one supplier.,Engineer ⊑ Device ⊓ ∃worksFor.Supplier
A course is always a cat.,Course ⊑ Cat
Every account is either a music or a organization.,Account ⊑ Music ⊔ Organization
Anything that buys only suppliers.,∀buys.Supplier
A food is neither a machine nor a school.,Food ⊑ ¬(Machine ⊔ School)
A course is something that treats a department.,Course ⊑ ∃treats.Department
Every city that designs only movies is a country.,City ⊓ ∀designs.Movie ⊑ Country
Every doctor that supervises a vehicle is a course.,Doctor ⊓ ∃supervises.Vehicle ⊑ Course
No patient is a manager.,Patient ⊑ ¬Manager
All students are suppliers.,Student ⊑ Supplier
Every customer is a animal that owns at least one car.,Customer ⊑ Animal ⊓ ∃owns.Car
Every organization that treats only products is a artist.,Organization ⊓ ∀treats.Product ⊑ Artist
A school cannot be a course.,School ⊑ ¬Course
Every plant is a dog that buys only buildings.,Plant ⊑ Dog ⊓ ∀buys.Building
Anything that buys a software also buys a company.,∃buys.Software ⊑ ∃buys.Company
A bank cannot be a software.,Bank ⊑ ¬Software
Anything that reads only artists.,∀reads.Artist
Every artist knows only softwares.,Artist ⊑ ∀knows.Software
Anything that buys a car.,∃buys.Car
A food or a invoice.,Food ⊔ Invoice
A person or a school.,Person ⊔ School
A building or a software.,Building ⊔ Software
Anything that reads a animal.,∃reads.Animal
Every organization has child something that is both a scientist and a car.,Organization ⊑ ∃hasChild.(Scientist ⊓ Car)
"If a food operates anything, it must be a book.",Food ⊑ ∀operates.Book
A supplier is something that delivers a city.,Supplier ⊑ ∃delivers.City
Every music that is located in only customers is a car.,Music ⊓ ∀locatedIn.Customer ⊑ Car
A order is always a artist.,Order ⊑ Artist
A engineer is neither a bank nor a library.,Engineer ⊑ ¬(Bank ⊔ Library)
A music or a software.,Music ⊔ Software
A manager and a department.,Manager ⊓ Department
No artist is a service.,Artist ⊑ ¬Service
All hospitals are banks as well as engineers.,Hospital ⊑ Bank ⊓ Engineer
Every employee is either a student or a project.,Employee ⊑ Student ⊔ Project
Every department is a patient.,Department ⊑ Patient
A account cannot be a product.,Account ⊑ ¬Product
Every person is both a doctor and a project.,Person ⊑ Doctor ⊓ Project
A cat and a invoice.,Cat ⊓ Invoice
All teachers are defined as a service or a bank.,Teacher ⊑ Service ⊔ Bank
A project is always a employee.,Project ⊑ Employee
A software is always a building.,Software ⊑ Building
Whatever is both a country and a customer manages a person.,Country ⊓ Customer ⊑ ∃manages.Person
A account is neither a city nor a customer.,Account ⊑ ¬(City ⊔ Customer)
Every service is both a teacher and a book.,Service ⊑ Teacher ⊓ Book
A patient is neither a school nor a movie.,Patient ⊑ ¬(School ⊔ Movie)
Anything that likes a library.,∃likes.Library
Nothing that is a artist is a transaction.,Artist ⊑ ¬Transaction
"If a school sells anything, it must be a researcher.",School ⊑ ∀sells.Researcher
Every animal is a book that teaches at least one food.,Animal ⊑ Book ⊓ ∃teaches.Food
Anything that owns a movie also owns a vehicle.,∃owns.Movie ⊑ ∃owns.Vehicle
Every order is a dog that authors at least one person.,Order ⊑ Dog ⊓ ∃authors.Person
Every company supervises something that is both a machine and a researcher.,Company ⊑ ∃supervises.(Machine ⊓ Researcher)
Every city develops something that is both a person and a teacher.,City ⊑ ∃develops.(Person ⊓ Teacher)
Every bank treats something that is both a building and a scientist.,Bank ⊑ ∃treats.(Building ⊓ Scientist)
All courses are defined as a doctor or a city.,Course ⊑ Doctor ⊔ City
A library is always a engineer.,Library ⊑ Engineer
All employees are plants.,Employee ⊑ Plant
Every software that sells a patient is a publication.,Software ⊓ ∃sells.Patient ⊑ Publication
Every music is both a dog and a hardware.,Music ⊑ Dog ⊓ Hardware
Every product has child something that is both a transaction and a book.,Product ⊑ ∃hasChild.(Transaction ⊓ Book)
Every customer that treats a plant is a transaction.,Customer ⊓ ∃treats.Plant ⊑ Transaction
All accounts are teachers as well as hospitals.,Account ⊑ Teacher ⊓ Hospital
"If a organization sells anything, it must be a software.",Organization ⊑ ∀sells.Software
A device and a department.,Device ⊓ Department
Every company is either a transaction or a service.,Company ⊑ Transaction ⊔ Service
Anything that uses a hardware also uses a course.,∃uses.Hardware ⊑ ∃uses.Course
A product cannot be a organization.,Product ⊑ ¬Organization
All artists are defined as a service or a person.,Artist ⊑ Service ⊔ Person
Every transaction maintains at least one department.,Transaction ⊑ ∃maintains.Department
Anything that likes a food also likes a engineer.,∃likes.Food ⊑ ∃likes.Engineer
Every manager that supervises only movies is a software.,Manager ⊓ ∀supervises.Movie ⊑ Software
A school and a library.,School ⊓ Library
A engineer cannot be a organization.,Engineer ⊑ ¬Organization
Every dog is a researcher that uses at least one patient.,Dog ⊑ Researcher ⊓ ∃uses.Patient
Every manager is a teacher that authors only publications.,Manager ⊑ Teacher ⊓ ∀authors.Publication
Anything that sells a teacher also sells a book.,∃sells.Teacher ⊑ ∃sells.Book
A patient and a teacher.,Patient ⊓ Teacher
Every customer uses only things that are either a movie or a hospital.,Customer ⊑ ∀uses.(Movie ⊔ Hospital)
Anything that teaches only machines.,∀teaches.Machine
All accounts are defined as a car or a scientist.,Account ⊑ Car ⊔ Scientist
Every vehicle is a music.,Vehicle ⊑ Music
Each artist operates a employee.,Artist ⊑ ∃operates.Employee
Every invoice that teaches only foods is a account.,Invoice ⊓ ∀teaches.Food ⊑ Account
Every engineer teaches only things that are either a company or a school.,Engineer ⊑ ∀teaches.(Company ⊔ School)
Every manager that uses only animals is a vehicle.,Manager ⊓ ∀uses.Animal ⊑ Vehicle
No patient is a transaction.,Patient ⊑ ¬Transaction
Every book owns at least one school.,Book ⊑ ∃owns.School
A artist designs exclusively departments.,Artist ⊑ ∀designs.Department
"If a invoice develops anything, it must be a patient.",Invoice ⊑ ∀develops.Patient
All banks are defined as a library or a service.,Bank ⊑ Library ⊔ Service
A patient is something that operates a course.,Patient ⊑ ∃operates.Course
Every university authors at least one cat.,University ⊑ ∃authors.Cat
"If a scientist likes anything, it must be a product.",Scientist ⊑ ∀likes.Product
"If a dog funds anything, it must be a food.",Dog ⊑ ∀funds.Food
A transaction is something that owns a dog.,Transaction ⊑ ∃owns.Dog
A software operates exclusively vehicles.,Software ⊑ ∀operates.Vehicle
Every country that buys only foods is a product.,Country ⊓ ∀buys.Food ⊑ Product
Every person produces at least one transaction.,Person ⊑ ∃produces.Transaction
Anything that produces only schools.,∀produces.School
Every animal is a car.,Animal ⊑ Car
Every bank is a company.,Bank ⊑ Company
"If a device teaches anything, it must be a project.",Device ⊑ ∀teaches.Project
Each plant is located in a project.,Plant ⊑ ∃locatedIn.Project
All cars are defined as a machine or a city.,Car ⊑ Machine ⊔ City
Every animal supervises something that is both a doctor and a device.,Animal ⊑ ∃supervises.(Doctor ⊓ Device)
A vehicle designs exclusively transactions.,Vehicle ⊑ ∀designs.Transaction
Every hospital is either a building or a department.,Hospital ⊑ Building ⊔ Department
Every device that funds a patient is a scientist.,Device ⊓ ∃funds.Patient ⊑ Scientist
A teacher or a transaction.,Teacher ⊔ Transaction
A employee is always a cat.,Employee ⊑ Cat
A researcher is something that maintains a car.,Researcher ⊑ ∃maintains.Car
Every artist is a customer.,Artist ⊑ Customer
Every teacher develops only dogs.,Teacher ⊑ ∀develops.Dog
A dog cannot be a university.,Dog ⊑ ¬University
A employee cannot be a library.,Employee ⊑ ¬Library
Each scientist works for a device.,Scientist ⊑ ∃worksFor.Device
Every supplier is both a order and a organization.,Supplier ⊑ Order ⊓ Organization
A cat cannot be a doctor.,Cat ⊑ ¬Doctor
Every employee that is located in only hardwares is a supplier.,Employee ⊓ ∀locatedIn.Hardware ⊑ Supplier
A supplier is always a university.,Supplier ⊑ University
A publication cannot be a building.,Publication ⊑ ¬Building
Anything that attends a music.,∃attends.Music
"If a engineer owns anything, it must be a school.",Engineer ⊑ ∀owns.School
A company is always a order.,Company ⊑ Order
A doctor reads exclusively researchers.,Doctor ⊑ ∀reads.Researcher
A food is something that likes a plant.,Food ⊑ ∃likes.Plant
All students are defined as a scientist or a music.,Student ⊑ Scientist ⊔ Music
Nothing that is a plant is a engineer.,Plant ⊑ ¬Engineer
A product cannot be a teacher.,Product ⊑ ¬Teacher
Every food is a project that works for only transactions.,Food ⊑ Project ⊓ ∀worksFor.Transaction
No employee is a city.,Employee ⊑ ¬City
Anything that delivers a organization also delivers a person.,∃delivers.Organization ⊑ ∃delivers.Person
Every researcher sells something that is both a animal and a product.,Researcher ⊑ ∃sells.(Animal ⊓ Product)
Every cat is a vehicle.,Cat ⊑ Vehicle
A software and a school.,Software ⊓ School
Anything that delivers a transaction.,∃delivers.Transaction
Every movie that develops a student is a customer.,Movie ⊓ ∃develops.Student ⊑ Customer
Whatever is both a movie and a school is located in a teacher.,Movie ⊓ School ⊑ ∃locatedIn.Teacher
Nothing that is a employee is a organization.,Employee ⊑ ¬Organization
Anything that funds only employees.,∀funds.Employee
Every manager is a customer.,Manager ⊑ Customer
Every movie is a food that has child only patients.,Movie ⊑ Food ⊓ ∀hasChild.Patient
A music or a customer.,Music ⊔ Customer
Every account sells only patients.,Account ⊑ ∀sells.Patient
Anything that authors a scientist also authors a software.,∃authors.Scientist ⊑ ∃authors.Software
Every teacher is a city.,Teacher ⊑ City
Every course is either a hospital or a supplier.,Course ⊑ Hospital ⊔ Supplier
All artists are defined as a library or a plant.,Artist ⊑ Library ⊔ Plant
Every employee is both a university and a company.,Employee ⊑ University ⊓ Company
All hardwares are customers as well as students.,Hardware ⊑ Customer ⊓ Student
Every supplier is both a project and a cat.,Supplier ⊑ Project ⊓ Cat
A doctor cannot be a transaction.,Doctor ⊑ ¬Transaction
Every engineer is a artist that owns only librarys.,Engineer ⊑ Artist ⊓ ∀owns.Library
A city is something that reads a device.,City ⊑ ∃reads.Device
A scientist or a cat.,Scientist ⊔ Cat
A vehicle cannot be a music.,Vehicle ⊑ ¬Music
"If a library produces anything, it must be a book.",Library ⊑ ∀produces.Book
Every account that reads a school is a publication.,Account ⊓ ∃reads.School ⊑ Publication
A project is neither a music nor a device.,Project ⊑ ¬(Music ⊔ Device)
Every software is either a manager or a hardware.,Software ⊑ Manager ⊔ Hardware
No department is a dog.,Department ⊑ ¬Dog
Every dog is a invoice.,Dog ⊑ Invoice
Every artist that attends only companys is a project.,Artist ⊓ ∀attends.Company ⊑ Project
No publication is a department.,Publication ⊑ ¬Department
Anything that maintains only scientists.,∀maintains.Scientist
Every library is both a scientist and a car.,Library ⊑ Scientist ⊓ Car
All buildings are defined as a doctor or a bank.,Building ⊑ Doctor ⊔ Bank
Every scientist funds only buildings.,Scientist ⊑ ∀funds.Building
All hospitals are defined as a department or a customer.,Hospital ⊑ Department ⊔ Customer
A course cannot be a book.,Course ⊑ ¬Book
A person is something that owns a company.,Person ⊑ ∃owns.Company
Every movie that works for only books is a vehicle.,Movie ⊓ ∀worksFor.Book ⊑ Vehicle
Nothing that is a product is a engineer.,Product ⊑ ¬Engineer
Every order is either a service or a city.,Order ⊑ Service ⊔ City
A teacher is neither a scientist nor a customer.,Teacher ⊑ ¬(Scientist ⊔ Customer)
Every device is either a supplier or a engineer.,Device ⊑ Supplier ⊔ Engineer
"If a school teaches anything, it must be a music.",School ⊑ ∀teaches.Music
Every patient teaches only products.,Patient ⊑ ∀teaches.Product
Whatever is both a city and a school supervises a software.,City ⊓ School ⊑ ∃supervises.Software
Every teacher that uses only hardwares is a customer.,Teacher ⊓ ∀uses.Hardware ⊑ Customer
A artist is neither a employee nor a book.,Artist ⊑ ¬(Employee ⊔ Book)
Each supplier buys a animal.,Supplier ⊑ ∃buys.Animal
Nothing that is a order is a organization.,Order ⊑ ¬Organization
Every school that funds a project is a service.,School ⊓ ∃funds.Project ⊑ Service
Each doctor manages a transaction.,Doctor ⊑ ∃manages.Transaction
Nothing that is a machine is a bank.,Machine ⊑ ¬Bank
Every invoice has child at least one dog.,Invoice ⊑ ∃hasChild.Dog
Nothing that is a service is a machine.,Service ⊑ ¬Machine
Whatever is both a service and a doctor likes a country.,Service ⊓ Doctor ⊑ ∃likes.Country
Every music that delivers a account is a course.,Music ⊓ ∃delivers.Account ⊑ Course
Every researcher that buys only doctors is a account.,Researcher ⊓ ∀buys.Doctor ⊑ Account
Every food is a doctor that delivers at least one school.,Food ⊑ Doctor ⊓ ∃delivers.School
Every transaction authors at least one university.,Transaction ⊑ ∃authors.University
Every hardware authors at least one customer.,Hardware ⊑ ∃authors.Customer
Every project is either a device or a movie.,Project ⊑ Device ⊔ Movie
Anything that teaches a project also teaches a department.,∃teaches.Project ⊑ ∃teaches.Department
A animal is something that produces a transaction.,Animal ⊑ ∃produces.Transaction
Every department is a researcher that attends at least one publication.,Department ⊑ Researcher ⊓ ∃attends.Publication
Every engineer is a country.,Engineer ⊑ Country
Anything that maintains a software.,∃maintains.Software
Whatever is both a hospital and a city develops a vehicle.,Hospital ⊓ City ⊑ ∃develops.Vehicle
Every building is a service that buys only invoices.,Building ⊑ Service ⊓ ∀buys.Invoice
A scientist is always a person.,Scientist ⊑ Person
All hardwares are engineers as well as artists.,Hardware ⊑ Engineer ⊓ Artist
All departments are projects.,Department ⊑ Project
All movies are defined as a teacher or a project.,Movie ⊑ Teacher ⊔ Project
Every scientist works for only things that are either a animal or a cat.,Scientist ⊑ ∀worksFor.(Animal ⊔ Cat)
All patients are invoices.,Patient ⊑ Invoice
Every organization is a engineer that delivers only movies.,Organization ⊑ Engineer ⊓ ∀delivers.Movie
Every scientist that authors a device is a hardware.,Scientist ⊓ ∃authors.Device ⊑ Hardware
Each machine works for a food.,Machine ⊑ ∃worksFor.Food
A animal is neither a dog nor a food.,Animal ⊑ ¬(Dog ⊔ Food)
Every manager works for only things that are either a order or a hardware.,Manager ⊑ ∀worksFor.(Order ⊔ Hardware)
A building or a publication.,Building ⊔ Publication
Anything that reads a company also reads a cat.,∃reads.Company ⊑ ∃reads.Cat
Every vehicle teaches only banks.,Vehicle ⊑ ∀teaches.Bank
No device is a transaction.,Device ⊑ ¬Transaction
A building is always a transaction.,Building ⊑ Transaction
Every account maintains something that is both a organization and a order.,Account ⊑ ∃maintains.(Organization ⊓ Order)
Anything that develops a dog also develops a country.,∃develops.Dog ⊑ ∃develops.Country
Anything that develops only publications.,∀develops.Publication
Anything that sells a transaction.,∃sells.Transaction
Anything that delivers a engineer.,∃delivers.Engineer
A book or a person.,Book ⊔ Person
Each artist maintains a researcher.,Artist ⊑ ∃maintains.Researcher
A invoice is something that knows a teacher.,Invoice ⊑ ∃knows.Teacher
"If a artist funds anything, it must be a vehicle.",Artist ⊑ ∀funds.Vehicle
A bank and a organization.,Bank ⊓ Organization
A animal or a university.,Animal ⊔ University
A person is neither a researcher nor a library.,Person ⊑ ¬(Researcher ⊔ Library)
Every device is either a supplier or a transaction.,Device ⊑ Supplier ⊔ Transaction
Every building is a teacher that treats only musics.,Building ⊑ Teacher ⊓ ∀treats.Music
Anything that operates a artist.,∃operates.Artist
Whatever is both a cat and a service designs a invoice.,Cat ⊓ Service ⊑ ∃designs.Invoice
All schools are animals.,School ⊑ Animal
Every dog is a hardware that has child only softwares.,Dog ⊑ Hardware ⊓ ∀hasChild.Software
A device and a library.,Device ⊓ Library
A project is always a company.,Project ⊑ Company
Every artist develops at least one software.,Artist ⊑ ∃develops.Software
Anything that manages only departments.,∀manages.Department
Anything that delivers a animal also delivers a account.,∃delivers.Animal ⊑ ∃delivers.Account
All companys are invoices.,Company ⊑ Invoice
Whatever is both a city and a food produces a product.,City ⊓ Food ⊑ ∃produces.Product
A school and a animal.,School ⊓ Animal
All doctors are defined as a teacher or a book.,Doctor ⊑ Teacher ⊔ Book
Every student treats only buildings.,Student ⊑ ∀treats.Building
A cat and a building.,Cat ⊓ Building
A dog or a project.,Dog ⊔ Project
Every publication is a vehicle that teaches only transactions.,Publication ⊑ Vehicle ⊓ ∀teaches.Transaction
Each customer manages a account.,Customer ⊑ ∃manages.Account
Every animal is a teacher.,Animal ⊑ Teacher
Anything that teaches a doctor also teaches a cat.,∃teaches.Doctor ⊑ ∃teaches.Cat
No school is a movie.,School ⊑ ¬Movie
A animal likes exclusively artists.,Animal ⊑ ∀likes.Artist
A book and a organization.,Book ⊓ Organization
Every researcher is either a product or a movie.,Researcher ⊑ Product ⊔ Movie
A course cannot be a company.,Course ⊑ ¬Company
Anything that attends only universitys.,∀attends.University
"If a plant is located in anything, it must be a hardware.",Plant ⊑ ∀locatedIn.Hardware
A account cannot be a organization.,Account ⊑ ¬Organization
Nothing that is a manager is a animal.,Manager ⊑ ¬Animal
"If a product has child anything, it must be a employee.",Product ⊑ ∀hasChild.Employee
Anything that supervises a employee.,∃supervises.Employee
All doctors are orders.,Doctor ⊑ Order
Every scientist that delivers a machine is a artist.,Scientist ⊓ ∃delivers.Machine ⊑ Artist
Every product that produces a engineer is a plant.,Product ⊓ ∃produces.Engineer ⊑ Plant
Every movie is either a book or a account.,Movie ⊑ Book ⊔ Account
A service is always a device.,Service ⊑ Device
Every bank buys only things that are either a service or a patient.,Bank ⊑ ∀buys.(Service ⊔ Patient)
A library or a music.,Library ⊔ Music
Anything that is located in a project.,∃locatedIn.Project
All banks are defined as a supplier or a department.,Bank ⊑ Supplier ⊔ Department
Every hospital is either a dog or a service.,Hospital ⊑ Dog ⊔ Service
Each course maintains a organization.,Course ⊑ ∃maintains.Organization
A publication supervises exclusively universitys.,Publication ⊑ ∀supervises.University
Every account operates only things that are either a patient or a dog.,Account ⊑ ∀operates.(Patient ⊔ Dog)
Every manager is a animal that buys at least one software.,Manager ⊑ Animal ⊓ ∃buys.Software
Every machine maintains at least one invoice.,Machine ⊑ ∃maintains.Invoice
Every building is both a hardware and a course.,Building ⊑ Hardware ⊓ Course
A cat is always a vehicle.,Cat ⊑ Vehicle
A order is something that operates a device.,Order ⊑ ∃operates.Device
Every city that creates a department is a movie.,City ⊓ ∃creates.Department ⊑ Movie
A account is always a device.,Account ⊑ Device
A scientist operates exclusively services.,Scientist ⊑ ∀operates.Service
No product is a department.,Product ⊑ ¬Department
A scientist is always a patient.,Scientist ⊑ Patient
A customer is neither a dog nor a hospital.,Customer ⊑ ¬(Dog ⊔ Hospital)
Every employee is a doctor that treats only vehicles.,Employee ⊑ Doctor ⊓ ∀treats.Vehicle
Whatever is both a machine and a artist treats a person.,Machine ⊓ Artist ⊑ ∃treats.Person
Every project is a product that produces only softwares.,Project ⊑ Product ⊓ ∀produces.Software
Every engineer attends at least one device.,Engineer ⊑ ∃attends.Device
A library and a dog.,Library ⊓ Dog
Every library delivers something that is both a animal and a order.,Library ⊑ ∃delivers.(Animal ⊓ Order)
All persons are defined as a doctor or a machine.,Person ⊑ Doctor ⊔ Machine
Every supplier teaches only publications.,Supplier ⊑ ∀teaches.Publication
All persons are defined as a hardware or a employee.,Person ⊑ Hardware ⊔ Employee
"If a plant has child anything, it must be a researcher.",Plant ⊑ ∀hasChild.Researcher
Every machine is both a order and a bank.,Machine ⊑ Order ⊓ Bank
Every dog is a account that supervises at least one customer.,Dog ⊑ Account ⊓ ∃supervises.Customer
Every order creates at least one software.,Order ⊑ ∃creates.Software
Nothing that is a building is a publication.,Building ⊑ ¬Publication
Every food produces at least one invoice.,Food ⊑ ∃produces.Invoice
Anything that works for a movie also works for a publication.,∃worksFor.Movie ⊑ ∃worksFor.Publication
Every student is a project that sells at least one transaction.,Student ⊑ Project ⊓ ∃sells.Transaction
Every order is a publication that treats only doctors.,Order ⊑ Publication ⊓ ∀treats.Doctor
Every invoice is a service that maintains at least one bank.,Invoice ⊑ Service ⊓ ∃maintains.Bank
A engineer is something that uses a department.,Engineer ⊑ ∃uses.Department
A hardware is something that knows a product.,Hardware ⊑ ∃knows.Product
Every scientist is both a department and a order.,Scientist ⊑ Department ⊓ Order
A hospital delivers exclusively transactions.,Hospital ⊑ ∀delivers.Transaction
Every company develops only invoices.,Company ⊑ ∀develops.Invoice
All buildings are defined as a teacher or a device.,Building ⊑ Teacher ⊔ Device
All buildings are defined as a researcher or a machine.,Building ⊑ Researcher ⊔ Machine
A project is always a transaction.,Project ⊑ Transaction
Each school works for a doctor.,School ⊑ ∃worksFor.Doctor
Every movie is both a building and a artist.,Movie ⊑ Building ⊓ Artist
A library is always a artist.,Library ⊑ Artist
A engineer or a employee.,Engineer ⊔ Employee
A person is neither a building nor a service.,Person ⊑ ¬(Building ⊔ Service)
Whatever is both a building and a device likes a transaction.,Building ⊓ Device ⊑ ∃likes.Transaction
A plant is something that teaches a organization.,Plant ⊑ ∃teaches.Organization
Every scientist that develops a animal is a transaction.,Scientist ⊓ ∃develops.Animal ⊑ Transaction
All buildings are employees as well as artists.,Building ⊑ Employee ⊓ Artist
Nothing that is a device is a employee.,Device ⊑ ¬Employee
Every engineer sells something that is both a student and a organization.,Engineer ⊑ ∃sells.(Student ⊓ Organization)
A publication is always a university.,Publication ⊑ University
All companys are publications as well as engineers.,Company ⊑ Publication ⊓ Engineer
Anything that maintains a country also maintains a person.,∃maintains.Country ⊑ ∃maintains.Person
Nothing that is a machine is a project.,Machine ⊑ ¬Project
All banks are defined as a department or a country.,Bank ⊑ Department ⊔ Country
Anything that likes a school.,∃likes.School
A project is always a scientist.,Project ⊑ Scientist
A customer is neither a city nor a movie.,Customer ⊑ ¬(City ⊔ Movie)
Every artist that develops only courses is a vehicle.,Artist ⊓ ∀develops.Course ⊑ Vehicle
Every plant that is located in only employees is a music.,Plant ⊓ ∀locatedIn.Employee ⊑ Music
A researcher is neither a employee nor a course.,Researcher ⊑ ¬(Employee ⊔ Course)
Every building owns at least one animal.,Building ⊑ ∃owns.Animal
Every library sells at least one account.,Library ⊑ ∃sells.Account
All orders are projects as well as schools.,Order ⊑ Project ⊓ School
A product or a customer.,Product ⊔ Customer
Every library operates only teachers.,Library ⊑ ∀operates.Teacher
Every plant is a order that funds at least one engineer.,Plant ⊑ Order ⊓ ∃funds.Engineer
Anything that is located in a company also is located in a cat.,∃locatedIn.Company ⊑ ∃locatedIn.Cat
Every machine is a supplier that creates at least one service.,Machine ⊑ Supplier ⊓ ∃creates.Service
Every city that develops only transactions is a library.,City ⊓ ∀develops.Transaction ⊑ Library
A book is neither a school nor a cat.,Book ⊑ ¬(School ⊔ Cat)
Every department that has child a dog is a hardware.,Department ⊓ ∃hasChild.Dog ⊑ Hardware
Every person is a manager that manages only invoices.,Person ⊑ Manager ⊓ ∀manages.Invoice
Every patient knows only librarys.,Patient ⊑ ∀knows.Library
Every country is both a transaction and a organization.,Country ⊑ Transaction ⊓ Organization
All students are engineers.,Student ⊑ Engineer
Anything that funds only vehicles.,∀funds.Vehicle
No account is a researcher.,Account ⊑ ¬Researcher
A customer cannot be a movie.,Customer ⊑ ¬Movie
Every department authors something that is both a researcher and a bank.,Department ⊑ ∃authors.(Researcher ⊓ Bank)
All movies are organizations as well as services.,Movie ⊑ Organization ⊓ Service
Every service is a company that delivers at least one order.,Service ⊑ Company ⊓ ∃delivers.Order
Whatever is both a movie and a dog authors a country.,Movie ⊓ Dog ⊑ ∃authors.Country
A manager is neither a company nor a employee.,Manager ⊑ ¬(Company ⊔ Employee)
Every cat is located in at least one employee.,Cat ⊑ ∃locatedIn.Employee
Anything that sells only departments.,∀sells.Department
No project is a software.,Project ⊑ ¬Software
Anything that delivers only patients.,∀delivers.Patient
All managers are patients as well as teachers.,Manager ⊑ Patient ⊓ Teacher
A transaction has child exclusively countrys.,Transaction ⊑ ∀hasChild.Country
Whatever is both a hospital and a project funds a music.,Hospital ⊓ Project ⊑ ∃funds.Music
Every teacher is a movie.,Teacher ⊑ Movie
A bank cannot be a cat.,Bank ⊑ ¬Cat
Every university is a account.,University ⊑ Account
A supplier is something that operates a transaction.,Supplier ⊑ ∃operates.Transaction
Every bank is both a person and a customer.,Bank ⊑ Person ⊓ Customer
No device is a software.,Device ⊑ ¬Software
Every animal is a supplier that funds only employees.,Animal ⊑ Supplier ⊓ ∀funds.Employee
Every doctor is a food that likes at least one software.,Doctor ⊑ Food ⊓ ∃likes.Software
A service is always a organization.,Service ⊑ Organization
Nothing that is a hardware is a teacher.,Hardware ⊑ ¬Teacher
A animal and a bank.,Animal ⊓ Bank
Every bank is a plant that works for at least one hospital.,Bank ⊑ Plant ⊓ ∃worksFor.Hospital
Whatever is both a artist and a product treats a book.,Artist ⊓ Product ⊑ ∃treats.Book
All books are students.,Book ⊑ Student
Every manager is both a hospital and a customer.,Manager ⊑ Hospital ⊓ Customer
Every animal is a hospital that buys at least one software.,Animal ⊑ Hospital ⊓ ∃buys.Software
Every teacher is a cat.,Teacher ⊑ Cat
Every transaction manages something that is both a teacher and a supplier.,Transaction ⊑ ∃manages.(Teacher ⊓ Supplier)
Every software is a project that owns only machines.,Software ⊑ Project ⊓ ∀owns.Machine
A teacher is always a project.,Teacher ⊑ Project
Every building is a engineer.,Building ⊑ Engineer
Every music that authors a publication is a person.,Music ⊓ ∃authors.Publication ⊑ Person
Every employee is a animal that buys at least one patient.,Employee ⊑ Animal ⊓ ∃buys.Patient
Anything that manages only machines.,∀manages.Machine
No hospital is a scientist.,Hospital ⊑ ¬Scientist
A book is always a order.,Book ⊑ Order
Every supplier is a dog that creates only researchers.,Supplier ⊑ Dog ⊓ ∀creates.Researcher
A software attends exclusively publications.,Software ⊑ ∀attends.Publication
A teacher is neither a machine nor a department.,Teacher ⊑ ¬(Machine ⊔ Department)
A researcher is always a company.,Researcher ⊑ Company
Nothing that is a bank is a food.,Bank ⊑ ¬Food
Each city treats a machine.,City ⊑ ∃treats.Machine
No artist is a engineer.,Artist ⊑ ¬Engineer
Every hospital is a doctor.,Hospital ⊑ Doctor
Nothing that is a doctor is a account.,Doctor ⊑ ¬Account
Whatever is both a organization and a invoice sells a bank.,Organization ⊓ Invoice ⊑ ∃sells.Bank
Every publication that funds a vehicle is a project.,Publication ⊓ ∃funds.Vehicle ⊑ Project
All invoices are schools as well as products.,Invoice ⊑ School ⊓ Product
Nothing that is a engineer is a bank.,Engineer ⊑ ¬Bank
Nothing that is a account is a hospital.,Account ⊑ ¬Hospital
Every animal is a plant that has child at least one invoice.,Animal ⊑ Plant ⊓ ∃hasChild.Invoice
"If a city uses anything, it must be a book.",City ⊑ ∀uses.Book
No engineer is a food.,Engineer ⊑ ¬Food
Every movie is both a service and a artist.,Movie ⊑ Service ⊓ Artist
All researchers are employees as well as books.,Researcher ⊑ Employee ⊓ Book
Every building is a hospital that authors only departments.,Building ⊑ Hospital ⊓ ∀authors.Department
Every teacher is a employee that knows only musics.,Teacher ⊑ Employee ⊓ ∀knows.Music
A vehicle or a order.,Vehicle ⊔ Order
Anything that designs only teachers.,∀designs.Teacher
All softwares are departments.,Software ⊑ Department
Anything that owns a researcher.,∃owns.Researcher
Every product that reads only machines is a dog.,Product ⊓ ∀reads.Machine ⊑ Dog
Every city is either a car or a patient.,City ⊑ Car ⊔ Patient
A book is something that works for a customer.,Book ⊑ ∃worksFor.Customer
Anything that reads a hospital.,∃reads.Hospital
A vehicle cannot be a engineer.,Vehicle ⊑ ¬Engineer
Every food designs at least one publication.,Food ⊑ ∃designs.Publication
A artist and a plant.,Artist ⊓ Plant
Every bank is either a publication or a teacher.,Bank ⊑ Publication ⊔ Teacher
All companys are publications.,Company ⊑ Publication
Each invoice owns a course.,Invoice ⊑ ∃owns.Course
Whatever is both a organization and a scientist funds a course.,Organization ⊓ Scientist ⊑ ∃funds.Course
Anything that owns only devices.,∀owns.Device
A invoice is always a school.,Invoice ⊑ School
A building has child exclusively services.,Building ⊑ ∀hasChild.Service
Every order that reads only citys is a dog.,Order ⊓ ∀reads.City ⊑ Dog
A car develops exclusively machines.,Car ⊑ ∀develops.Machine
Whatever is both a person and a invoice teaches a teacher.,Person ⊓ Invoice ⊑ ∃teaches.Teacher
Anything that reads a university.,∃reads.University
Every supplier manages only buildings.,Supplier ⊑ ∀manages.Building
Each hospital operates a city.,Hospital ⊑ ∃operates.City
A person is neither a bank nor a transaction.,Person ⊑ ¬(Bank ⊔ Transaction)
A publication and a plant.,Publication ⊓ Plant
Every doctor is a student that creates at least one building.,Doctor ⊑ Student ⊓ ∃creates.Building
A course or a account.,Course ⊔ Account
Every machine that buys only students is a service.,Machine ⊓ ∀buys.Student ⊑ Service
A publication is neither a account nor a supplier.,Publication ⊑ ¬(Account ⊔ Supplier)
Every food delivers something that is both a artist and a service.,Food ⊑ ∃delivers.(Artist ⊓ Service)
Every person is a artist that supervises at least one manager.,Person ⊑ Artist ⊓ ∃supervises.Manager
Whatever is both a bank and a cat teaches a school.,Bank ⊓ Cat ⊑ ∃teaches.School
A order or a company.,Order ⊔ Company
"If a device works for anything, it must be a vehicle.",Device ⊑ ∀worksFor.Vehicle
Anything that creates only employees.,∀creates.Employee
All customers are defined as a employee or a researcher.,Customer ⊑ Employee ⊔ Researcher
Each engineer knows a teacher.,Engineer ⊑ ∃knows.Teacher
Nothing that is a music is a hardware.,Music ⊑ ¬Hardware
"If a account likes anything, it must be a vehicle.",Account ⊑ ∀likes.Vehicle
Every music is both a software and a researcher.,Music ⊑ Software ⊓ Researcher
Every machine that designs only banks is a vehicle.,Machine ⊓ ∀designs.Bank ⊑ Vehicle
A car is neither a dog nor a plant.,Car ⊑ ¬(Dog ⊔ Plant)
Every library teaches only orders.,Library ⊑ ∀teaches.Order
A food is always a plant.,Food ⊑ Plant
Every school delivers only researchers.,School ⊑ ∀delivers.Researcher
"If a library buys anything, it must be a software.",Library ⊑ ∀buys.Software
Anything that works for only librarys.,∀worksFor.Library
A service and a doctor.,Service ⊓ Doctor
A manager or a patient.,Manager ⊔ Patient
No bank is a project.,Bank ⊑ ¬Project
Anything that has child a vehicle also has child a school.,∃hasChild.Vehicle ⊑ ∃hasChild.School
A invoice or a library.,Invoice ⊔ Library
Anything that designs a invoice.,∃designs.Invoice
Every student is a organization that works for at least one book.,Student ⊑ Organization ⊓ ∃worksFor.Book
Every car is a school.,Car ⊑ School
A machine is something that funds a cat.,Machine ⊑ ∃funds.Cat
Every dog creates something that is both a hospital and a machine.,Dog ⊑ ∃creates.(Hospital ⊓ Machine)
Every school that buys a hardware is a product.,School ⊓ ∃buys.Hardware ⊑ Product
A device or a publication.,Device ⊔ Publication
Every country knows something that is both a car and a building.,Country ⊑ ∃knows.(Car ⊓ Building)
A employee or a project.,Employee ⊔ Project
Each course operates a engineer.,Course ⊑ ∃operates.Engineer
A department or a account.,Department ⊔ Account
Every project manages something that is both a course and a city.,Project ⊑ ∃manages.(Course ⊓ City)
All dogs are devices.,Dog ⊑ Device
All vehicles are foods as well as departments.,Vehicle ⊑ Food ⊓ Department
Every teacher that knows a movie is a dog.,Teacher ⊓ ∃knows.Movie ⊑ Dog
A food cannot be a product.,Food ⊑ ¬Product
"If a animal supervises anything, it must be a researcher.",Animal ⊑ ∀supervises.Researcher
Anything that treats a service.,∃treats.Service
Every software is a university.,Software ⊑ University
Every organization that creates a building is a device.,Organization ⊓ ∃creates.Building ⊑ Device
A device cannot be a transaction.,Device ⊑ ¬Transaction
Every researcher that teaches a transaction is a building.,Researcher ⊓ ∃teaches.Transaction ⊑ Building
A library cannot be a hardware.,Library ⊑ ¬Hardware
Every supplier is a engineer.,Supplier ⊑ Engineer
All employees are defined as a doctor or a dog.,Employee ⊑ Doctor ⊔ Dog
Every book is a machine that owns at least one school.,Book ⊑ Machine ⊓ ∃owns.School
Every company works for something that is both a book and a student.,Company ⊑ ∃worksFor.(Book ⊓ Student)
"If a product works for anything, it must be a library.",Product ⊑ ∀worksFor.Library
Every supplier likes only books.,Supplier ⊑ ∀likes.Book
Anything that creates only universitys.,∀creates.University
All accounts are defined as a supplier or a project.,Account ⊑ Supplier ⊔ Project
All persons are defined as a customer or a food.,Person ⊑ Customer ⊔ Food
All products are defined as a plant or a animal.,Product ⊑ Plant ⊔ Animal
A vehicle is always a transaction.,Vehicle ⊑ Transaction
A product is something that designs a organization.,Product ⊑ ∃designs.Organization
Whatever is both a order and a transaction treats a invoice.,Order ⊓ Transaction ⊑ ∃treats.Invoice
Every machine treats only things that are either a scientist or a doctor.,Machine ⊑ ∀treats.(Scientist ⊔ Doctor)
A animal and a building.,Animal ⊓ Building
A machine is always a customer.,Machine ⊑ Customer
A artist is something that authors a company.,Artist ⊑ ∃authors.Company
"If a service treats anything, it must be a account.",Service ⊑ ∀treats.Account
A department and a customer.,Department ⊓ Customer
Anything that produces a animal.,∃produces.Animal
Anything that has child a service.,∃hasChild.Service
Every person produces something that is both a project and a country.,Person ⊑ ∃produces.(Project ⊓ Country)
Every artist is a building that funds at least one researcher.,Artist ⊑ Building ⊓ ∃funds.Researcher
Every organization is a invoice that sells only departments.,Organization ⊑ Invoice ⊓ ∀sells.Department
Every music that manages a city is a student.,Music ⊓ ∃manages.City ⊑ Student
A company is neither a hospital nor a manager.,Company ⊑ ¬(Hospital ⊔ Manager)
Every food that develops only machines is a building.,Food ⊓ ∀develops.Machine ⊑ Building
A country is something that sells a artist.,Country ⊑ ∃sells.Artist
Every researcher that designs a food is a university.,Researcher ⊓ ∃designs.Food ⊑ University
A student develops exclusively countrys.,Student ⊑ ∀develops.Country
All projects are dogs.,Project ⊑ Dog
A plant cannot be a course.,Plant ⊑ ¬Course
All plants are defined as a invoice or a artist.,Plant ⊑ Invoice ⊔ Artist
A organization or a school.,Organization ⊔ School
Every book manages only artists.,Book ⊑ ∀manages.Artist
Anything that likes only softwares.,∀likes.Software
Every library creates only things that are either a animal or a company.,Library ⊑ ∀creates.(Animal ⊔ Company)
Every bank that operates a food is a patient.,Bank ⊓ ∃operates.Food ⊑ Patient
A plant treats exclusively projects.,Plant ⊑ ∀treats.Project
Every organization reads only foods.,Organization ⊑ ∀reads.Food
Every vehicle is either a course or a patient.,Vehicle ⊑ Course ⊔ Patient
Every car maintains only books.,Car ⊑ ∀maintains.Book
Every school that operates a software is a account.,School ⊓ ∃operates.Software ⊑ Account
Every researcher that works for a invoice is a service.,Researcher ⊓ ∃worksFor.Invoice ⊑ Service
No publication is a student.,Publication ⊑ ¬Student
A bank or a food.,Bank ⊔ Food
Whatever is both a scientist and a school authors a cat.,Scientist ⊓ School ⊑ ∃authors.Cat
Every animal that owns a student is a researcher.,Animal ⊓ ∃owns.Student ⊑ Researcher
A bank cannot be a project.,Bank ⊑ ¬Project
A vehicle cannot be a publication.,Vehicle ⊑ ¬Publication
Every researcher that sells a manager is a student.,Researcher ⊓ ∃sells.Manager ⊑ Student
A order is neither a teacher nor a book.,Order ⊑ ¬(Teacher ⊔ Book)
All movies are universitys.,Movie ⊑ University
Anything that works for a country.,∃worksFor.Country
A movie or a person.,Movie ⊔ Person
Anything that authors only machines.,∀authors.Machine
Every plant is a student that treats only doctors.,Plant ⊑ Student ⊓ ∀treats.Doctor
Anything that knows a company also knows a machine.,∃knows.Company ⊑ ∃knows.Machine
Nothing that is a university is a transaction.,University ⊑ ¬Transaction
Every device develops only managers.,Device ⊑ ∀develops.Manager
A person is neither a school nor a vehicle.,Person ⊑ ¬(School ⊔ Vehicle)
A organization and a course.,Organization ⊓ Course
Every patient that delivers only vehicles is a university.,Patient ⊓ ∀delivers.Vehicle ⊑ University
Anything that authors a bank.,∃authors.Bank
Each library knows a patient.,Library ⊑ ∃knows.Patient
Every order owns at least one vehicle.,Order ⊑ ∃owns.Vehicle
A researcher is something that manages a dog.,Researcher ⊑ ∃manages.Dog
Every publication delivers only hospitals.,Publication ⊑ ∀delivers.Hospital
A hardware or a transaction.,Hardware ⊔ Transaction
Every customer is either a hospital or a researcher.,Customer ⊑ Hospital ⊔ Researcher
Each scientist buys a animal.,Scientist ⊑ ∃buys.Animal
Every organization is both a hardware and a invoice.,Organization ⊑ Hardware ⊓ Invoice
A manager and a building.,Manager ⊓ Building
Nothing that is a person is a library.,Person ⊑ ¬Library
No supplier is a product.,Supplier ⊑ ¬Product
Every doctor is a researcher that supervises only projects.,Doctor ⊑ Researcher ⊓ ∀supervises.Project
Every bank designs at least one machine.,Bank ⊑ ∃designs.Machine
Whatever is both a course and a manager attends a food.,Course ⊓ Manager ⊑ ∃attends.Food
Every supplier is either a book or a scientist.,Supplier ⊑ Book ⊔ Scientist
Every hospital is both a order and a transaction.,Hospital ⊑ Order ⊓ Transaction
A account is neither a machine nor a company.,Account ⊑ ¬(Machine ⊔ Company)
Every plant maintains at least one building.,Plant ⊑ ∃maintains.Building
Every hospital treats at least one university.,Hospital ⊑ ∃treats.University
A service is neither a patient nor a researcher.,Service ⊑ ¬(Patient ⊔ Researcher)
Anything that treats a car.,∃treats.Car
Every patient is a employee.,Patient ⊑ Employee
Every student is a department that maintains only customers.,Student ⊑ Department ⊓ ∀maintains.Customer
Every dog is a project that maintains only animals.,Dog ⊑ Project ⊓ ∀maintains.Animal
Anything that uses only managers.,∀uses.Manager
A hospital is neither a service nor a book.,Hospital ⊑ ¬(Service ⊔ Book)
Every hospital is a university that operates only countrys.,Hospital ⊑ University ⊓ ∀operates.Country
Every teacher is either a software or a student.,Teacher ⊑ Software ⊔ Student
Whatever is both a researcher and a customer likes a product.,Researcher ⊓ Customer ⊑ ∃likes.Product
Anything that teaches a customer also teaches a product.,∃teaches.Customer ⊑ ∃teaches.Product
All departments are hardwares.,Department ⊑ Hardware
Whatever is both a account and a course reads a hospital.,Account ⊓ Course ⊑ ∃reads.Hospital
A animal cannot be a account.,Animal ⊑ ¬Account
A researcher is neither a device nor a library.,Researcher ⊑ ¬(Device ⊔ Library)
Every hardware is a library that develops only softwares.,Hardware ⊑ Library ⊓ ∀develops.Software
Anything that uses a hardware.,∃uses.Hardware
All suppliers are countrys.,Supplier ⊑ Country
Every engineer produces at least one library.,Engineer ⊑ ∃produces.Library
Every machine is either a employee or a student.,Machine ⊑ Employee ⊔ Student
A food cannot be a plant.,Food ⊑ ¬Plant
A artist is neither a cat nor a customer.,Artist ⊑ ¬(Cat ⊔ Customer)
A plant is something that creates a invoice.,Plant ⊑ ∃creates.Invoice
Every animal is both a city and a music.,Animal ⊑ City ⊓ Music
A bank is always a manager.,Bank ⊑ Manager
Every software is either a course or a student.,Software ⊑ Course ⊔ Student
All services are movies.,Service ⊑ Movie
Every invoice delivers only companys.,Invoice ⊑ ∀delivers.Company
Anything that supervises a student.,∃supervises.Student
A customer manages exclusively dogs.,Customer ⊑ ∀manages.Dog
Every hospital creates something that is both a patient and a bank.,Hospital ⊑ ∃creates.(Patient ⊓ Bank)
A cat and a hospital.,Cat ⊓ Hospital
Every animal is either a course or a engineer.,Animal ⊑ Course ⊔ Engineer
A book is something that works for a hospital.,Book ⊑ ∃worksFor.Hospital
Every software is located in only things that are either a vehicle or a organization.,Software ⊑ ∀locatedIn.(Vehicle ⊔ Organization)
All animals are devices.,Animal ⊑ Device
Anything that manages only accounts.,∀manages.Account
A cat develops exclusively companys.,Cat ⊑ ∀develops.Company
Every school attends something that is both a building and a order.,School ⊑ ∃attends.(Building ⊓ Order)
All animals are defined as a manager or a music.,Animal ⊑ Manager ⊔ Music
Every animal operates something that is both a order and a movie.,Animal ⊑ ∃operates.(Order ⊓ Movie)
Every supplier is either a book or a invoice.,Supplier ⊑ Book ⊔ Invoice
Anything that operates only services.,∀operates.Service
Nothing that is a student is a artist.,Student ⊑ ¬Artist
Anything that attends a department also attends a device.,∃attends.Department ⊑ ∃attends.Device
Every service is a company that operates only artists.,Service ⊑ Company ⊓ ∀operates.Artist
Every engineer designs something that is both a order and a device.,Engineer ⊑ ∃designs.(Order ⊓ Device)
Every employee is a school that knows at least one book.,Employee ⊑ School ⊓ ∃knows.Book
Each project produces a city.,Project ⊑ ∃produces.City
Anything that works for a order also works for a invoice.,∃worksFor.Order ⊑ ∃worksFor.Invoice
Every vehicle is a invoice that produces at least one company.,Vehicle ⊑ Invoice ⊓ ∃produces.Company
Every course is a country that maintains at least one library.,Course ⊑ Country ⊓ ∃maintains.Library
Every researcher is both a supplier and a city.,Researcher ⊑ Supplier ⊓ City
A student and a city.,Student ⊓ City
Anything that teaches a order.,∃teaches.Order
A course and a company.,Course ⊓ Company
All hardwares are companys as well as movies.,Hardware ⊑ Company ⊓ Movie
Every teacher is a transaction that has child at least one hospital.,Teacher ⊑ Transaction ⊓ ∃hasChild.Hospital
All doctors are dogs.,Doctor ⊑ Dog
Anything that creates a manager also creates a invoice.,∃creates.Manager ⊑ ∃creates.Invoice
Every doctor is a supplier that treats only transactions.,Doctor ⊑ Supplier ⊓ ∀treats.Transaction
Every university is both a researcher and a device.,University ⊑ Researcher ⊓ Device
Every movie is located in only machines.,Movie ⊑ ∀locatedIn.Machine
Anything that manages a city.,∃manages.City
A dog is neither a cat nor a machine.,Dog ⊑ ¬(Cat ⊔ Machine)
Every city treats at least one order.,City ⊑ ∃treats.Order
No department is a vehicle.,Department ⊑ ¬Vehicle
A country is something that sells a machine.,Country ⊑ ∃sells.Machine
"If a food likes anything, it must be a bank.",Food ⊑ ∀likes.Bank
"If a order owns anything, it must be a building.",Order ⊑ ∀owns.Building
All buildings are projects as well as foods.,Building ⊑ Project ⊓ Food
All musics are defined as a animal or a student.,Music ⊑ Animal ⊔ Student
All movies are employees.,Movie ⊑ Employee
Every customer is both a country and a hardware.,Customer ⊑ Country ⊓ Hardware
Every bank is a food that manages at least one library.,Bank ⊑ Food ⊓ ∃manages.Library
"If a city has child anything, it must be a product.",City ⊑ ∀hasChild.Product
Every country owns at least one animal.,Country ⊑ ∃owns.Animal
A vehicle or a course.,Vehicle ⊔ Course
Every teacher is either a music or a invoice.,Teacher ⊑ Music ⊔ Invoice
Anything that designs a doctor also designs a hospital.,∃designs.Doctor ⊑ ∃designs.Hospital
Every course uses only things that are either a bank or a country.,Course ⊑ ∀uses.(Bank ⊔ Country)
A plant is always a invoice.,Plant ⊑ Invoice
Every hardware delivers only things that are either a dog or a service.,Hardware ⊑ ∀delivers.(Dog ⊔ Service)
Every employee is a music.,Employee ⊑ Music
Each music supervises a publication.,Music ⊑ ∃supervises.Publication
A artist and a animal.,Artist ⊓ Animal
A researcher is always a course.,Researcher ⊑ Course
Every music that creates a publication is a scientist.,Music ⊓ ∃creates.Publication ⊑ Scientist
A dog is something that designs a product.,Dog ⊑ ∃designs.Product
A country cannot be a department.,Country ⊑ ¬Department
Every dog works for only things that are either a organization or a book.,Dog ⊑ ∀worksFor.(Organization ⊔ Book)
A food is something that supervises a department.,Food ⊑ ∃supervises.Department
Every device has child only things that are either a car or a student.,Device ⊑ ∀hasChild.(Car ⊔ Student)
"If a music owns anything, it must be a engineer.",Music ⊑ ∀owns.Engineer
A service is always a book.,Service ⊑ Book
Anything that maintains a course also maintains a employee.,∃maintains.Course ⊑ ∃maintains.Employee
A scientist is something that works for a country.,Scientist ⊑ ∃worksFor.Country
All researchers are defined as a course or a device.,Researcher ⊑ Course ⊔ Device
Every school that creates a order is a service.,School ⊓ ∃creates.Order ⊑ Service
Anything that attends a car.,∃attends.Car
A company and a organization.,Company ⊓ Organization
A order cannot be a vehicle.,Order ⊑ ¬Vehicle
Every organization attends only things that are either a transaction or a library.,Organization ⊑ ∀attends.(Transaction ⊔ Library)
A department is something that has child a invoice.,Department ⊑ ∃hasChild.Invoice
A country or a city.,Country ⊔ City
Every library is both a food and a machine.,Library ⊑ Food ⊓ Machine
Each doctor treats a person.,Doctor ⊑ ∃treats.Person
Anything that creates a dog also creates a bank.,∃creates.Dog ⊑ ∃creates.Bank
A account and a customer.,Account ⊓ Customer
Anything that operates only managers.,∀operates.Manager
All employees are cats.,Employee ⊑ Cat
All accounts are defined as a scientist or a movie.,Account ⊑ Scientist ⊔ Movie
Every teacher uses something that is both a person and a country.,Teacher ⊑ ∃uses.(Person ⊓ Country)
Anything that creates only animals.,∀creates.Animal
All teachers are defined as a publication or a hardware.,Teacher ⊑ Publication ⊔ Hardware
Nothing that is a country is a course.,Country ⊑ ¬Course
Every doctor is either a service or a publication.,Doctor ⊑ Service ⊔ Publication
Every school that is located in a order is a project.,School ⊓ ∃locatedIn.Order ⊑ Project
No dog is a teacher.,Dog ⊑ ¬Teacher
Anything that produces a company also produces a food.,∃produces.Company ⊑ ∃produces.Food
Whatever is both a country and a engineer likes a school.,Country ⊓ Engineer ⊑ ∃likes.School
A course is something that treats a dog.,Course ⊑ ∃treats.Dog
"If a movie teaches anything, it must be a artist.",Movie ⊑ ∀teaches.Artist
A project and a employee.,Project ⊓ Employee
All buildings are countrys.,Building ⊑ Country
Each order teaches a researcher.,Order ⊑ ∃teaches.Researcher
Each plant sells a account.,Plant ⊑ ∃sells.Account
Each hospital treats a researcher.,Hospital ⊑ ∃treats.Researcher
No plant is a doctor.,Plant ⊑ ¬Doctor
Nothing that is a course is a university.,Course ⊑ ¬University
Whatever is both a movie and a machine develops a vehicle.,Movie ⊓ Machine ⊑ ∃develops.Vehicle
Every school is a device.,School ⊑ Device
A city is always a hospital.,City ⊑ Hospital
Whatever is both a cat and a student creates a organization.,Cat ⊓ Student ⊑ ∃creates.Organization
Every researcher is a supplier that develops only foods.,Researcher ⊑ Supplier ⊓ ∀develops.Food
No dog is a project.,Dog ⊑ ¬Project
Each account buys a movie.,Account ⊑ ∃buys.Movie
Every company is a scientist that has child at least one movie.,Company ⊑ Scientist ⊓ ∃hasChild.Movie
Every engineer is either a teacher or a music.,Engineer ⊑ Teacher ⊔ Music
Every publication is either a transaction or a device.,Publication ⊑ Transaction ⊔ Device
Anything that likes a employee also likes a music.,∃likes.Employee ⊑ ∃likes.Music
Every employee maintains something that is both a manager and a hardware.,Employee ⊑ ∃maintains.(Manager ⊓ Hardware)
Every doctor authors at least one supplier.,Doctor ⊑ ∃authors.Supplier
Every student is both a supplier and a doctor.,Student ⊑ Supplier ⊓ Doctor
Nothing that is a customer is a supplier.,Customer ⊑ ¬Supplier
A music is neither a project nor a researcher.,Music ⊑ ¬(Project ⊔ Researcher)
Anything that maintains a animal.,∃maintains.Animal
A plant cannot be a movie.,Plant ⊑ ¬Movie
Every book supervises only hospitals.,Book ⊑ ∀supervises.Hospital
Anything that reads a device.,∃reads.Device
A order is always a food.,Order ⊑ Food
A artist is something that teaches a order.,Artist ⊑ ∃teaches.Order
Every cat owns only services.,Cat ⊑ ∀owns.Service
Every library is a account that sells at least one project.,Library ⊑ Account ⊓ ∃sells.Project
Every artist works for only musics.,Artist ⊑ ∀worksFor.Music
A service or a order.,Service ⊔ Order
A project or a publication.,Project ⊔ Publication
Every city produces only things that are either a school or a order.,City ⊑ ∀produces.(School ⊔ Order)
A employee teaches exclusively hardwares.,Employee ⊑ ∀teaches.Hardware
Every patient reads only universitys.,Patient ⊑ ∀reads.University
No service is a movie.,Service ⊑ ¬Movie
Every country works for only things that are either a plant or a machine.,Country ⊑ ∀worksFor.(Plant ⊔ Machine)
A university is neither a student nor a researcher.,University ⊑ ¬(Student ⊔ Researcher)
Every service is a department that teaches only suppliers.,Service ⊑ Department ⊓ ∀teaches.Supplier
A invoice is always a account.,Invoice ⊑ Account
A transaction buys exclusively services.,Transaction ⊑ ∀buys.Service
Anything that attends only cats.,∀attends.Cat
Nothing that is a doctor is a scientist.,Doctor ⊑ ¬Scientist
No order is a software.,Order ⊑ ¬Software
Every researcher funds at least one person.,Researcher ⊑ ∃funds.Person
Anything that creates a bank.,∃creates.Bank
Every scientist that produces only transactions is a hospital.,Scientist ⊓ ∀produces.Transaction ⊑ Hospital
Anything that creates only foods.,∀creates.Food
Every library that works for a supplier is a animal.,Library ⊓ ∃worksFor.Supplier ⊑ Animal
A publication cannot be a person.,Publication ⊑ ¬Person
Every student has child only things that are either a bank or a book.,Student ⊑ ∀hasChild.(Bank ⊔ Book)
A building and a music.,Building ⊓ Music
Every software is both a order and a artist.,Software ⊑ Order ⊓ Artist
A animal is always a service.,Animal ⊑ Service
A student is something that treats a researcher.,Student ⊑ ∃treats.Researcher
Every bank that sells only products is a hospital.,Bank ⊓ ∀sells.Product ⊑ Hospital
Every product is a machine.,Product ⊑ Machine
A device or a supplier.,Device ⊔ Supplier
Every patient is a artist.,Patient ⊑ Artist
A hospital is something that designs a machine.,Hospital ⊑ ∃designs.Machine
"If a organization supervises anything, it must be a teacher.",Organization ⊑ ∀supervises.Teacher
Anything that maintains a machine.,∃maintains.Machine
Every hospital is a car that teaches only accounts.,Hospital ⊑ Car ⊓ ∀teaches.Account
Every student likes only orders.,Student ⊑ ∀likes.Order
"If a manager reads anything, it must be a company.",Manager ⊑ ∀reads.Company
Whatever is both a building and a researcher maintains a hospital.,Building ⊓ Researcher ⊑ ∃maintains.Hospital
Every plant is a product that reads at least one bank.,Plant ⊑ Product ⊓ ∃reads.Bank
Every course is a organization.,Course ⊑ Organization
Anything that uses a product.,∃uses.Product
Every cat is both a machine and a library.,Cat ⊑ Machine ⊓ Library
Anything that treats a account also treats a movie.,∃treats.Account ⊑ ∃treats.Movie
Whatever is both a organization and a transaction supervises a account.,Organization ⊓ Transaction ⊑ ∃supervises.Account
A library is something that sells a music.,Library ⊑ ∃sells.Music
Every course produces something that is both a engineer and a vehicle.,Course ⊑ ∃produces.(Engineer ⊓ Vehicle)
Every doctor that treats a movie is a building.,Doctor ⊓ ∃treats.Movie ⊑ Building
Nothing that is a book is a course.,Book ⊑ ¬Course
No invoice is a hospital.,Invoice ⊑ ¬Hospital
A hardware and a employee.,Hardware ⊓ Employee
Whatever is both a country and a plant authors a library.,Country ⊓ Plant ⊑ ∃authors.Library
Nothing that is a university is a teacher.,University ⊑ ¬Teacher
A researcher is something that manages a engineer.,Researcher ⊑ ∃manages.Engineer
"If a car likes anything, it must be a hospital.",Car ⊑ ∀likes.Hospital
Every plant is located in something that is both a teacher and a hardware.,Plant ⊑ ∃locatedIn.(Teacher ⊓ Hardware)
Whatever is both a project and a bank maintains a university.,Project ⊓ Bank ⊑ ∃maintains.University
Every patient is a account that buys only employees.,Patient ⊑ Account ⊓ ∀buys.Employee
Every service maintains something that is both a researcher and a patient.,Service ⊑ ∃maintains.(Researcher ⊓ Patient)
Anything that uses only hardwares.,∀uses.Hardware
No course is a artist.,Course ⊑ ¬Artist
All organizations are defined as a course or a transaction.,Organization ⊑ Course ⊔ Transaction
Each university manages a hospital.,University ⊑ ∃manages.Hospital
A music cannot be a food.,Music ⊑ ¬Food
No book is a product.,Book ⊑ ¬Product
Every organization is both a building and a cat.,Organization ⊑ Building ⊓ Cat
Nothing that is a doctor is a company.,Doctor ⊑ ¬Company
A invoice is neither a food nor a artist.,Invoice ⊑ ¬(Food ⊔ Artist)
Every invoice is both a project and a school.,Invoice ⊑ Project ⊓ School
A order cannot be a invoice.,Order ⊑ ¬Invoice
Every library buys something that is both a food and a student.,Library ⊑ ∃buys.(Food ⊓ Student)
A person cannot be a account.,Person ⊑ ¬Account
A cat is always a dog.,Cat ⊑ Dog
A employee is something that creates a supplier.,Employee ⊑ ∃creates.Supplier
Every project is a device that funds at least one employee.,Project ⊑ Device ⊓ ∃funds.Employee
Every movie that reads a school is a organization.,Movie ⊓ ∃reads.School ⊑ Organization
Every library produces at least one bank.,Library ⊑ ∃produces.Bank
Every dog that is located in only plants is a person.,Dog ⊓ ∀locatedIn.Plant ⊑ Person
Whatever is both a school and a engineer delivers a project.,School ⊓ Engineer ⊑ ∃delivers.Project
Every product operates at least one music.,Product ⊑ ∃operates.Music
Anything that delivers only musics.,∀delivers.Music
All books are defined as a music or a supplier.,Book ⊑ Music ⊔ Supplier
A teacher is always a software.,Teacher ⊑ Software
Every transaction that operates only publications is a school.,Transaction ⊓ ∀operates.Publication ⊑ School
A vehicle or a doctor.,Vehicle ⊔ Doctor
A school or a cat.,School ⊔ Cat
Every student is a software.,Student ⊑ Software
Every order is both a animal and a transaction.,Order ⊑ Animal ⊓ Transaction
No transaction is a employee.,Transaction ⊑ ¬Employee
Every university is a plant that teaches at least one researcher.,University ⊑ Plant ⊓ ∃teaches.Researcher
A music is neither a researcher nor a product.,Music ⊑ ¬(Researcher ⊔ Product)
A person owns exclusively services.,Person ⊑ ∀owns.Service
Every machine funds something that is both a device and a account.,Machine ⊑ ∃funds.(Device ⊓ Account)
Every software is a scientist that knows only cars.,Software ⊑ Scientist ⊓ ∀knows.Car
A organization or a movie.,Organization ⊔ Movie
Every publication is a account that uses only customers.,Publication ⊑ Account ⊓ ∀uses.Customer
Every city that uses only patients is a dog.,City ⊓ ∀uses.Patient ⊑ Dog
A book manages exclusively foods.,Book ⊑ ∀manages.Food
A employee is always a order.,Employee ⊑ Order
A product and a manager.,Product ⊓ Manager
Every supplier uses only machines.,Supplier ⊑ ∀uses.Machine
A supplier is neither a country nor a machine.,Supplier ⊑ ¬(Country ⊔ Machine)
Every order is a product that sells at least one bank.,Order ⊑ Product ⊓ ∃sells.Bank
Every invoice that uses only courses is a project.,Invoice ⊓ ∀uses.Course ⊑ Project
A hospital cannot be a account.,Hospital ⊑ ¬Account
Every university that delivers a school is a researcher.,University ⊓ ∃delivers.School ⊑ Researcher
A service and a building.,Service ⊓ Building
Nothing that is a hardware is a food.,Hardware ⊑ ¬Food
Anything that develops a invoice also develops a researcher.,∃develops.Invoice ⊑ ∃develops.Researcher
A teacher or a school.,Teacher ⊔ School
All organizations are defined as a animal or a food.,Organization ⊑ Animal ⊔ Food
Every project is a machine.,Project ⊑ Machine
Whatever is both a animal and a organization authors a vehicle.,Animal ⊓ Organization ⊑ ∃authors.Vehicle
Every hospital operates only things that are either a person or a researcher.,Hospital ⊑ ∀operates.(Person ⊔ Researcher)
All invoices are defined as a manager or a teacher.,Invoice ⊑ Manager ⊔ Teacher
A animal likes exclusively devices.,Animal ⊑ ∀likes.Device
Every customer maintains something that is both a building and a transaction.,Customer ⊑ ∃maintains.(Building ⊓ Transaction)
A publication cannot be a university.,Publication ⊑ ¬University
A product is neither a movie nor a project.,Product ⊑ ¬(Movie ⊔ Project)
Every movie is either a doctor or a engineer.,Movie ⊑ Doctor ⊔ Engineer
A customer is something that likes a car.,Customer ⊑ ∃likes.Car
"If a teacher designs anything, it must be a movie.",Teacher ⊑ ∀designs.Movie
All courses are musics as well as doctors.,Course ⊑ Music ⊓ Doctor
Every device is a artist.,Device ⊑ Artist
"If a music works for anything, it must be a researcher.",Music ⊑ ∀worksFor.Researcher
A engineer and a software.,Engineer ⊓ Software
A school uses exclusively books.,School ⊑ ∀uses.Book
Whatever is both a student and a researcher operates a movie.,Student ⊓ Researcher ⊑ ∃operates.Movie
Nothing that is a student is a company.,Student ⊑ ¬Company
Every account works for only things that are either a machine or a product.,Account ⊑ ∀worksFor.(Machine ⊔ Product)
Every software supervises something that is both a scientist and a dog.,Software ⊑ ∃supervises.(Scientist ⊓ Dog)
A teacher likes exclusively hospitals.,Teacher ⊑ ∀likes.Hospital
A department is something that uses a invoice.,Department ⊑ ∃uses.Invoice
Every doctor is either a customer or a country.,Doctor ⊑ Customer ⊔ Country
No software is a course.,Software ⊑ ¬Course
Nothing that is a country is a doctor.,Country ⊑ ¬Doctor
A library is something that maintains a course.,Library ⊑ ∃maintains.Course
Every account is either a department or a student.,Account ⊑ Department ⊔ Student
A customer or a patient.,Customer ⊔ Patient
A dog is something that manages a country.,Dog ⊑ ∃manages.Country
All books are citys.,Book ⊑ City
Every customer is both a hospital and a university.,Customer ⊑ Hospital ⊓ University
All services are employees as well as dogs.,Service ⊑ Employee ⊓ Dog
A manager is something that reads a building.,Manager ⊑ ∃reads.Building
Every car is a student that operates at least one company.,Car ⊑ Student ⊓ ∃operates.Company
A library operates exclusively patients.,Library ⊑ ∀operates.Patient
Every publication is a animal that reads at least one device.,Publication ⊑ Animal ⊓ ∃reads.Device
Each doctor attends a artist.,Doctor ⊑ ∃attends.Artist
Every project authors something that is both a food and a software.,Project ⊑ ∃authors.(Food ⊓ Software)
Every city operates something that is both a software and a order.,City ⊑ ∃operates.(Software ⊓ Order)
Each teacher maintains a person.,Teacher ⊑ ∃maintains.Person
A music or a course.,Music ⊔ Course
Anything that creates a scientist.,∃creates.Scientist
Every plant develops at least one artist.,Plant ⊑ ∃develops.Artist
Every university authors only things that are either a organization or a teacher.,University ⊑ ∀authors.(Organization ⊔ Teacher)
Every software that produces only devices is a manager.,Software ⊓ ∀produces.Device ⊑ Manager
A supplier is always a bank.,Supplier ⊑ Bank
Every hardware that attends only companys is a order.,Hardware ⊓ ∀attends.Company ⊑ Order
Anything that likes only dogs.,∀likes.Dog
Every country is a account that is located in at least one product.,Country ⊑ Account ⊓ ∃locatedIn.Product
Every cat is both a movie and a dog.,Cat ⊑ Movie ⊓ Dog
Each scientist delivers a cat.,Scientist ⊑ ∃delivers.Cat
A music cannot be a person.,Music ⊑ ¬Person
Every person is a library.,Person ⊑ Library
"If a bank supervises anything, it must be a account.",Bank ⊑ ∀supervises.Account
"If a doctor operates anything, it must be a music.",Doctor ⊑ ∀operates.Music
Every movie is a product.,Movie ⊑ Product
All plants are defined as a customer or a scientist.,Plant ⊑ Customer ⊔ Scientist
Nothing that is a bank is a person.,Bank ⊑ ¬Person
All persons are defined as a book or a product.,Person ⊑ Book ⊔ Product
Every student that delivers only companys is a library.,Student ⊓ ∀delivers.Company ⊑ Library
All engineers are defined as a book or a doctor.,Engineer ⊑ Book ⊔ Doctor
A account or a car.,Account ⊔ Car
All companys are hospitals.,Company ⊑ Hospital
Anything that funds only persons.,∀funds.Person
Every researcher uses at least one company.,Researcher ⊑ ∃uses.Company
Anything that creates a hardware.,∃creates.Hardware
Every device that develops only librarys is a scientist.,Device ⊓ ∀develops.Library ⊑ Scientist
Nothing that is a manager is a machine.,Manager ⊑ ¬Machine
A publication is always a country.,Publication ⊑ Country
Whatever is both a school and a transaction attends a company.,School ⊓ Transaction ⊑ ∃attends.Company
Anything that creates a library also creates a student.,∃creates.Library ⊑ ∃creates.Student
"If a engineer operates anything, it must be a country.",Engineer ⊑ ∀operates.Country
Whatever is both a service and a person funds a order.,Service ⊓ Person ⊑ ∃funds.Order
Every music is a employee that reads only dogs.,Music ⊑ Employee ⊓ ∀reads.Dog
Anything that creates a invoice also creates a company.,∃creates.Invoice ⊑ ∃creates.Company
Every service uses only hospitals.,Service ⊑ ∀uses.Hospital
A teacher is neither a transaction nor a car.,Teacher ⊑ ¬(Transaction ⊔ Car)
All products are invoices as well as softwares.,Product ⊑ Invoice ⊓ Software
Every supplier is a book.,Supplier ⊑ Book
Whatever is both a device and a student delivers a car.,Device ⊓ Student ⊑ ∃delivers.Car
A manager is something that authors a city.,Manager ⊑ ∃authors.City
Every artist is either a animal or a manager.,Artist ⊑ Animal ⊔ Manager
No student is a building.,Student ⊑ ¬Building
A artist owns exclusively cats.,Artist ⊑ ∀owns.Cat
No building is a city.,Building ⊑ ¬City
Every cat works for only things that are either a school or a city.,Cat ⊑ ∀worksFor.(School ⊔ City)
A scientist is neither a engineer nor a product.,Scientist ⊑ ¬(Engineer ⊔ Product)
Every product is a machine that works for at least one researcher.,Product ⊑ Machine ⊓ ∃worksFor.Researcher
All teachers are customers.,Teacher ⊑ Customer
A publication is always a employee.,Publication ⊑ Employee
A engineer or a artist.,Engineer ⊔ Artist
No library is a employee.,Library ⊑ ¬Employee
A customer or a supplier.,Customer ⊔ Supplier
A invoice is neither a car nor a scientist.,Invoice ⊑ ¬(Car ⊔ Scientist)
Anything that buys only services.,∀buys.Service
Every order likes something that is both a engineer and a patient.,Order ⊑ ∃likes.(Engineer ⊓ Patient)
Every library is a student that uses at least one service.,Library ⊑ Student ⊓ ∃uses.Service
Every patient is either a machine or a book.,Patient ⊑ Machine ⊔ Book
Every scientist is a account.,Scientist ⊑ Account
Every book funds something that is both a device and a publication.,Book ⊑ ∃funds.(Device ⊓ Publication)
Every country sells only plants.,Country ⊑ ∀sells.Plant
Every engineer that owns only products is a department.,Engineer ⊓ ∀owns.Product ⊑ Department
A teacher cannot be a employee.,Teacher ⊑ ¬Employee
A order knows exclusively universitys.,Order ⊑ ∀knows.University
A machine or a software.,Machine ⊔ Software
Anything that produces a scientist.,∃produces.Scientist
All machines are defined as a person or a school.,Machine ⊑ Person ⊔ School
Every project is a employee that uses only citys.,Project ⊑ Employee ⊓ ∀uses.City
Every hardware knows only things that are either a employee or a order.,Hardware ⊑ ∀knows.(Employee ⊔ Order)
A book and a artist.,Book ⊓ Artist
A movie and a building.,Movie ⊓ Building
Each scientist develops a bank.,Scientist ⊑ ∃develops.Bank
A cat reads exclusively engineers.,Cat ⊑ ∀reads.Engineer
Every service is either a course or a patient.,Service ⊑ Course ⊔ Patient
Anything that owns a person.,∃owns.Person
Every car that attends a service is a engineer.,Car ⊓ ∃attends.Service ⊑ Engineer
Every customer is both a building and a cat.,Customer ⊑ Building ⊓ Cat
Every department has child at least one person.,Department ⊑ ∃hasChild.Person
A plant is always a student.,Plant ⊑ Student
A food attends exclusively teachers.,Food ⊑ ∀attends.Teacher
A organization and a department.,Organization ⊓ Department
Every department that owns only cats is a hardware.,Department ⊓ ∀owns.Cat ⊑ Hardware
Nothing that is a book is a student.,Book ⊑ ¬Student
No student is a library.,Student ⊑ ¬Library
Every researcher is a cat that produces at least one vehicle.,Researcher ⊑ Cat ⊓ ∃produces.Vehicle
Each city authors a food.,City ⊑ ∃authors.Food
Every engineer works for only orders.,Engineer ⊑ ∀worksFor.Order
No project is a publication.,Project ⊑ ¬Publication
"If a customer likes anything, it must be a bank.",Customer ⊑ ∀likes.Bank
Anything that teaches only artists.,∀teaches.Artist
A engineer is neither a machine nor a book.,Engineer ⊑ ¬(Machine ⊔ Book)
A project or a dog.,Project ⊔ Dog
Every company is a publication that develops at least one university.,Company ⊑ Publication ⊓ ∃develops.University
Whatever is both a hospital and a vehicle works for a transaction.,Hospital ⊓ Vehicle ⊑ ∃worksFor.Transaction
Every building works for something that is both a movie and a engineer.,Building ⊑ ∃worksFor.(Movie ⊓ Engineer)
Nothing that is a university is a customer.,University ⊑ ¬Customer
All services are defined as a hospital or a school.,Service ⊑ Hospital ⊔ School
Every school is either a account or a food.,School ⊑ Account ⊔ Food
Anything that is located in a hospital.,∃locatedIn.Hospital
A supplier funds exclusively artists.,Supplier ⊑ ∀funds.Artist
All vehicles are cars.,Vehicle ⊑ Car
Anything that produces a city also produces a supplier.,∃produces.City ⊑ ∃produces.Supplier
A customer is something that knows a device.,Customer ⊑ ∃knows.Device
All publications are hardwares as well as doctors.,Publication ⊑ Hardware ⊓ Doctor
A product or a school.,Product ⊔ School
A teacher maintains exclusively services.,Teacher ⊑ ∀maintains.Service
Every service is either a order or a product.,Service ⊑ Order ⊔ Product
A food is something that is located in a hospital.,Food ⊑ ∃locatedIn.Hospital
Every student owns at least one department.,Student ⊑ ∃owns.Department
All plants are musics as well as managers.,Plant ⊑ Music ⊓ Manager
A university or a software.,University ⊔ Software
Every company manages something that is both a car and a patient.,Company ⊑ ∃manages.(Car ⊓ Patient)
A food is always a teacher.,Food ⊑ Teacher
Every cat is either a book or a library.,Cat ⊑ Book ⊔ Library
A library or a company.,Library ⊔ Company
Anything that is located in only accounts.,∀locatedIn.Account
Every animal is a organization.,Animal ⊑ Organization
Every machine sells at least one music.,Machine ⊑ ∃sells.Music
Every university is a project that owns at least one supplier.,University ⊑ Project ⊓ ∃owns.Supplier
Every building is both a transaction and a vehicle.,Building ⊑ Transaction ⊓ Vehicle
Every machine designs only hardwares.,Machine ⊑ ∀designs.Hardware
Every service likes only things that are either a cat or a doctor.,Service ⊑ ∀likes.(Cat ⊔ Doctor)
Anything that reads a book also reads a order.,∃reads.Book ⊑ ∃reads.Order
A product and a hardware.,Product ⊓ Hardware
A device cannot be a publication.,Device ⊑ ¬Publication
Every hospital is a movie.,Hospital ⊑ Movie
Every library is both a invoice and a order.,Library ⊑ Invoice ⊓ Order
A bank is neither a software nor a animal.,Bank ⊑ ¬(Software ⊔ Animal)
A student treats exclusively devices.,Student ⊑ ∀treats.Device
A cat cannot be a device.,Cat ⊑ ¬Device
Anything that attends only suppliers.,∀attends.Supplier
Every manager attends at least one software.,Manager ⊑ ∃attends.Software
Anything that buys a cat.,∃buys.Cat
Every animal is a doctor that manages at least one course.,Animal ⊑ Doctor ⊓ ∃manages.Course
Every hardware is a department that delivers only teachers.,Hardware ⊑ Department ⊓ ∀delivers.Teacher
Anything that attends only students.,∀attends.Student
A customer is always a organization.,Customer ⊑ Organization
A movie or a school.,Movie ⊔ School
All foods are schools.,Food ⊑ School
Every course is either a invoice or a supplier.,Course ⊑ Invoice ⊔ Supplier
A software cannot be a invoice.,Software ⊑ ¬Invoice
A customer is always a vehicle.,Customer ⊑ Vehicle
A order or a account.,Order ⊔ Account
Nothing that is a scientist is a device.,Scientist ⊑ ¬Device
A university and a account.,University ⊓ Account
All projects are books as well as persons.,Project ⊑ Book ⊓ Person
A supplier is always a scientist.,Supplier ⊑ Scientist
Every service is either a device or a hospital.,Service ⊑ Device ⊔ Hospital
A teacher funds exclusively doctors.,Teacher ⊑ ∀funds.Doctor
Whatever is both a service and a plant delivers a bank.,Service ⊓ Plant ⊑ ∃delivers.Bank
Every animal authors something that is both a supplier and a engineer.,Animal ⊑ ∃authors.(Supplier ⊓ Engineer)
A city is something that designs a department.,City ⊑ ∃designs.Department
A service is something that authors a customer.,Service ⊑ ∃authors.Customer
Every device that delivers a patient is a supplier.,Device ⊓ ∃delivers.Patient ⊑ Supplier
All citys are courses.,City ⊑ Course
"If a organization delivers anything, it must be a movie.",Organization ⊑ ∀delivers.Movie
Every transaction that reads only vehicles is a hospital.,Transaction ⊓ ∀reads.Vehicle ⊑ Hospital
A hardware is neither a researcher nor a food.,Hardware ⊑ ¬(Researcher ⊔ Food)
A patient is neither a university nor a dog.,Patient ⊑ ¬(University ⊔ Dog)
Each course uses a country.,Course ⊑ ∃uses.Country
All services are students.,Service ⊑ Student
Every library that likes a service is a customer.,Library ⊓ ∃likes.Service ⊑ Customer
Every supplier that has child only books is a teacher.,Supplier ⊓ ∀hasChild.Book ⊑ Teacher
All publications are researchers as well as accounts.,Publication ⊑ Researcher ⊓ Account
Every service is a hospital that works for only managers.,Service ⊑ Hospital ⊓ ∀worksFor.Manager
"If a movie buys anything, it must be a city.",Movie ⊑ ∀buys.City
A building cannot be a company.,Building ⊑ ¬Company
Every student authors only things that are either a scientist or a patient.,Student ⊑ ∀authors.(Scientist ⊔ Patient)
A researcher or a software.,Researcher ⊔ Software
A movie is always a person.,Movie ⊑ Person
A product cannot be a plant.,Product ⊑ ¬Plant
Every teacher that attends a library is a software.,Teacher ⊓ ∃attends.Library ⊑ Software
Each bank uses a employee.,Bank ⊑ ∃uses.Employee
Every movie is a account that supervises at least one patient.,Movie ⊑ Account ⊓ ∃supervises.Patient
Every animal that maintains a product is a employee.,Animal ⊓ ∃maintains.Product ⊑ Employee
All doctors are defined as a city or a book.,Doctor ⊑ City ⊔ Book
A student is something that attends a person.,Student ⊑ ∃attends.Person
Every movie is a manager that manages only cars.,Movie ⊑ Manager ⊓ ∀manages.Car
Every movie authors something that is both a course and a transaction.,Movie ⊑ ∃authors.(Course ⊓ Transaction)
All invoices are universitys.,Invoice ⊑ University
Every book is either a hardware or a artist.,Book ⊑ Hardware ⊔ Artist
A software and a supplier.,Software ⊓ Supplier
Every plant is both a vehicle and a patient.,Plant ⊑ Vehicle ⊓ Patient
Nothing that is a person is a supplier.,Person ⊑ ¬Supplier
Every customer is a vehicle.,Customer ⊑ Vehicle
A movie is always a company.,Movie ⊑ Company
All vehicles are defined as a teacher or a manager.,Vehicle ⊑ Teacher ⊔ Manager
A scientist or a hospital.,Scientist ⊔ Hospital
"If a device manages anything, it must be a course.",Device ⊑ ∀manages.Course
Anything that supervises only artists.,∀supervises.Artist
Every bank is a publication that authors only cats.,Bank ⊑ Publication ⊓ ∀authors.Cat
Every bank is a dog that sells at least one movie.,Bank ⊑ Dog ⊓ ∃sells.Movie
A cat is always a student.,Cat ⊑ Student
Each customer designs a university.,Customer ⊑ ∃designs.University
Every account is both a university and a machine.,Account ⊑ University ⊓ Machine
Every researcher is both a student and a engineer.,Researcher ⊑ Student ⊓ Engineer
Every engineer is both a order and a city.,Engineer ⊑ Order ⊓ City
All publications are foods.,Publication ⊑ Food
A project and a customer.,Project ⊓ Customer
All citys are transactions.,City ⊑ Transaction
Every cat that likes only publications is a company.,Cat ⊓ ∀likes.Publication ⊑ Company
Every teacher is a school that funds at least one invoice.,Teacher ⊑ School ⊓ ∃funds.Invoice
Every organization designs only things that are either a student or a car.,Organization ⊑ ∀designs.(Student ⊔ Car)
Every vehicle is either a cat or a city.,Vehicle ⊑ Cat ⊔ City
All movies are citys.,Movie ⊑ City
Every car that uses only scientists is a customer.,Car ⊓ ∀uses.Scientist ⊑ Customer
Every artist is either a department or a product.,Artist ⊑ Department ⊔ Product
A hospital is always a manager.,Hospital ⊑ Manager
Every project is a vehicle that works for at least one publication.,Project ⊑ Vehicle ⊓ ∃worksFor.Publication
Nothing that is a machine is a hardware.,Machine ⊑ ¬Hardware
Every doctor buys only orders.,Doctor ⊑ ∀buys.Order
A course or a transaction.,Course ⊔ Transaction
A department is something that produces a scientist.,Department ⊑ ∃produces.Scientist
A device or a product.,Device ⊔ Product
All foods are buildings as well as doctors.,Food ⊑ Building ⊓ Doctor
Every course reads at least one building.,Course ⊑ ∃reads.Building
Every engineer sells only orders.,Engineer ⊑ ∀sells.Order
Every customer is a order.,Customer ⊑ Order
Anything that designs only projects.,∀designs.Project
Nothing that is a country is a customer.,Country ⊑ ¬Customer
Each organization maintains a customer.,Organization ⊑ ∃maintains.Customer
Anything that delivers a cat.,∃delivers.Cat
Anything that has child a project.,∃hasChild.Project
Anything that sells a university also sells a transaction.,∃sells.University ⊑ ∃sells.Transaction
Every invoice supervises at least one supplier.,Invoice ⊑ ∃supervises.Supplier
Anything that works for a music.,∃worksFor.Music
A teacher is something that develops a researcher.,Teacher ⊑ ∃develops.Researcher
Nothing that is a book is a order.,Book ⊑ ¬Order
All hospitals are defined as a university or a account.,Hospital ⊑ University ⊔ Account
Every food that funds a bank is a employee.,Food ⊓ ∃funds.Bank ⊑ Employee
Every order teaches at least one city.,Order ⊑ ∃teaches.City
Every food creates only things that are either a artist or a account.,Food ⊑ ∀creates.(Artist ⊔ Account)
Every bank is a movie.,Bank ⊑ Movie
All librarys are scientists as well as services.,Library ⊑ Scientist ⊓ Service
All machines are citys as well as scientists.,Machine ⊑ City ⊓ Scientist
Every course works for only things that are either a person or a researcher.,Course ⊑ ∀worksFor.(Person ⊔ Researcher)
Every account is a customer that delivers at least one supplier.,Account ⊑ Customer ⊓ ∃delivers.Supplier
A doctor reads exclusively schools.,Doctor ⊑ ∀reads.School
Nothing that is a order is a country.,Order ⊑ ¬Country
Every software develops only movies.,Software ⊑ ∀develops.Movie
A transaction or a invoice.,Transaction ⊔ Invoice
Every device is a plant that is located in at least one project.,Device ⊑ Plant ⊓ ∃locatedIn.Project
Every vehicle that produces only suppliers is a bank.,Vehicle ⊓ ∀produces.Supplier ⊑ Bank
Every course is a hospital.,Course ⊑ Hospital
A bank is always a invoice.,Bank ⊑ Invoice
Every organization is a transaction that authors at least one order.,Organization ⊑ Transaction ⊓ ∃authors.Order
Nothing that is a food is a department.,Food ⊑ ¬Department
A hospital and a department.,Hospital ⊓ Department
Each device attends a vehicle.,Device ⊑ ∃attends.Vehicle
All departments are books.,Department ⊑ Book
Each artist funds a engineer.,Artist ⊑ ∃funds.Engineer
Nothing that is a doctor is a organization.,Doctor ⊑ ¬Organization
All students are managers as well as cats.,Student ⊑ Manager ⊓ Cat
Every library is both a building and a hospital.,Library ⊑ Building ⊓ Hospital
Every employee is a company.,Employee ⊑ Company
A teacher uses exclusively patients.,Teacher ⊑ ∀uses.Patient
Every person uses something that is both a customer and a scientist.,Person ⊑ ∃uses.(Customer ⊓ Scientist)
A company is neither a hospital nor a building.,Company ⊑ ¬(Hospital ⊔ Building)
Anything that creates only cats.,∀creates.Cat
Whatever is both a cat and a dog knows a city.,Cat ⊓ Dog ⊑ ∃knows.City
Every supplier is a customer that teaches only engineers.,Supplier ⊑ Customer ⊓ ∀teaches.Engineer
All persons are defined as a cat or a patient.,Person ⊑ Cat ⊔ Patient
Anything that treats a bank also treats a supplier.,∃treats.Bank ⊑ ∃treats.Supplier
Every scientist is a researcher.,Scientist ⊑ Researcher
Every city that maintains a food is a product.,City ⊓ ∃maintains.Food ⊑ Product
Every movie is a building that reads only universitys.,Movie ⊑ Building ⊓ ∀reads.University
Every book is a person that likes only artists.,Book ⊑ Person ⊓ ∀likes.Artist
Every artist is a food.,Artist ⊑ Food
Every car is either a library or a product.,Car ⊑ Library ⊔ Product
Anything that knows a engineer.,∃knows.Engineer
A building is something that manages a movie.,Building ⊑ ∃manages.Movie
Every customer that attends only organizations is a scientist.,Customer ⊓ ∀attends.Organization ⊑ Scientist
Every project that delivers a school is a device.,Project ⊓ ∃delivers.School ⊑ Device
Every teacher works for only publications.,Teacher ⊑ ∀worksFor.Publication
A library or a hardware.,Library ⊔ Hardware
Whatever is both a product and a researcher creates a building.,Product ⊓ Researcher ⊑ ∃creates.Building
"If a city creates anything, it must be a vehicle.",City ⊑ ∀creates.Vehicle
Every doctor that delivers a patient is a order.,Doctor ⊓ ∃delivers.Patient ⊑ Order
Every course is a dog.,Course ⊑ Dog
Every movie is both a transaction and a country.,Movie ⊑ Transaction ⊓ Country
Whatever is both a movie and a researcher operates a publication.,Movie ⊓ Researcher ⊑ ∃operates.Publication
Every transaction is a hospital that delivers at least one doctor.,Transaction ⊑ Hospital ⊓ ∃delivers.Doctor
Every scientist is either a car or a device.,Scientist ⊑ Car ⊔ Device
Every cat is a customer that designs at least one account.,Cat ⊑ Customer ⊓ ∃designs.Account
Every transaction that funds only customers is a music.,Transaction ⊓ ∀funds.Customer ⊑ Music
Every hardware owns something that is both a order and a car.,Hardware ⊑ ∃owns.(Order ⊓ Car)
All doctors are researchers as well as organizations.,Doctor ⊑ Researcher ⊓ Organization
A cat is always a machine.,Cat ⊑ Machine
No device is a food.,Device ⊑ ¬Food
Every device teaches at least one person.,Device ⊑ ∃teaches.Person
A software reads exclusively books.,Software ⊑ ∀reads.Book
Every publication is either a food or a library.,Publication ⊑ Food ⊔ Library
Every scientist is a machine that manages only cars.,Scientist ⊑ Machine ⊓ ∀manages.Car
Every person likes at least one software.,Person ⊑ ∃likes.Software
A organization cannot be a car.,Organization ⊑ ¬Car
Each project treats a scientist.,Project ⊑ ∃treats.Scientist
Every movie that maintains only banks is a teacher.,Movie ⊓ ∀maintains.Bank ⊑ Teacher
Every bank is either a animal or a university.,Bank ⊑ Animal ⊔ University
All buildings are accounts as well as devices.,Building ⊑ Account ⊓ Device
Every vehicle delivers only things that are either a hospital or a organization.,Vehicle ⊑ ∀delivers.(Hospital ⊔ Organization)
Every employee delivers at least one cat.,Employee ⊑ ∃delivers.Cat
A transaction and a car.,Transaction ⊓ Car
All departments are hospitals.,Department ⊑ Hospital
A movie or a course.,Movie ⊔ Course
Every cat sells at least one order.,Cat ⊑ ∃sells.Order
All schools are defined as a supplier or a manager.,School ⊑ Supplier ⊔ Manager
A organization or a bank.,Organization ⊔ Bank
Anything that treats a hardware also treats a supplier.,∃treats.Hardware ⊑ ∃treats.Supplier
Every account is either a machine or a employee.,Account ⊑ Machine ⊔ Employee
Each music treats a course.,Music ⊑ ∃treats.Course
Each bank treats a building.,Bank ⊑ ∃treats.Building
A vehicle and a book.,Vehicle ⊓ Book
All patients are defined as a transaction or a device.,Patient ⊑ Transaction ⊔ Device
Every project creates something that is both a customer and a order.,Project ⊑ ∃creates.(Customer ⊓ Order)
Every course knows only things that are either a employee or a patient.,Course ⊑ ∀knows.(Employee ⊔ Patient)
Anything that uses a employee.,∃uses.Employee
Every cat is a machine that treats at least one order.,Cat ⊑ Machine ⊓ ∃treats.Order
Every transaction is a supplier that teaches at least one city.,Transaction ⊑ Supplier ⊓ ∃teaches.City
No city is a supplier.,City ⊑ ¬Supplier
Every scientist that designs a department is a music.,Scientist ⊓ ∃designs.Department ⊑ Music
Every bank buys at least one movie.,Bank ⊑ ∃buys.Movie
Anything that funds a music also funds a customer.,∃funds.Music ⊑ ∃funds.Customer
Every product is a food that manages at least one person.,Product ⊑ Food ⊓ ∃manages.Person
No doctor is a researcher.,Doctor ⊑ ¬Researcher
Every university is a car that develops only students.,University ⊑ Car ⊓ ∀develops.Student
A device delivers exclusively buildings.,Device ⊑ ∀delivers.Building
Every patient that supervises only machines is a department.,Patient ⊓ ∀supervises.Machine ⊑ Department
Anything that produces a bank.,∃produces.Bank
A publication works for exclusively patients.,Publication ⊑ ∀worksFor.Patient
Every software that delivers a department is a supplier.,Software ⊓ ∃delivers.Department ⊑ Supplier
Every supplier is a hardware.,Supplier ⊑ Hardware
Every music that creates a researcher is a vehicle.,Music ⊓ ∃creates.Researcher ⊑ Vehicle
Whatever is both a researcher and a department delivers a scientist.,Researcher ⊓ Department ⊑ ∃delivers.Scientist
Nothing that is a person is a hardware.,Person ⊑ ¬Hardware
No teacher is a publication.,Teacher ⊑ ¬Publication
Every course is a doctor that is located in at least one hardware.,Course ⊑ Doctor ⊓ ∃locatedIn.Hardware
Anything that uses a teacher also uses a doctor.,∃uses.Teacher ⊑ ∃uses.Doctor
A food or a software.,Food ⊔ Software
Every person is a city that teaches only animals.,Person ⊑ City ⊓ ∀teaches.Animal
Every organization buys only movies.,Organization ⊑ ∀buys.Movie
Every plant uses only scientists.,Plant ⊑ ∀uses.Scientist
A bank and a patient.,Bank ⊓ Patient
Every project is both a teacher and a book.,Project ⊑ Teacher ⊓ Book
Anything that operates a vehicle also operates a publication.,∃operates.Vehicle ⊑ ∃operates.Publication
A machine and a plant.,Machine ⊓ Plant
Every engineer that operates only orders is a manager.,Engineer ⊓ ∀operates.Order ⊑ Manager
All musics are countrys as well as customers.,Music ⊑ Country ⊓ Customer
Every service creates at least one doctor.,Service ⊑ ∃creates.Doctor
A bank is something that attends a project.,Bank ⊑ ∃attends.Project
A artist is always a transaction.,Artist ⊑ Transaction
Every music that knows a book is a account.,Music ⊓ ∃knows.Book ⊑ Account
A movie maintains exclusively musics.,Movie ⊑ ∀maintains.Music
Nothing that is a invoice is a project.,Invoice ⊑ ¬Project
Every student works for at least one scientist.,Student ⊑ ∃worksFor.Scientist
All librarys are researchers as well as softwares.,Library ⊑ Researcher ⊓ Software
A manager is something that works for a cat.,Manager ⊑ ∃worksFor.Cat
All projects are defined as a cat or a company.,Project ⊑ Cat ⊔ Company
All customers are persons as well as patients.,Customer ⊑ Person ⊓ Patient
Every patient uses at least one researcher.,Patient ⊑ ∃uses.Researcher
Every animal that manages only machines is a hospital.,Animal ⊓ ∀manages.Machine ⊑ Hospital
Every plant produces only banks.,Plant ⊑ ∀produces.Bank
"If a company teaches anything, it must be a scientist.",Company ⊑ ∀teaches.Scientist
Nothing that is a dog is a customer.,Dog ⊑ ¬Customer
Every library maintains something that is both a software and a hardware.,Library ⊑ ∃maintains.(Software ⊓ Hardware)
Whatever is both a supplier and a building treats a machine.,Supplier ⊓ Building ⊑ ∃treats.Machine
All universitys are persons as well as librarys.,University ⊑ Person ⊓ Library
A movie cannot be a publication.,Movie ⊑ ¬Publication
A company funds exclusively employees.,Company ⊑ ∀funds.Employee
All librarys are defined as a account or a city.,Library ⊑ Account ⊔ City
A account is something that buys a service.,Account ⊑ ∃buys.Service
All organizations are defined as a service or a university.,Organization ⊑ Service ⊔ University
A school is something that produces a account.,School ⊑ ∃produces.Account
Every doctor is a animal that likes at least one invoice.,Doctor ⊑ Animal ⊓ ∃likes.Invoice
Anything that designs a doctor also designs a artist.,∃designs.Doctor ⊑ ∃designs.Artist
Every device is both a doctor and a course.,Device ⊑ Doctor ⊓ Course
A organization is always a hardware.,Organization ⊑ Hardware
A library is something that treats a university.,Library ⊑ ∃treats.University
Anything that creates a university.,∃creates.University
Whatever is both a software and a bank supervises a researcher.,Software ⊓ Bank ⊑ ∃supervises.Researcher
Every engineer is a book.,Engineer ⊑ Book
A bank is something that owns a software.,Bank ⊑ ∃owns.Software
Every movie that maintains only schools is a library.,Movie ⊓ ∀maintains.School ⊑ Library
All scientists are products.,Scientist ⊑ Product
Whatever is both a school and a car works for a department.,School ⊓ Car ⊑ ∃worksFor.Department
All plants are defined as a publication or a university.,Plant ⊑ Publication ⊔ University
A hospital is something that knows a customer.,Hospital ⊑ ∃knows.Customer
No cat is a library.,Cat ⊑ ¬Library
Anything that sells a researcher also sells a organization.,∃sells.Researcher ⊑ ∃sells.Organization
A country or a vehicle.,Country ⊔ Vehicle
Every device is a supplier that produces at least one vehicle.,Device ⊑ Supplier ⊓ ∃produces.Vehicle
Every university is a teacher that maintains at least one service.,University ⊑ Teacher ⊓ ∃maintains.Service
Anything that has child a hospital also has child a employee.,∃hasChild.Hospital ⊑ ∃hasChild.Employee
Anything that knows only cats.,∀knows.Cat
No person is a plant.,Person ⊑ ¬Plant
Every plant reads at least one person.,Plant ⊑ ∃reads.Person
Anything that uses a doctor.,∃uses.Doctor
Whatever is both a project and a invoice sells a researcher.,Project ⊓ Invoice ⊑ ∃sells.Researcher
Every project is a movie.,Project ⊑ Movie
Anything that knows a food.,∃knows.Food
A department is something that manages a software.,Department ⊑ ∃manages.Software
Each movie treats a product.,Movie ⊑ ∃treats.Product
All plants are defined as a order or a person.,Plant ⊑ Order ⊔ Person
A researcher and a book.,Researcher ⊓ Book
A supplier cannot be a invoice.,Supplier ⊑ ¬Invoice
Nothing that is a movie is a book.,Movie ⊑ ¬Book
All hospitals are researchers as well as invoices.,Hospital ⊑ Researcher ⊓ Invoice
Anything that likes a account.,∃likes.Account
A supplier is neither a university nor a transaction.,Supplier ⊑ ¬(University ⊔ Transaction)
Every customer manages only things that are either a publication or a researcher.,Customer ⊑ ∀manages.(Publication ⊔ Researcher)
Every student knows something that is both a publication and a project.,Student ⊑ ∃knows.(Publication ⊓ Project)
Every person teaches only librarys.,Person ⊑ ∀teaches.Library
Every cat is a order that designs only scientists.,Cat ⊑ Order ⊓ ∀designs.Scientist
Every order is a building.,Order ⊑ Building
Anything that maintains a order.,∃maintains.Order
A transaction cannot be a university.,Transaction ⊑ ¬University
All banks are researchers as well as countrys.,Bank ⊑ Researcher ⊓ Country
Every order is a book that delivers only buildings.,Order ⊑ Book ⊓ ∀delivers.Building
Every patient uses something that is both a bank and a transaction.,Patient ⊑ ∃uses.(Bank ⊓ Transaction)
Anything that funds only books.,∀funds.Book
Every project is a car that treats at least one researcher.,Project ⊑ Car ⊓ ∃treats.Researcher
Every teacher treats at least one company.,Teacher ⊑ ∃treats.Company
A student is something that works for a engineer.,Student ⊑ ∃worksFor.Engineer
Anything that uses a employee also uses a customer.,∃uses.Employee ⊑ ∃uses.Customer
A bank or a artist.,Bank ⊔ Artist
Every employee is either a order or a building.,Employee ⊑ Order ⊔ Building
A music is something that manages a employee.,Music ⊑ ∃manages.Employee
All plants are foods as well as companys.,Plant ⊑ Food ⊓ Company
A city is something that authors a dog.,City ⊑ ∃authors.Dog
All persons are employees.,Person ⊑ Employee
Every building is either a vehicle or a organization.,Building ⊑ Vehicle ⊔ Organization
Anything that is located in only orders.,∀locatedIn.Order
Anything that manages a cat.,∃manages.Cat
No movie is a person.,Movie ⊑ ¬Person
A publication is neither a cat nor a food.,Publication ⊑ ¬(Cat ⊔ Food)
Every food maintains something that is both a machine and a school.,Food ⊑ ∃maintains.(Machine ⊓ School)
All companys are defined as a city or a music.,Company ⊑ City ⊔ Music
A customer treats exclusively doctors.,Customer ⊑ ∀treats.Doctor
Every scientist is a researcher that develops at least one teacher.,Scientist ⊑ Researcher ⊓ ∃develops.Teacher
Whatever is both a music and a book buys a account.,Music ⊓ Book ⊑ ∃buys.Account
No manager is a software.,Manager ⊑ ¬Software
A transaction or a building.,Transaction ⊔ Building
Every project that attends only teachers is a publication.,Project ⊓ ∀attends.Teacher ⊑ Publication
A hardware is something that operates a account.,Hardware ⊑ ∃operates.Account
All artists are defined as a food or a product.,Artist ⊑ Food ⊔ Product
No order is a manager.,Order ⊑ ¬Manager
Every university maintains only students.,University ⊑ ∀maintains.Student
All organizations are banks as well as publications.,Organization ⊑ Bank ⊓ Publication
A employee designs exclusively banks.,Employee ⊑ ∀designs.Bank
Every supplier operates only things that are either a hospital or a library.,Supplier ⊑ ∀operates.(Hospital ⊔ Library)
Anything that buys a university also buys a manager.,∃buys.University ⊑ ∃buys.Manager
A university is neither a customer nor a hardware.,University ⊑ ¬(Customer ⊔ Hardware)
Every scientist authors at least one company.,Scientist ⊑ ∃authors.Company
Every course is a device.,Course ⊑ Device
Every person that uses a university is a service.,Person ⊓ ∃uses.University ⊑ Service
Every transaction that produces a school is a country.,Transaction ⊓ ∃produces.School ⊑ Country
Anything that is located in a car also is located in a organization.,∃locatedIn.Car ⊑ ∃locatedIn.Organization
"If a researcher teaches anything, it must be a course.",Researcher ⊑ ∀teaches.Course
"If a city funds anything, it must be a organization.",City ⊑ ∀funds.Organization
A company cannot be a publication.,Company ⊑ ¬Publication
Every researcher is both a vehicle and a software.,Researcher ⊑ Vehicle ⊓ Software
Every plant is a artist that knows at least one scientist.,Plant ⊑ Artist ⊓ ∃knows.Scientist
Every hardware is either a doctor or a account.,Hardware ⊑ Doctor ⊔ Account
Every publication that produces only invoices is a engineer.,Publication ⊓ ∀produces.Invoice ⊑ Engineer
Every person is either a employee or a artist.,Person ⊑ Employee ⊔ Artist
Every department is both a transaction and a company.,Department ⊑ Transaction ⊓ Company
Every software is a movie.,Software ⊑ Movie
Every bank that is located in only customers is a music.,Bank ⊓ ∀locatedIn.Customer ⊑ Music
Anything that attends a artist also attends a scientist.,∃attends.Artist ⊑ ∃attends.Scientist
Every product is located in only things that are either a car or a dog.,Product ⊑ ∀locatedIn.(Car ⊔ Dog)
A machine and a artist.,Machine ⊓ Artist
Each car knows a transaction.,Car ⊑ ∃knows.Transaction
A building cannot be a doctor.,Building ⊑ ¬Doctor
Each department sells a book.,Department ⊑ ∃sells.Book
Every department that has child only musics is a organization.,Department ⊓ ∀hasChild.Music ⊑ Organization
A course or a department.,Course ⊔ Department
Anything that works for only managers.,∀worksFor.Manager
A city is something that supervises a service.,City ⊑ ∃supervises.Service
No transaction is a school.,Transaction ⊑ ¬School
A person is neither a scientist nor a patient.,Person ⊑ ¬(Scientist ⊔ Patient)
Every student funds at least one researcher.,Student ⊑ ∃funds.Researcher
All publications are citys.,Publication ⊑ City
A artist cannot be a scientist.,Artist ⊑ ¬Scientist
Every patient delivers something that is both a software and a cat.,Patient ⊑ ∃delivers.(Software ⊓ Cat)
Whatever is both a product and a course likes a animal.,Product ⊓ Course ⊑ ∃likes.Animal
Anything that operates a city.,∃operates.City
Every company that manages a artist is a software.,Company ⊓ ∃manages.Artist ⊑ Software
Every teacher is a patient.,Teacher ⊑ Patient
No university is a invoice.,University ⊑ ¬Invoice
Every order is both a student and a car.,Order ⊑ Student ⊓ Car
A plant cannot be a music.,Plant ⊑ ¬Music
Whatever is both a library and a customer manages a account.,Library ⊓ Customer ⊑ ∃manages.Account
Anything that manages a researcher.,∃manages.Researcher
A plant or a manager.,Plant ⊔ Manager
No food is a doctor.,Food ⊑ ¬Doctor
A department cannot be a order.,Department ⊑ ¬Order
Anything that treats only librarys.,∀treats.Library
Whatever is both a movie and a library maintains a animal.,Movie ⊓ Library ⊑ ∃maintains.Animal
Every organization is located in only things that are either a plant or a patient.,Organization ⊑ ∀locatedIn.(Plant ⊔ Patient)
Anything that delivers a food.,∃delivers.Food
Every manager funds something that is both a person and a project.,Manager ⊑ ∃funds.(Person ⊓ Project)
A dog cannot be a project.,Dog ⊑ ¬Project
Every building that develops only managers is a researcher.,Building ⊓ ∀develops.Manager ⊑ Researcher
A transaction is something that works for a company.,Transaction ⊑ ∃worksFor.Company
Every customer is either a publication or a department.,Customer ⊑ Publication ⊔ Department
Every building is either a hospital or a order.,Building ⊑ Hospital ⊔ Order
A scientist is something that treats a artist.,Scientist ⊑ ∃treats.Artist
Every music reads something that is both a city and a customer.,Music ⊑ ∃reads.(City ⊓ Customer)
"If a hospital supervises anything, it must be a software.",Hospital ⊑ ∀supervises.Software
A machine is always a account.,Machine ⊑ Account
A bank owns exclusively cars.,Bank ⊑ ∀owns.Car
All students are defined as a person or a vehicle.,Student ⊑ Person ⊔ Vehicle
"If a building teaches anything, it must be a publication.",Building ⊑ ∀teaches.Publication
All organizations are defined as a food or a publication.,Organization ⊑ Food ⊔ Publication
A hardware cannot be a invoice.,Hardware ⊑ ¬Invoice
Every car manages only things that are either a employee or a publication.,Car ⊑ ∀manages.(Employee ⊔ Publication)
Every account that designs a project is a customer.,Account ⊓ ∃designs.Project ⊑ Customer
Every bank is a order.,Bank ⊑ Order
Every patient that works for a movie is a machine.,Patient ⊓ ∃worksFor.Movie ⊑ Machine
Anything that treats a course.,∃treats.Course
All citys are defined as a project or a doctor.,City ⊑ Project ⊔ Doctor
Every device is a invoice.,Device ⊑ Invoice
Anything that produces a school.,∃produces.School
Anything that buys a transaction.,∃buys.Transaction
Every music produces something that is both a bank and a person.,Music ⊑ ∃produces.(Bank ⊓ Person)
No project is a employee.,Project ⊑ ¬Employee
Anything that has child only universitys.,∀hasChild.University
Every order operates at least one library.,Order ⊑ ∃operates.Library
Every country that produces a device is a university.,Country ⊓ ∃produces.Device ⊑ University
Every car that is located in a order is a course.,Car ⊓ ∃locatedIn.Order ⊑ Course
A school is always a customer.,School ⊑ Customer
A supplier and a engineer.,Supplier ⊓ Engineer
Every department works for at least one hardware.,Department ⊑ ∃worksFor.Hardware
Every bank likes only things that are either a service or a building.,Bank ⊑ ∀likes.(Service ⊔ Building)
Every music is a supplier that authors at least one customer.,Music ⊑ Supplier ⊓ ∃authors.Customer
All foods are musics.,Food ⊑ Music
All foods are patients as well as managers.,Food ⊑ Patient ⊓ Manager
A cat is neither a student nor a city.,Cat ⊑ ¬(Student ⊔ City)
Nothing that is a software is a patient.,Software ⊑ ¬Patient
A artist and a teacher.,Artist ⊓ Teacher
A device is always a teacher.,Device ⊑ Teacher
All dogs are doctors.,Dog ⊑ Doctor
All universitys are defined as a organization or a supplier.,University ⊑ Organization ⊔ Supplier
Every plant is either a supplier or a transaction.,Plant ⊑ Supplier ⊔ Transaction
Every library that reads a patient is a cat.,Library ⊓ ∃reads.Patient ⊑ Cat
Whatever is both a university and a patient has child a project.,University ⊓ Patient ⊑ ∃hasChild.Project
A customer teaches exclusively buildings.,Customer ⊑ ∀teaches.Building
A course or a project.,Course ⊔ Project
A artist is always a doctor.,Artist ⊑ Doctor
Whatever is both a vehicle and a library treats a music.,Vehicle ⊓ Library ⊑ ∃treats.Music
A account is neither a course nor a university.,Account ⊑ ¬(Course ⊔ University)
Every scientist that likes only musics is a school.,Scientist ⊓ ∀likes.Music ⊑ School
Each publication knows a cat.,Publication ⊑ ∃knows.Cat
Anything that creates only teachers.,∀creates.Teacher
Every city maintains at least one vehicle.,City ⊑ ∃maintains.Vehicle
A project is always a device.,Project ⊑ Device
No person is a project.,Person ⊑ ¬Project
Anything that buys a doctor also buys a hospital.,∃buys.Doctor ⊑ ∃buys.Hospital
Every manager is either a course or a organization.,Manager ⊑ Course ⊔ Organization
A food works for exclusively plants.,Food ⊑ ∀worksFor.Plant
Nothing that is a account is a service.,Account ⊑ ¬Service
All publications are products as well as musics.,Publication ⊑ Product ⊓ Music
A hospital produces exclusively teachers.,Hospital ⊑ ∀produces.Teacher
Every invoice treats at least one engineer.,Invoice ⊑ ∃treats.Engineer
Each food likes a university.,Food ⊑ ∃likes.University
All invoices are defined as a doctor or a library.,Invoice ⊑ Doctor ⊔ Library
Each country maintains a library.,Country ⊑ ∃maintains.Library
Every employee is a city that operates at least one bank.,Employee ⊑ City ⊓ ∃operates.Bank
Every project is a patient.,Project ⊑ Patient
Nothing that is a device is a supplier.,Device ⊑ ¬Supplier
Every service knows at least one movie.,Service ⊑ ∃knows.Movie
Each service buys a music.,Service ⊑ ∃buys.Music
No doctor is a department.,Doctor ⊑ ¬Department
Every order likes at least one book.,Order ⊑ ∃likes.Book
A dog is always a cat.,Dog ⊑ Cat
A bank and a building.,Bank ⊓ Building
Each teacher sells a software.,Teacher ⊑ ∃sells.Software
A artist cannot be a vehicle.,Artist ⊑ ¬Vehicle
All scientists are customers.,Scientist ⊑ Customer
Every order teaches something that is both a building and a vehicle.,Order ⊑ ∃teaches.(Building ⊓ Vehicle)
A student and a library.,Student ⊓ Library
All doctors are artists as well as departments.,Doctor ⊑ Artist ⊓ Department
Anything that uses a account also uses a product.,∃uses.Account ⊑ ∃uses.Product
A movie and a country.,Movie ⊓ Country
A order is always a cat.,Order ⊑ Cat
A plant and a invoice.,Plant ⊓ Invoice
"If a bank knows anything, it must be a course.",Bank ⊑ ∀knows.Course
Every device that operates a customer is a person.,Device ⊓ ∃operates.Customer ⊑ Person
Every scientist designs something that is both a book and a manager.,Scientist ⊑ ∃designs.(Book ⊓ Manager)
Every machine is a engineer that likes only projects.,Machine ⊑ Engineer ⊓ ∀likes.Project
Every transaction is a dog that treats only persons.,Transaction ⊑ Dog ⊓ ∀treats.Person
Whatever is both a service and a project likes a hospital.,Service ⊓ Project ⊑ ∃likes.Hospital
No library is a invoice.,Library ⊑ ¬Invoice
Every person that funds only products is a publication.,Person ⊓ ∀funds.Product ⊑ Publication
Each artist teaches a machine.,Artist ⊑ ∃teaches.Machine
A book and a invoice.,Book ⊓ Invoice
A course is neither a scientist nor a customer.,Course ⊑ ¬(Scientist ⊔ Customer)
All librarys are defined as a vehicle or a book.,Library ⊑ Vehicle ⊔ Book
Every food is a student.,Food ⊑ Student
Every researcher funds only banks.,Researcher ⊑ ∀funds.Bank
Each invoice reads a plant.,Invoice ⊑ ∃reads.Plant
Every cat buys only researchers.,Cat ⊑ ∀buys.Researcher
A food is something that maintains a department.,Food ⊑ ∃maintains.Department
Nothing that is a software is a order.,Software ⊑ ¬Order
Anything that reads a movie also reads a bank.,∃reads.Movie ⊑ ∃reads.Bank
Every organization is a bank that manages at least one engineer.,Organization ⊑ Bank ⊓ ∃manages.Engineer
A patient is always a doctor.,Patient ⊑ Doctor
Anything that designs only patients.,∀designs.Patient
A engineer is neither a software nor a patient.,Engineer ⊑ ¬(Software ⊔ Patient)
Each university creates a machine.,University ⊑ ∃creates.Machine
A invoice or a vehicle.,Invoice ⊔ Vehicle
"If a customer sells anything, it must be a researcher.",Customer ⊑ ∀sells.Researcher
Every supplier that owns a person is a food.,Supplier ⊓ ∃owns.Person ⊑ Food
Every organization is located in only companys.,Organization ⊑ ∀locatedIn.Company
Whatever is both a invoice and a teacher has child a person.,Invoice ⊓ Teacher ⊑ ∃hasChild.Person
A food cannot be a school.,Food ⊑ ¬School
Every order is either a course or a device.,Order ⊑ Course ⊔ Device
"If a supplier funds anything, it must be a book.",Supplier ⊑ ∀funds.Book
Every employee treats at least one device.,Employee ⊑ ∃treats.Device
Every customer is a transaction that supervises at least one department.,Customer ⊑ Transaction ⊓ ∃supervises.Department
Whatever is both a dog and a school reads a course.,Dog ⊓ School ⊑ ∃reads.Course
Every publication is both a patient and a account.,Publication ⊑ Patient ⊓ Account
No artist is a device.,Artist ⊑ ¬Device
All dogs are hardwares as well as courses.,Dog ⊑ Hardware ⊓ Course
A doctor is always a student.,Doctor ⊑ Student
Every machine is a project that maintains at least one student.,Machine ⊑ Project ⊓ ∃maintains.Student
Every software that supervises a doctor is a device.,Software ⊓ ∃supervises.Doctor ⊑ Device
Every transaction is a publication.,Transaction ⊑ Publication
Every plant is a department that funds at least one city.,Plant ⊑ Department ⊓ ∃funds.City
Whatever is both a car and a animal operates a book.,Car ⊓ Animal ⊑ ∃operates.Book
Every city is located in only things that are either a transaction or a customer.,City ⊑ ∀locatedIn.(Transaction ⊔ Customer)
Every employee is a company that treats only doctors.,Employee ⊑ Company ⊓ ∀treats.Doctor
Every student is a artist that manages at least one machine.,Student ⊑ Artist ⊓ ∃manages.Machine
No service is a scientist.,Service ⊑ ¬Scientist
A organization cannot be a country.,Organization ⊑ ¬Country
A hospital is always a food.,Hospital ⊑ Food
No hospital is a student.,Hospital ⊑ ¬Student
Anything that creates a manager.,∃creates.Manager
A customer is something that buys a dog.,Customer ⊑ ∃buys.Dog
Every course has child something that is both a department and a animal.,Course ⊑ ∃hasChild.(Department ⊓ Animal)
Whatever is both a department and a movie funds a device.,Department ⊓ Movie ⊑ ∃funds.Device
Anything that knows only researchers.,∀knows.Researcher
Anything that has child a scientist.,∃hasChild.Scientist
Nothing that is a school is a country.,School ⊑ ¬Country
Anything that uses only softwares.,∀uses.Software
A project is neither a vehicle nor a food.,Project ⊑ ¬(Vehicle ⊔ Food)
Whatever is both a vehicle and a student treats a dog.,Vehicle ⊓ Student ⊑ ∃treats.Dog
Every bank is both a doctor and a transaction.,Bank ⊑ Doctor ⊓ Transaction
All books are companys as well as buildings.,Book ⊑ Company ⊓ Building
All musics are defined as a account or a hardware.,Music ⊑ Account ⊔ Hardware
Each hospital supervises a order.,Hospital ⊑ ∃supervises.Order
A country and a department.,Country ⊓ Department
Anything that manages a account also manages a company.,∃manages.Account ⊑ ∃manages.Company
A machine attends exclusively animals.,Machine ⊑ ∀attends.Animal
Every hospital that reads only orders is a product.,Hospital ⊓ ∀reads.Order ⊑ Product
Anything that manages only dogs.,∀manages.Dog
Anything that develops only orders.,∀develops.Order
All managers are defined as a food or a artist.,Manager ⊑ Food ⊔ Artist
Nothing that is a teacher is a university.,Teacher ⊑ ¬University
A organization is something that uses a scientist.,Organization ⊑ ∃uses.Scientist
All researchers are defined as a supplier or a student.,Researcher ⊑ Supplier ⊔ Student
Every dog knows something that is both a order and a department.,Dog ⊑ ∃knows.(Order ⊓ Department)
Every movie is both a manager and a vehicle.,Movie ⊑ Manager ⊓ Vehicle
All researchers are defined as a project or a dog.,Researcher ⊑ Project ⊔ Dog
Every account is either a bank or a person.,Account ⊑ Bank ⊔ Person
A service and a device.,Service ⊓ Device
"If a manager maintains anything, it must be a customer.",Manager ⊑ ∀maintains.Customer
A school and a vehicle.,School ⊓ Vehicle
All movies are accounts as well as scientists.,Movie ⊑ Account ⊓ Scientist
A music reads exclusively invoices.,Music ⊑ ∀reads.Invoice
Every employee is either a dog or a book.,Employee ⊑ Dog ⊔ Book
Anything that manages a company.,∃manages.Company
No product is a course.,Product ⊑ ¬Course
A customer has child exclusively citys.,Customer ⊑ ∀hasChild.City
A student or a music.,Student ⊔ Music
Each organization teaches a publication.,Organization ⊑ ∃teaches.Publication
Whatever is both a software and a school likes a teacher.,Software ⊓ School ⊑ ∃likes.Teacher
Every student is a manager that manages at least one building.,Student ⊑ Manager ⊓ ∃manages.Building
Every invoice is located in only things that are either a transaction or a animal.,Invoice ⊑ ∀locatedIn.(Transaction ⊔ Animal)
Every doctor is either a plant or a supplier.,Doctor ⊑ Plant ⊔ Supplier
A dog is neither a hospital nor a engineer.,Dog ⊑ ¬(Hospital ⊔ Engineer)
Every animal sells at least one bank.,Animal ⊑ ∃sells.Bank
Anything that maintains a music also maintains a researcher.,∃maintains.Music ⊑ ∃maintains.Researcher
No student is a car.,Student ⊑ ¬Car
A patient cannot be a dog.,Patient ⊑ ¬Dog
A car is something that attends a course.,Car ⊑ ∃attends.Course
Every food that delivers only softwares is a person.,Food ⊓ ∀delivers.Software ⊑ Person
Anything that manages a employee also manages a country.,∃manages.Employee ⊑ ∃manages.Country
All animals are managers.,Animal ⊑ Manager
Every engineer that delivers a customer is a company.,Engineer ⊓ ∃delivers.Customer ⊑ Company
Nothing that is a publication is a machine.,Publication ⊑ ¬Machine
Every product is a movie that uses at least one researcher.,Product ⊑ Movie ⊓ ∃uses.Researcher
Every city creates only devices.,City ⊑ ∀creates.Device
Anything that sells a dog.,∃sells.Dog
Every organization is both a doctor and a country.,Organization ⊑ Doctor ⊓ Country
A plant is always a hardware.,Plant ⊑ Hardware
Every vehicle is a bank that works for at least one manager.,Vehicle ⊑ Bank ⊓ ∃worksFor.Manager
Anything that creates a vehicle.,∃creates.Vehicle
A service and a customer.,Service ⊓ Customer
No cat is a vehicle.,Cat ⊑ ¬Vehicle
Every dog buys only animals.,Dog ⊑ ∀buys.Animal
Every project is a university that treats at least one patient.,Project ⊑ University ⊓ ∃treats.Patient
Every product is both a food and a customer.,Product ⊑ Food ⊓ Customer
Every book is located in only suppliers.,Book ⊑ ∀locatedIn.Supplier
A course is something that develops a library.,Course ⊑ ∃develops.Library
Every patient is a project that manages at least one service.,Patient ⊑ Project ⊓ ∃manages.Service
Every researcher that buys only citys is a student.,Researcher ⊓ ∀buys.City ⊑ Student
Nothing that is a company is a student.,Company ⊑ ¬Student
Every product manages only plants.,Product ⊑ ∀manages.Plant
"If a doctor attends anything, it must be a plant.",Doctor ⊑ ∀attends.Plant
A supplier cannot be a university.,Supplier ⊑ ¬University
Every company is either a employee or a product.,Company ⊑ Employee ⊔ Product
No employee is a music.,Employee ⊑ ¬Music
A book is something that authors a organization.,Book ⊑ ∃authors.Organization
Anything that sells only schools.,∀sells.School
Every order teaches only patients.,Order ⊑ ∀teaches.Patient
Every city is a researcher that manages at least one car.,City ⊑ Researcher ⊓ ∃manages.Car
All teachers are devices.,Teacher ⊑ Device
A software is always a patient.,Software ⊑ Patient
Whatever is both a engineer and a bank supervises a account.,Engineer ⊓ Bank ⊑ ∃supervises.Account
Every supplier designs at least one patient.,Supplier ⊑ ∃designs.Patient
Every bank attends only things that are either a company or a hospital.,Bank ⊑ ∀attends.(Company ⊔ Hospital)
Nothing that is a vehicle is a plant.,Vehicle ⊑ ¬Plant
Every scientist that has child a organization is a transaction.,Scientist ⊓ ∃hasChild.Organization ⊑ Transaction
No department is a university.,Department ⊑ ¬University
Every course is either a library or a manager.,Course ⊑ Library ⊔ Manager
Every person is either a service or a project.,Person ⊑ Service ⊔ Project
Anything that authors a cat.,∃authors.Cat
All librarys are managers as well as courses.,Library ⊑ Manager ⊓ Course
Anything that has child only buildings.,∀hasChild.Building
Anything that teaches a building.,∃teaches.Building
Every student produces only things that are either a device or a library.,Student ⊑ ∀produces.(Device ⊔ Library)
Every car authors only things that are either a school or a university.,Car ⊑ ∀authors.(School ⊔ University)
A project is neither a patient nor a animal.,Project ⊑ ¬(Patient ⊔ Animal)
Every plant is either a product or a hospital.,Plant ⊑ Product ⊔ Hospital
All countrys are movies as well as hospitals.,Country ⊑ Movie ⊓ Hospital
Each person delivers a plant.,Person ⊑ ∃delivers.Plant
Every scientist is either a school or a movie.,Scientist ⊑ School ⊔ Movie
No company is a library.,Company ⊑ ¬Library
Every student is a project that owns at least one invoice.,Student ⊑ Project ⊓ ∃owns.Invoice
Every project is a plant that has child only hospitals.,Project ⊑ Plant ⊓ ∀hasChild.Hospital
Every order is both a device and a bank.,Order ⊑ Device ⊓ Bank
A doctor and a book.,Doctor ⊓ Book
No company is a artist.,Company ⊑ ¬Artist
Whatever is both a product and a school is located in a department.,Product ⊓ School ⊑ ∃locatedIn.Department
Every plant is a cat that develops only suppliers.,Plant ⊑ Cat ⊓ ∀develops.Supplier
A company is something that teaches a animal.,Company ⊑ ∃teaches.Animal
A school maintains exclusively banks.,School ⊑ ∀maintains.Bank
No order is a service.,Order ⊑ ¬Service
A researcher or a person.,Researcher ⊔ Person
A service cannot be a library.,Service ⊑ ¬Library
A engineer or a hardware.,Engineer ⊔ Hardware
A hospital or a organization.,Hospital ⊔ Organization
Every service is a teacher.,Service ⊑ Teacher
Every machine sells only things that are either a researcher or a employee.,Machine ⊑ ∀sells.(Researcher ⊔ Employee)
A person or a order.,Person ⊔ Order
Every person treats only things that are either a employee or a country.,Person ⊑ ∀treats.(Employee ⊔ Country)
All movies are defined as a organization or a university.,Movie ⊑ Organization ⊔ University
A doctor cannot be a account.,Doctor ⊑ ¬Account
Every book that works for only orders is a machine.,Book ⊓ ∀worksFor.Order ⊑ Machine
A car or a teacher.,Car ⊔ Teacher
Every customer is both a library and a artist.,Customer ⊑ Library ⊓ Artist
Every patient maintains at least one country.,Patient ⊑ ∃maintains.Country
A department or a device.,Department ⊔ Device
Whatever is both a dog and a machine creates a publication.,Dog ⊓ Machine ⊑ ∃creates.Publication
A book is neither a country nor a publication.,Book ⊑ ¬(Country ⊔ Publication)
"If a book produces anything, it must be a animal.",Book ⊑ ∀produces.Animal
A artist authors exclusively services.,Artist ⊑ ∀authors.Service
Every order uses at least one patient.,Order ⊑ ∃uses.Patient
Each bank creates a dog.,Bank ⊑ ∃creates.Dog
Every plant that buys a service is a order.,Plant ⊓ ∃buys.Service ⊑ Order
A invoice is something that operates a service.,Invoice ⊑ ∃operates.Service
Every invoice is a doctor.,Invoice ⊑ Doctor
A city or a machine.,City ⊔ Machine
A engineer cannot be a software.,Engineer ⊑ ¬Software
All suppliers are publications.,Supplier ⊑ Publication
Each school works for a service.,School ⊑ ∃worksFor.Service
All companys are musics.,Company ⊑ Music
Anything that sells only organizations.,∀sells.Organization
Every cat that designs a employee is a researcher.,Cat ⊓ ∃designs.Employee ⊑ Researcher
A library teaches exclusively universitys.,Library ⊑ ∀teaches.University
Every vehicle that operates a school is a project.,Vehicle ⊓ ∃operates.School ⊑ Project
Every hospital that creates only publications is a car.,Hospital ⊓ ∀creates.Publication ⊑ Car
Every project is a animal that produces at least one artist.,Project ⊑ Animal ⊓ ∃produces.Artist
Every person that delivers only hospitals is a engineer.,Person ⊓ ∀delivers.Hospital ⊑ Engineer
A researcher and a manager.,Researcher ⊓ Manager
Anything that owns only schools.,∀owns.School
A patient and a building.,Patient ⊓ Building
Each supplier produces a employee.,Supplier ⊑ ∃produces.Employee
Every building operates at least one department.,Building ⊑ ∃operates.Department
All products are engineers as well as librarys.,Product ⊑ Engineer ⊓ Library
Anything that funds only orders.,∀funds.Order
Every department is a project.,Department ⊑ Project
Nothing that is a university is a bank.,University ⊑ ¬Bank
Anything that manages a organization.,∃manages.Organization
A hospital is located in exclusively foods.,Hospital ⊑ ∀locatedIn.Food
Every customer buys at least one bank.,Customer ⊑ ∃buys.Bank
A order is something that produces a project.,Order ⊑ ∃produces.Project
Each researcher has child a device.,Researcher ⊑ ∃hasChild.Device
A animal funds exclusively teachers.,Animal ⊑ ∀funds.Teacher
Whatever is both a movie and a engineer teaches a product.,Movie ⊓ Engineer ⊑ ∃teaches.Product
All transactions are defined as a publication or a service.,Transaction ⊑ Publication ⊔ Service
All plants are persons as well as courses.,Plant ⊑ Person ⊓ Course
Anything that delivers a university also delivers a vehicle.,∃delivers.University ⊑ ∃delivers.Vehicle
Every customer authors only universitys.,Customer ⊑ ∀authors.University
Every project is a plant that designs at least one music.,Project ⊑ Plant ⊓ ∃designs.Music
A cat treats exclusively services.,Cat ⊑ ∀treats.Service
All suppliers are movies as well as animals.,Supplier ⊑ Movie ⊓ Animal
Every music sells only things that are either a building or a customer.,Music ⊑ ∀sells.(Building ⊔ Customer)
Anything that delivers only departments.,∀delivers.Department
Every movie treats only schools.,Movie ⊑ ∀treats.School
Every dog that develops a machine is a plant.,Dog ⊓ ∃develops.Machine ⊑ Plant
Anything that has child only managers.,∀hasChild.Manager
Anything that manages a transaction also manages a course.,∃manages.Transaction ⊑ ∃manages.Course
Every patient is a hospital that sells only librarys.,Patient ⊑ Hospital ⊓ ∀sells.Library
Every city is either a car or a transaction.,City ⊑ Car ⊔ Transaction
Whatever is both a department and a transaction reads a customer.,Department ⊓ Transaction ⊑ ∃reads.Customer
A employee is always a engineer.,Employee ⊑ Engineer
All managers are products.,Manager ⊑ Product
Every student is a department that manages at least one dog.,Student ⊑ Department ⊓ ∃manages.Dog
Every product that funds a customer is a publication.,Product ⊓ ∃funds.Customer ⊑ Publication
A hardware sells exclusively books.,Hardware ⊑ ∀sells.Book
Each library attends a organization.,Library ⊑ ∃attends.Organization
Every course that attends only orders is a school.,Course ⊓ ∀attends.Order ⊑ School
A machine is always a student.,Machine ⊑ Student
No vehicle is a teacher.,Vehicle ⊑ ¬Teacher
All softwares are defined as a invoice or a device.,Software ⊑ Invoice ⊔ Device
Every transaction is either a department or a library.,Transaction ⊑ Department ⊔ Library
Every school is a hospital that attends at least one book.,School ⊑ Hospital ⊓ ∃attends.Book
A building knows exclusively universitys.,Building ⊑ ∀knows.University
Anything that buys only publications.,∀buys.Publication
A artist is something that develops a customer.,Artist ⊑ ∃develops.Customer
A publication is always a school.,Publication ⊑ School
No hospital is a car.,Hospital ⊑ ¬Car
"If a cat produces anything, it must be a student.",Cat ⊑ ∀produces.Student
Every country knows only things that are either a customer or a account.,Country ⊑ ∀knows.(Customer ⊔ Account)
A course is always a organization.,Course ⊑ Organization
A city uses exclusively schools.,City ⊑ ∀uses.School
A supplier or a engineer.,Supplier ⊔ Engineer
Every researcher that is located in a machine is a building.,Researcher ⊓ ∃locatedIn.Machine ⊑ Building
Every student is a teacher that reads at least one cat.,Student ⊑ Teacher ⊓ ∃reads.Cat
All employees are books as well as cats.,Employee ⊑ Book ⊓ Cat
A hardware and a transaction.,Hardware ⊓ Transaction
Whatever is both a employee and a city works for a hospital.,Employee ⊓ City ⊑ ∃worksFor.Hospital
Every device teaches something that is both a engineer and a bank.,Device ⊑ ∃teaches.(Engineer ⊓ Bank)
All scientists are defined as a manager or a invoice.,Scientist ⊑ Manager ⊔ Invoice
Anything that treats only hardwares.,∀treats.Hardware
All patients are transactions as well as teachers.,Patient ⊑ Transaction ⊓ Teacher
Anything that knows a car.,∃knows.Car
A building is something that has child a animal.,Building ⊑ ∃hasChild.Animal
All students are books.,Student ⊑ Book
Anything that operates a customer also operates a library.,∃operates.Customer ⊑ ∃operates.Library
Anything that treats a customer.,∃treats.Customer
A bank is something that treats a order.,Bank ⊑ ∃treats.Order
No product is a researcher.,Product ⊑ ¬Researcher
All orders are defined as a book or a cat.,Order ⊑ Book ⊔ Cat
Every machine is both a car and a doctor.,Machine ⊑ Car ⊓ Doctor
Every device is both a invoice and a software.,Device ⊑ Invoice ⊓ Software
Every person teaches something that is both a transaction and a city.,Person ⊑ ∃teaches.(Transaction ⊓ City)
A employee is always a publication.,Employee ⊑ Publication
A teacher or a dog.,Teacher ⊔ Dog
Every city is a organization that maintains at least one publication.,City ⊑ Organization ⊓ ∃maintains.Publication
Every building creates at least one movie.,Building ⊑ ∃creates.Movie
A manager is always a country.,Manager ⊑ Country
Anything that buys a plant.,∃buys.Plant
Every animal that produces a food is a hardware.,Animal ⊓ ∃produces.Food ⊑ Hardware
Anything that is located in a music also is located in a city.,∃locatedIn.Music ⊑ ∃locatedIn.City
Every university is either a bank or a software.,University ⊑ Bank ⊔ Software
All plants are invoices.,Plant ⊑ Invoice
Anything that treats a doctor.,∃treats.Doctor
Every school designs only things that are either a car or a animal.,School ⊑ ∀designs.(Car ⊔ Animal)
"If a vehicle designs anything, it must be a researcher.",Vehicle ⊑ ∀designs.Researcher
Every project delivers only things that are either a teacher or a city.,Project ⊑ ∀delivers.(Teacher ⊔ City)
Each music has child a service.,Music ⊑ ∃hasChild.Service
Anything that supervises a company.,∃supervises.Company
A doctor or a employee.,Doctor ⊔ Employee
Every hospital supervises at least one student.,Hospital ⊑ ∃supervises.Student
Each teacher supervises a car.,Teacher ⊑ ∃supervises.Car
Nothing that is a movie is a order.,Movie ⊑ ¬Order
Every animal is a teacher that knows only softwares.,Animal ⊑ Teacher ⊓ ∀knows.Software
Every scientist is a cat.,Scientist ⊑ Cat
A student and a cat.,Student ⊓ Cat
A order is something that manages a transaction.,Order ⊑ ∃manages.Transaction
"If a customer produces anything, it must be a transaction.",Customer ⊑ ∀produces.Transaction
Anything that develops a software also develops a service.,∃develops.Software ⊑ ∃develops.Service
Every device that authors only schools is a country.,Device ⊓ ∀authors.School ⊑ Country
Every service has child at least one city.,Service ⊑ ∃hasChild.City
All doctors are librarys as well as companys.,Doctor ⊑ Library ⊓ Company
A software is neither a organization nor a cat.,Software ⊑ ¬(Organization ⊔ Cat)
Every teacher knows at least one engineer.,Teacher ⊑ ∃knows.Engineer
All musics are movies as well as countrys.,Music ⊑ Movie ⊓ Country
Every researcher is a animal.,Researcher ⊑ Animal
Every product is either a country or a department.,Product ⊑ Country ⊔ Department
Every product is a person.,Product ⊑ Person
All hardwares are defined as a building or a artist.,Hardware ⊑ Building ⊔ Artist
A employee is something that is located in a machine.,Employee ⊑ ∃locatedIn.Machine
Whatever is both a engineer and a hardware works for a dog.,Engineer ⊓ Hardware ⊑ ∃worksFor.Dog
Each department is located in a country.,Department ⊑ ∃locatedIn.Country
Anything that funds a hospital also funds a publication.,∃funds.Hospital ⊑ ∃funds.Publication
Nothing that is a project is a engineer.,Project ⊑ ¬Engineer
Every teacher is both a researcher and a music.,Teacher ⊑ Researcher ⊓ Music
Every university is a product that likes only machines.,University ⊑ Product ⊓ ∀likes.Machine
All hardwares are accounts.,Hardware ⊑ Account
Every country that knows a student is a library.,Country ⊓ ∃knows.Student ⊑ Library
"If a account owns anything, it must be a teacher.",Account ⊑ ∀owns.Teacher
All universitys are defined as a patient or a manager.,University ⊑ Patient ⊔ Manager
No university is a manager.,University ⊑ ¬Manager
Every library is either a device or a food.,Library ⊑ Device ⊔ Food
A music is always a order.,Music ⊑ Order
Every dog is a scientist.,Dog ⊑ Scientist
A music is something that produces a food.,Music ⊑ ∃produces.Food
Anything that teaches only courses.,∀teaches.Course
A project or a machine.,Project ⊔ Machine
Anything that delivers only dogs.,∀delivers.Dog
A university is neither a machine nor a account.,University ⊑ ¬(Machine ⊔ Account)
A customer and a machine.,Customer ⊓ Machine
Every project that works for only customers is a music.,Project ⊓ ∀worksFor.Customer ⊑ Music
A car is always a device.,Car ⊑ Device
Every hardware is a transaction that operates at least one invoice.,Hardware ⊑ Transaction ⊓ ∃operates.Invoice
Every researcher that maintains only schools is a employee.,Researcher ⊓ ∀maintains.School ⊑ Employee
All organizations are books as well as devices.,Organization ⊑ Book ⊓ Device
Every car is either a city or a food.,Car ⊑ City ⊔ Food
Every city is either a researcher or a bank.,City ⊑ Researcher ⊔ Bank
Every invoice that knows only foods is a doctor.,Invoice ⊓ ∀knows.Food ⊑ Doctor
"If a university funds anything, it must be a manager.",University ⊑ ∀funds.Manager
Anything that reads a car.,∃reads.Car
Every software is both a device and a publication.,Software ⊑ Device ⊓ Publication
A invoice is neither a library nor a machine.,Invoice ⊑ ¬(Library ⊔ Machine)
Every invoice is either a researcher or a doctor.,Invoice ⊑ Researcher ⊔ Doctor
Every project funds only devices.,Project ⊑ ∀funds.Device
Whatever is both a book and a department has child a service.,Book ⊓ Department ⊑ ∃hasChild.Service
Nothing that is a researcher is a invoice.,Researcher ⊑ ¬Invoice
Every building that teaches a patient is a publication.,Building ⊓ ∃teaches.Patient ⊑ Publication
Every order authors only things that are either a student or a bank.,Order ⊑ ∀authors.(Student ⊔ Bank)
Whatever is both a order and a plant supervises a publication.,Order ⊓ Plant ⊑ ∃supervises.Publication
Every hardware that produces a city is a account.,Hardware ⊓ ∃produces.City ⊑ Account
No cat is a machine.,Cat ⊑ ¬Machine
No transaction is a teacher.,Transaction ⊑ ¬Teacher
All artists are defined as a product or a invoice.,Artist ⊑ Product ⊔ Invoice
Every order that delivers only organizations is a building.,Order ⊓ ∀delivers.Organization ⊑ Building
A transaction cannot be a department.,Transaction ⊑ ¬Department
A project is always a person.,Project ⊑ Person
All services are defined as a library or a music.,Service ⊑ Library ⊔ Music
Every university is either a product or a department.,University ⊑ Product ⊔ Department
A company produces exclusively patients.,Company ⊑ ∀produces.Patient
Whatever is both a school and a machine reads a university.,School ⊓ Machine ⊑ ∃reads.University
A dog or a customer.,Dog ⊔ Customer
All transactions are vehicles.,Transaction ⊑ Vehicle
All dogs are devices as well as engineers.,Dog ⊑ Device ⊓ Engineer
All researchers are defined as a organization or a course.,Researcher ⊑ Organization ⊔ Course
All cars are hospitals as well as products.,Car ⊑ Hospital ⊓ Product
A country or a scientist.,Country ⊔ Scientist
Every company is a project that attends only patients.,Company ⊑ Project ⊓ ∀attends.Patient
"If a university maintains anything, it must be a course.",University ⊑ ∀maintains.Course
Whatever is both a teacher and a software has child a book.,Teacher ⊓ Software ⊑ ∃hasChild.Book
Anything that produces a food.,∃produces.Food
A order uses exclusively transactions.,Order ⊑ ∀uses.Transaction
A service cannot be a organization.,Service ⊑ ¬Organization
Every researcher that sells a product is a order.,Researcher ⊓ ∃sells.Product ⊑ Order
All companys are doctors as well as publications.,Company ⊑ Doctor ⊓ Publication
Every researcher is a plant that designs only doctors.,Researcher ⊑ Plant ⊓ ∀designs.Doctor
Every car likes something that is both a transaction and a manager.,Car ⊑ ∃likes.(Transaction ⊓ Manager)
Nothing that is a university is a cat.,University ⊑ ¬Cat
Every university is a library that delivers at least one manager.,University ⊑ Library ⊓ ∃delivers.Manager
Every dog that manages a teacher is a order.,Dog ⊓ ∃manages.Teacher ⊑ Order
Every school that operates a dog is a book.,School ⊓ ∃operates.Dog ⊑ Book
Every artist is a teacher that owns only persons.,Artist ⊑ Teacher ⊓ ∀owns.Person
A machine cannot be a customer.,Machine ⊑ ¬Customer
A country and a building.,Country ⊓ Building
Every department produces only things that are either a transaction or a hospital.,Department ⊑ ∀produces.(Transaction ⊔ Hospital)
A book cannot be a artist.,Book ⊑ ¬Artist
Anything that reads a transaction also reads a vehicle.,∃reads.Transaction ⊑ ∃reads.Vehicle
A hospital is always a hardware.,Hospital ⊑ Hardware
Every department that delivers a teacher is a invoice.,Department ⊓ ∃delivers.Teacher ⊑ Invoice
All artists are engineers as well as customers.,Artist ⊑ Engineer ⊓ Customer
Every building is both a artist and a plant.,Building ⊑ Artist ⊓ Plant
Every department is a animal that produces only cars.,Department ⊑ Animal ⊓ ∀produces.Car
Every hospital is a artist that maintains only suppliers.,Hospital ⊑ Artist ⊓ ∀maintains.Supplier
All organizations are defined as a software or a building.,Organization ⊑ Software ⊔ Building
Every invoice is both a researcher and a organization.,Invoice ⊑ Researcher ⊓ Organization
Every order is either a city or a movie.,Order ⊑ City ⊔ Movie
Nothing that is a service is a dog.,Service ⊑ ¬Dog
All accounts are defined as a bank or a supplier.,Account ⊑ Bank ⊔ Supplier
A building is neither a hospital nor a scientist.,Building ⊑ ¬(Hospital ⊔ Scientist)
Every city is a student that is located in only organizations.,City ⊑ Student ⊓ ∀locatedIn.Organization
Every vehicle operates only invoices.,Vehicle ⊑ ∀operates.Invoice
A dog is neither a country nor a library.,Dog ⊑ ¬(Country ⊔ Library)
A supplier is something that supervises a product.,Supplier ⊑ ∃supervises.Product
All hospitals are employees as well as companys.,Hospital ⊑ Employee ⊓ Company
Every teacher is both a cat and a artist.,Teacher ⊑ Cat ⊓ Artist
Each invoice authors a car.,Invoice ⊑ ∃authors.Car
"If a vehicle maintains anything, it must be a artist.",Vehicle ⊑ ∀maintains.Artist
Anything that operates only publications.,∀operates.Publication
Every transaction is a student.,Transaction ⊑ Student
A account is neither a cat nor a plant.,Account ⊑ ¬(Cat ⊔ Plant)
A music is always a employee.,Music ⊑ Employee
All courses are defined as a software or a book.,Course ⊑ Software ⊔ Book
Every account authors at least one car.,Account ⊑ ∃authors.Car
All vehicles are defined as a cat or a invoice.,Vehicle ⊑ Cat ⊔ Invoice
Every city that has child only persons is a teacher.,City ⊓ ∀hasChild.Person ⊑ Teacher
A school is neither a patient nor a university.,School ⊑ ¬(Patient ⊔ University)
Every hospital produces something that is both a teacher and a course.,Hospital ⊑ ∃produces.(Teacher ⊓ Course)
A student or a car.,Student ⊔ Car
Every researcher is both a teacher and a company.,Researcher ⊑ Teacher ⊓ Company
Every supplier is a publication that works for at least one company.,Supplier ⊑ Publication ⊓ ∃worksFor.Company
A manager is always a university.,Manager ⊑ University
A transaction is neither a invoice nor a student.,Transaction ⊑ ¬(Invoice ⊔ Student)
Every software that manages only scientists is a project.,Software ⊓ ∀manages.Scientist ⊑ Project
Every machine that maintains only suppliers is a book.,Machine ⊓ ∀maintains.Supplier ⊑ Book
Anything that uses a animal also uses a dog.,∃uses.Animal ⊑ ∃uses.Dog
Every student that buys only animals is a company.,Student ⊓ ∀buys.Animal ⊑ Company
A patient and a country.,Patient ⊓ Country
Anything that works for a organization.,∃worksFor.Organization
Every company is both a invoice and a hardware.,Company ⊑ Invoice ⊓ Hardware
A bank or a software.,Bank ⊔ Software
Every student supervises at least one hospital.,Student ⊑ ∃supervises.Hospital
All patients are defined as a software or a account.,Patient ⊑ Software ⊔ Account
Every supplier is both a device and a student.,Supplier ⊑ Device ⊓ Student
Each food manages a building.,Food ⊑ ∃manages.Building
Every animal is a cat that funds at least one project.,Animal ⊑ Cat ⊓ ∃funds.Project
A patient is always a hardware.,Patient ⊑ Hardware
Anything that works for a hospital also works for a machine.,∃worksFor.Hospital ⊑ ∃worksFor.Machine
A supplier cannot be a engineer.,Supplier ⊑ ¬Engineer
Every device that sells only cars is a employee.,Device ⊓ ∀sells.Car ⊑ Employee
All cats are invoices as well as animals.,Cat ⊑ Invoice ⊓ Animal
All dogs are banks.,Dog ⊑ Bank
A person is something that attends a company.,Person ⊑ ∃attends.Company
A hardware is neither a hospital nor a software.,Hardware ⊑ ¬(Hospital ⊔ Software)
Every dog is either a music or a city.,Dog ⊑ Music ⊔ City
Every building that designs a university is a hardware.,Building ⊓ ∃designs.University ⊑ Hardware
Every doctor that delivers only patients is a order.,Doctor ⊓ ∀delivers.Patient ⊑ Order
A customer is always a publication.,Customer ⊑ Publication
Every researcher buys only courses.,Researcher ⊑ ∀buys.Course
Anything that sells a researcher also sells a teacher.,∃sells.Researcher ⊑ ∃sells.Teacher
Nothing that is a artist is a school.,Artist ⊑ ¬School
Every hardware that has child only invoices is a supplier.,Hardware ⊓ ∀hasChild.Invoice ⊑ Supplier
A researcher or a order.,Researcher ⊔ Order
Whatever is both a library and a company likes a school.,Library ⊓ Company ⊑ ∃likes.School
Anything that authors only devices.,∀authors.Device
A organization cannot be a school.,Organization ⊑ ¬School
Every engineer uses something that is both a account and a food.,Engineer ⊑ ∃uses.(Account ⊓ Food)
Anything that attends only buildings.,∀attends.Building
Every course is either a transaction or a publication.,Course ⊑ Transaction ⊔ Publication
Every building that reads a person is a dog.,Building ⊓ ∃reads.Person ⊑ Dog
Nothing that is a project is a building.,Project ⊑ ¬Building
A bank or a book.,Bank ⊔ Book
Each cat maintains a patient.,Cat ⊑ ∃maintains.Patient
Each scientist knows a course.,Scientist ⊑ ∃knows.Course
Every hardware is a car that funds at least one plant.,Hardware ⊑ Car ⊓ ∃funds.Plant
Every book is a company.,Book ⊑ Company
A transaction maintains exclusively animals.,Transaction ⊑ ∀maintains.Animal
A supplier is neither a country nor a hardware.,Supplier ⊑ ¬(Country ⊔ Hardware)
Every movie is a book that develops at least one manager.,Movie ⊑ Book ⊓ ∃develops.Manager
A patient cannot be a transaction.,Patient ⊑ ¬Transaction
Nothing that is a country is a device.,Country ⊑ ¬Device
Every school supervises something that is both a machine and a music.,School ⊑ ∃supervises.(Machine ⊓ Music)
Every scientist is either a device or a machine.,Scientist ⊑ Device ⊔ Machine
Every engineer attends something that is both a movie and a building.,Engineer ⊑ ∃attends.(Movie ⊓ Building)
Nothing that is a person is a car.,Person ⊑ ¬Car
Every engineer sells something that is both a project and a course.,Engineer ⊑ ∃sells.(Project ⊓ Course)
Anything that teaches a person also teaches a dog.,∃teaches.Person ⊑ ∃teaches.Dog
A university cannot be a product.,University ⊑ ¬Product
Anything that manages a animal.,∃manages.Animal
Every customer is both a hardware and a supplier.,Customer ⊑ Hardware ⊓ Supplier
Every building that uses a plant is a animal.,Building ⊓ ∃uses.Plant ⊑ Animal
Every scientist is either a school or a doctor.,Scientist ⊑ School ⊔ Doctor
Nothing that is a artist is a company.,Artist ⊑ ¬Company
Every order sells only things that are either a hardware or a product.,Order ⊑ ∀sells.(Hardware ⊔ Product)
Every country that operates a library is a researcher.,Country ⊓ ∃operates.Library ⊑ Researcher
Whatever is both a order and a music authors a plant.,Order ⊓ Music ⊑ ∃authors.Plant
Every food is a service.,Food ⊑ Service
Every order that operates only vehicles is a engineer.,Order ⊓ ∀operates.Vehicle ⊑ Engineer
Whatever is both a book and a customer authors a food.,Book ⊓ Customer ⊑ ∃authors.Food
Every person that knows only books is a product.,Person ⊓ ∀knows.Book ⊑ Product
Every book produces only persons.,Book ⊑ ∀produces.Person
Every country is either a patient or a food.,Country ⊑ Patient ⊔ Food
Every scientist is a company.,Scientist ⊑ Company
All suppliers are musics as well as buildings.,Supplier ⊑ Music ⊓ Building
Every account that funds a country is a company.,Account ⊓ ∃funds.Country ⊑ Company
All devices are students.,Device ⊑ Student
Anything that authors only services.,∀authors.Service
Anything that teaches a software.,∃teaches.Software
All accounts are defined as a student or a engineer.,Account ⊑ Student ⊔ Engineer
Every department that reads a publication is a doctor.,Department ⊓ ∃reads.Publication ⊑ Doctor
Every researcher funds only things that are either a employee or a product.,Researcher ⊑ ∀funds.(Employee ⊔ Product)
Every employee that operates a dog is a patient.,Employee ⊓ ∃operates.Dog ⊑ Patient
All engineers are books as well as musics.,Engineer ⊑ Book ⊓ Music
Every cat is a library.,Cat ⊑ Library
Nothing that is a machine is a transaction.,Machine ⊑ ¬Transaction
Every movie is a supplier.,Movie ⊑ Supplier
Every employee is a manager that uses only books.,Employee ⊑ Manager ⊓ ∀uses.Book
A transaction cannot be a company.,Transaction ⊑ ¬Company
Each teacher attends a company.,Teacher ⊑ ∃attends.Company
Every university that funds a invoice is a department.,University ⊓ ∃funds.Invoice ⊑ Department
Every person that operates only animals is a company.,Person ⊓ ∀operates.Animal ⊑ Company
All services are defined as a researcher or a cat.,Service ⊑ Researcher ⊔ Cat
Every bank buys only things that are either a doctor or a device.,Bank ⊑ ∀buys.(Doctor ⊔ Device)
A researcher is always a doctor.,Researcher ⊑ Doctor
A department is always a dog.,Department ⊑ Dog
Every course is a person.,Course ⊑ Person
All transactions are defined as a service or a doctor.,Transaction ⊑ Service ⊔ Doctor
A publication is neither a animal nor a employee.,Publication ⊑ ¬(Animal ⊔ Employee)
Every organization that treats a department is a company.,Organization ⊓ ∃treats.Department ⊑ Company
A dog attends exclusively invoices.,Dog ⊑ ∀attends.Invoice
All organizations are books as well as departments.,Organization ⊑ Book ⊓ Department
Every product that sells a country is a doctor.,Product ⊓ ∃sells.Country ⊑ Doctor
All plants are defined as a machine or a food.,Plant ⊑ Machine ⊔ Food
Every product authors only artists.,Product ⊑ ∀authors.Artist
All machines are customers.,Machine ⊑ Customer
A vehicle knows exclusively banks.,Vehicle ⊑ ∀knows.Bank
Every library is a organization that likes at least one vehicle.,Library ⊑ Organization ⊓ ∃likes.Vehicle
Every university that works for a hardware is a company.,University ⊓ ∃worksFor.Hardware ⊑ Company
Every vehicle is located in only countrys.,Vehicle ⊑ ∀locatedIn.Country
All researchers are schools.,Researcher ⊑ School
Every customer is either a food or a device.,Customer ⊑ Food ⊔ Device
A teacher manages exclusively dogs.,Teacher ⊑ ∀manages.Dog
Every plant is a person that reads at least one course.,Plant ⊑ Person ⊓ ∃reads.Course
Anything that authors a music.,∃authors.Music
All services are defined as a animal or a course.,Service ⊑ Animal ⊔ Course
Nothing that is a student is a product.,Student ⊑ ¬Product
A device designs exclusively banks.,Device ⊑ ∀designs.Bank
Every building designs at least one city.,Building ⊑ ∃designs.City
All buildings are defined as a scientist or a cat.,Building ⊑ Scientist ⊔ Cat
Every animal uses at least one teacher.,Animal ⊑ ∃uses.Teacher
No invoice is a order.,Invoice ⊑ ¬Order
Every machine uses at least one student.,Machine ⊑ ∃uses.Student
Nothing that is a animal is a scientist.,Animal ⊑ ¬Scientist
A device and a publication.,Device ⊓ Publication
Every employee treats something that is both a doctor and a animal.,Employee ⊑ ∃treats.(Doctor ⊓ Animal)
Every plant authors something that is both a service and a supplier.,Plant ⊑ ∃authors.(Service ⊓ Supplier)
Each person attends a movie.,Person ⊑ ∃attends.Movie
Whatever is both a department and a animal authors a doctor.,Department ⊓ Animal ⊑ ∃authors.Doctor
Every doctor is both a vehicle and a order.,Doctor ⊑ Vehicle ⊓ Order
Every hardware is both a project and a library.,Hardware ⊑ Project ⊓ Library
Every building is a course.,Building ⊑ Course
Anything that delivers a library.,∃delivers.Library
A building and a movie.,Building ⊓ Movie
Every city that treats a patient is a customer.,City ⊓ ∃treats.Patient ⊑ Customer
Every dog is either a publication or a supplier.,Dog ⊑ Publication ⊔ Supplier
Every library maintains only things that are either a transaction or a order.,Library ⊑ ∀maintains.(Transaction ⊔ Order)
Every software sells at least one manager.,Software ⊑ ∃sells.Manager
Every machine is a student that maintains only cars.,Machine ⊑ Student ⊓ ∀maintains.Car
Nothing that is a city is a food.,City ⊑ ¬Food
Every person supervises only things that are either a engineer or a scientist.,Person ⊑ ∀supervises.(Engineer ⊔ Scientist)
A music is always a car.,Music ⊑ Car
A teacher and a vehicle.,Teacher ⊓ Vehicle
A cat is always a customer.,Cat ⊑ Customer
A project is something that supervises a organization.,Project ⊑ ∃supervises.Organization
Every building is a teacher that reads only countrys.,Building ⊑ Teacher ⊓ ∀reads.Country
Nothing that is a course is a supplier.,Course ⊑ ¬Supplier
Every patient knows only things that are either a service or a doctor.,Patient ⊑ ∀knows.(Service ⊔ Doctor)
Every transaction is a patient that supervises only musics.,Transaction ⊑ Patient ⊓ ∀supervises.Music
Every person treats something that is both a course and a dog.,Person ⊑ ∃treats.(Course ⊓ Dog)
A university buys exclusively customers.,University ⊑ ∀buys.Customer
Every hospital is a music.,Hospital ⊑ Music
A employee is something that is located in a animal.,Employee ⊑ ∃locatedIn.Animal
Every artist that buys only researchers is a scientist.,Artist ⊓ ∀buys.Researcher ⊑ Scientist
Every food likes only buildings.,Food ⊑ ∀likes.Building
Anything that authors a software also authors a food.,∃authors.Software ⊑ ∃authors.Food
A software is something that works for a customer.,Software ⊑ ∃worksFor.Customer
A person cannot be a cat.,Person ⊑ ¬Cat
All engineers are books as well as universitys.,Engineer ⊑ Book ⊓ University
Anything that buys a service also buys a order.,∃buys.Service ⊑ ∃buys.Order
A teacher or a researcher.,Teacher ⊔ Researcher
All librarys are defined as a employee or a scientist.,Library ⊑ Employee ⊔ Scientist
All librarys are orders as well as cats.,Library ⊑ Order ⊓ Cat
A student is neither a software nor a company.,Student ⊑ ¬(Software ⊔ Company)
A plant or a invoice.,Plant ⊔ Invoice
Every teacher is either a animal or a artist.,Teacher ⊑ Animal ⊔ Artist
No plant is a transaction.,Plant ⊑ ¬Transaction
Every supplier that works for only citys is a department.,Supplier ⊓ ∀worksFor.City ⊑ Department
"If a patient treats anything, it must be a publication.",Patient ⊑ ∀treats.Publication
Every hospital is a order that knows at least one company.,Hospital ⊑ Order ⊓ ∃knows.Company
Each bank designs a engineer.,Bank ⊑ ∃designs.Engineer
Every school teaches only things that are either a device or a service.,School ⊑ ∀teaches.(Device ⊔ Service)
A dog is always a food.,Dog ⊑ Food
Every transaction funds only doctors.,Transaction ⊑ ∀funds.Doctor
Every animal that has child only orders is a supplier.,Animal ⊓ ∀hasChild.Order ⊑ Supplier
Nothing that is a country is a transaction.,Country ⊑ ¬Transaction
Whatever is both a doctor and a order attends a researcher.,Doctor ⊓ Order ⊑ ∃attends.Researcher
A country uses exclusively animals.,Country ⊑ ∀uses.Animal
"If a city knows anything, it must be a bank.",City ⊑ ∀knows.Bank
A building is located in exclusively vehicles.,Building ⊑ ∀locatedIn.Vehicle
Every bank that uses only departments is a company.,Bank ⊓ ∀uses.Department ⊑ Company
Every teacher is a scientist that authors only suppliers.,Teacher ⊑ Scientist ⊓ ∀authors.Supplier
Every organization is a company that reads only persons.,Organization ⊑ Company ⊓ ∀reads.Person
A student and a invoice.,Student ⊓ Invoice
All scientists are companys as well as services.,Scientist ⊑ Company ⊓ Service
Every student is either a patient or a car.,Student ⊑ Patient ⊔ Car
Every engineer is either a car or a manager.,Engineer ⊑ Car ⊔ Manager
Every account that develops only scientists is a service.,Account ⊓ ∀develops.Scientist ⊑ Service
A artist is something that operates a scientist.,Artist ⊑ ∃operates.Scientist
Every building likes at least one hardware.,Building ⊑ ∃likes.Hardware
Every product is either a dog or a plant.,Product ⊑ Dog ⊔ Plant
Each hospital delivers a vehicle.,Hospital ⊑ ∃delivers.Vehicle
Nothing that is a library is a customer.,Library ⊑ ¬Customer
All movies are devices.,Movie ⊑ Device
Anything that attends a plant.,∃attends.Plant
Every school that produces only foods is a animal.,School ⊓ ∀produces.Food ⊑ Animal
A dog is neither a product nor a library.,Dog ⊑ ¬(Product ⊔ Library)
Every project is a engineer.,Project ⊑ Engineer
Anything that reads only devices.,∀reads.Device
A student is neither a organization nor a hardware.,Student ⊑ ¬(Organization ⊔ Hardware)
Every scientist supervises at least one researcher.,Scientist ⊑ ∃supervises.Researcher
A vehicle and a researcher.,Vehicle ⊓ Researcher
All scientists are defined as a vehicle or a invoice.,Scientist ⊑ Vehicle ⊔ Invoice
Every patient is either a food or a artist.,Patient ⊑ Food ⊔ Artist
Whatever is both a library and a artist uses a dog.,Library ⊓ Artist ⊑ ∃uses.Dog
"If a software supervises anything, it must be a supplier.",Software ⊑ ∀supervises.Supplier
Anything that authors a organization.,∃authors.Organization
Anything that has child a department also has child a supplier.,∃hasChild.Department ⊑ ∃hasChild.Supplier
"If a cat authors anything, it must be a service.",Cat ⊑ ∀authors.Service
Every patient is a customer that funds only machines.,Patient ⊑ Customer ⊓ ∀funds.Machine
A invoice is something that has child a book.,Invoice ⊑ ∃hasChild.Book
Every doctor designs only scientists.,Doctor ⊑ ∀designs.Scientist
A student is something that owns a dog.,Student ⊑ ∃owns.Dog
Nothing that is a device is a artist.,Device ⊑ ¬Artist
A food is always a student.,Food ⊑ Student
Every hardware authors at least one university.,Hardware ⊑ ∃authors.University
Each food authors a transaction.,Food ⊑ ∃authors.Transaction
Anything that treats a book.,∃treats.Book
A manager or a student.,Manager ⊔ Student
Each service maintains a city.,Service ⊑ ∃maintains.City
Each city uses a department.,City ⊑ ∃uses.Department
Every researcher is a scientist that authors at least one cat.,Researcher ⊑ Scientist ⊓ ∃authors.Cat
Every manager is both a service and a transaction.,Manager ⊑ Service ⊓ Transaction
Every teacher that uses only librarys is a invoice.,Teacher ⊓ ∀uses.Library ⊑ Invoice
Anything that is located in a manager.,∃locatedIn.Manager
Whatever is both a account and a software delivers a researcher.,Account ⊓ Software ⊑ ∃delivers.Researcher
A scientist is neither a music nor a software.,Scientist ⊑ ¬(Music ⊔ Software)
Every product is a building.,Product ⊑ Building
A supplier or a transaction.,Supplier ⊔ Transaction
Every account funds at least one university.,Account ⊑ ∃funds.University
Each order treats a researcher.,Order ⊑ ∃treats.Researcher
Anything that designs a country also designs a machine.,∃designs.Country ⊑ ∃designs.Machine
Nothing that is a food is a invoice.,Food ⊑ ¬Invoice
A city cannot be a building.,City ⊑ ¬Building
No cat is a music.,Cat ⊑ ¬Music
Each account is located in a hospital.,Account ⊑ ∃locatedIn.Hospital
Every product is either a organization or a bank.,Product ⊑ Organization ⊔ Bank
Every product develops something that is both a bank and a country.,Product ⊑ ∃develops.(Bank ⊓ Country)
All publications are scientists as well as teachers.,Publication ⊑ Scientist ⊓ Teacher
Every organization knows only students.,Organization ⊑ ∀knows.Student
A food produces exclusively accounts.,Food ⊑ ∀produces.Account
Every course that produces a device is a artist.,Course ⊓ ∃produces.Device ⊑ Artist
Anything that produces a product.,∃produces.Product
A customer or a country.,Customer ⊔ Country
A person designs exclusively countrys.,Person ⊑ ∀designs.Country
Every school maintains only suppliers.,School ⊑ ∀maintains.Supplier
Whatever is both a course and a plant treats a music.,Course ⊓ Plant ⊑ ∃treats.Music
A university knows exclusively dogs.,University ⊑ ∀knows.Dog
Every hospital uses at least one music.,Hospital ⊑ ∃uses.Music
Anything that has child a building.,∃hasChild.Building
Every manager is a cat that produces only cars.,Manager ⊑ Cat ⊓ ∀produces.Car
A car and a project.,Car ⊓ Project
A transaction is neither a researcher nor a music.,Transaction ⊑ ¬(Researcher ⊔ Music)
All devices are defined as a hospital or a service.,Device ⊑ Hospital ⊔ Service
Every school is a car.,School ⊑ Car
Every teacher is a supplier that manages only artists.,Teacher ⊑ Supplier ⊓ ∀manages.Artist
Every company is either a university or a manager.,Company ⊑ University ⊔ Manager
"If a software buys anything, it must be a doctor.",Software ⊑ ∀buys.Doctor
A school designs exclusively citys.,School ⊑ ∀designs.City
Nothing that is a bank is a music.,Bank ⊑ ¬Music
Every account that teaches a service is a department.,Account ⊓ ∃teaches.Service ⊑ Department
Anything that designs only hardwares.,∀designs.Hardware
A transaction and a manager.,Transaction ⊓ Manager
A employee or a vehicle.,Employee ⊔ Vehicle
A machine manages exclusively buildings.,Machine ⊑ ∀manages.Building
"If a employee works for anything, it must be a dog.",Employee ⊑ ∀worksFor.Dog
A building and a researcher.,Building ⊓ Researcher
Anything that develops a patient.,∃develops.Patient
A scientist and a hospital.,Scientist ⊓ Hospital
Every machine is a order.,Machine ⊑ Order
Whatever is both a product and a music develops a book.,Product ⊓ Music ⊑ ∃develops.Book
Every artist has child something that is both a engineer and a service.,Artist ⊑ ∃hasChild.(Engineer ⊓ Service)
All companys are invoices as well as scientists.,Company ⊑ Invoice ⊓ Scientist
Every department is a cat that sells at least one university.,Department ⊑ Cat ⊓ ∃sells.University
Every organization is located in only musics.,Organization ⊑ ∀locatedIn.Music
Anything that is located in a software also is located in a city.,∃locatedIn.Software ⊑ ∃locatedIn.City
Every hardware is a university that funds only animals.,Hardware ⊑ University ⊓ ∀funds.Animal
Each researcher has child a department.,Researcher ⊑ ∃hasChild.Department
Every hospital is either a university or a building.,Hospital ⊑ University ⊔ Building
Nothing that is a manager is a order.,Manager ⊑ ¬Order
No product is a cat.,Product ⊑ ¬Cat
"If a department owns anything, it must be a book.",Department ⊑ ∀owns.Book
A animal and a university.,Animal ⊓ University
Anything that maintains a library.,∃maintains.Library
Nothing that is a book is a supplier.,Book ⊑ ¬Supplier
Anything that uses only courses.,∀uses.Course
Anything that designs a scientist.,∃designs.Scientist
All buildings are cars as well as countrys.,Building ⊑ Car ⊓ Country
All cats are defined as a project or a animal.,Cat ⊑ Project ⊔ Animal
All animals are defined as a dog or a product.,Animal ⊑ Dog ⊔ Product
A supplier supervises exclusively invoices.,Supplier ⊑ ∀supervises.Invoice
All invoices are plants.,Invoice ⊑ Plant
Each company attends a student.,Company ⊑ ∃attends.Student
A movie and a account.,Movie ⊓ Account
Every food reads only things that are either a student or a dog.,Food ⊑ ∀reads.(Student ⊔ Dog)
Every customer operates something that is both a dog and a hardware.,Customer ⊑ ∃operates.(Dog ⊓ Hardware)
Every book that uses only vehicles is a engineer.,Book ⊓ ∀uses.Vehicle ⊑ Engineer
Each company owns a patient.,Company ⊑ ∃owns.Patient
Nothing that is a dog is a transaction.,Dog ⊑ ¬Transaction
A building supervises exclusively teachers.,Building ⊑ ∀supervises.Teacher
Every account that is located in a hospital is a city.,Account ⊓ ∃locatedIn.Hospital ⊑ City
Anything that manages only customers.,∀manages.Customer
All artists are cats.,Artist ⊑ Cat
All researchers are defined as a product or a organization.,Researcher ⊑ Product ⊔ Organization
A manager cannot be a dog.,Manager ⊑ ¬Dog
Every project develops only things that are either a machine or a animal.,Project ⊑ ∀develops.(Machine ⊔ Animal)
A hardware and a doctor.,Hardware ⊓ Doctor
Every movie is either a device or a software.,Movie ⊑ Device ⊔ Software
"If a school has child anything, it must be a organization.",School ⊑ ∀hasChild.Organization
A manager cannot be a bank.,Manager ⊑ ¬Bank
Every vehicle is either a food or a product.,Vehicle ⊑ Food ⊔ Product
Every food is either a service or a car.,Food ⊑ Service ⊔ Car
A library and a account.,Library ⊓ Account
Anything that funds only publications.,∀funds.Publication
A order is something that teaches a supplier.,Order ⊑ ∃teaches.Supplier
Every school knows only things that are either a employee or a university.,School ⊑ ∀knows.(Employee ⊔ University)
Every device is a order.,Device ⊑ Order
Anything that produces a dog also produces a software.,∃produces.Dog ⊑ ∃produces.Software
A cat designs exclusively artists.,Cat ⊑ ∀designs.Artist
A device is always a doctor.,Device ⊑ Doctor
"If a course develops anything, it must be a university.",Course ⊑ ∀develops.University
Each engineer works for a music.,Engineer ⊑ ∃worksFor.Music
A library is neither a order nor a company.,Library ⊑ ¬(Order ⊔ Company)
Each project works for a music.,Project ⊑ ∃worksFor.Music
Nothing that is a music is a device.,Music ⊑ ¬Device
Every bank supervises only orders.,Bank ⊑ ∀supervises.Order
A organization supervises exclusively persons.,Organization ⊑ ∀supervises.Person
Every person is a car.,Person ⊑ Car
A country cannot be a car.,Country ⊑ ¬Car
A dog is neither a software nor a service.,Dog ⊑ ¬(Software ⊔ Service)
Every book is a device that delivers only plants.,Book ⊑ Device ⊓ ∀delivers.Plant
Anything that treats a device also treats a project.,∃treats.Device ⊑ ∃treats.Project
A animal and a department.,Animal ⊓ Department
"If a scientist operates anything, it must be a teacher.",Scientist ⊑ ∀operates.Teacher
All cars are defined as a manager or a dog.,Car ⊑ Manager ⊔ Dog
A book and a animal.,Book ⊓ Animal
All plants are cars as well as vehicles.,Plant ⊑ Car ⊓ Vehicle
A product cannot be a researcher.,Product ⊑ ¬Researcher
Each vehicle buys a customer.,Vehicle ⊑ ∃buys.Customer
Each supplier supervises a book.,Supplier ⊑ ∃supervises.Book
A researcher uses exclusively doctors.,Researcher ⊑ ∀uses.Doctor
A transaction authors exclusively schools.,Transaction ⊑ ∀authors.School
A vehicle is neither a researcher nor a hospital.,Vehicle ⊑ ¬(Researcher ⊔ Hospital)
Anything that attends only dogs.,∀attends.Dog
A doctor and a university.,Doctor ⊓ University
All services are universitys as well as researchers.,Service ⊑ University ⊓ Researcher
Every customer is a invoice.,Customer ⊑ Invoice
All managers are defined as a food or a animal.,Manager ⊑ Food ⊔ Animal
Anything that delivers a music also delivers a animal.,∃delivers.Music ⊑ ∃delivers.Animal
A music is always a customer.,Music ⊑ Customer
All dogs are transactions as well as musics.,Dog ⊑ Transaction ⊓ Music
A city cannot be a department.,City ⊑ ¬Department
A school cannot be a project.,School ⊑ ¬Project
Anything that attends a employee.,∃attends.Employee
Anything that maintains a movie also maintains a organization.,∃maintains.Movie ⊑ ∃maintains.Organization
A course is something that authors a invoice.,Course ⊑ ∃authors.Invoice
Every project knows only movies.,Project ⊑ ∀knows.Movie
Whatever is both a researcher and a course sells a student.,Researcher ⊓ Course ⊑ ∃sells.Student
A animal and a supplier.,Animal ⊓ Supplier
Every country has child only things that are either a engineer or a dog.,Country ⊑ ∀hasChild.(Engineer ⊔ Dog)
Every student teaches something that is both a cat and a building.,Student ⊑ ∃teaches.(Cat ⊓ Building)
Every project that operates only invoices is a teacher.,Project ⊓ ∀operates.Invoice ⊑ Teacher
Every scientist authors at least one transaction.,Scientist ⊑ ∃authors.Transaction
Nothing that is a patient is a person.,Patient ⊑ ¬Person
A invoice is always a manager.,Invoice ⊑ Manager
Each invoice treats a software.,Invoice ⊑ ∃treats.Software
Anything that produces a scientist also produces a artist.,∃produces.Scientist ⊑ ∃produces.Artist
Anything that likes a country.,∃likes.Country
Every software is a food that creates only engineers.,Software ⊑ Food ⊓ ∀creates.Engineer
Every patient that designs a building is a hospital.,Patient ⊓ ∃designs.Building ⊑ Hospital
Every device owns only things that are either a book or a publication.,Device ⊑ ∀owns.(Book ⊔ Publication)
Every publication creates only projects.,Publication ⊑ ∀creates.Project
A patient is always a account.,Patient ⊑ Account
Whatever is both a engineer and a patient owns a city.,Engineer ⊓ Patient ⊑ ∃owns.City
All movies are departments as well as transactions.,Movie ⊑ Department ⊓ Transaction
Every movie is either a account or a service.,Movie ⊑ Account ⊔ Service
Every school treats only devices.,School ⊑ ∀treats.Device
Every movie is either a order or a food.,Movie ⊑ Order ⊔ Food
A teacher teaches exclusively customers.,Teacher ⊑ ∀teaches.Customer
Every book treats something that is both a department and a person.,Book ⊑ ∃treats.(Department ⊓ Person)
Every teacher is a city that supervises at least one course.,Teacher ⊑ City ⊓ ∃supervises.Course
Every building is either a person or a device.,Building ⊑ Person ⊔ Device
Anything that develops a plant also develops a book.,∃develops.Plant ⊑ ∃develops.Book
Every product maintains at least one vehicle.,Product ⊑ ∃maintains.Vehicle
All researchers are softwares as well as products.,Researcher ⊑ Software ⊓ Product
All cats are musics as well as universitys.,Cat ⊑ Music ⊓ University
Whatever is both a department and a country sells a cat.,Department ⊓ Country ⊑ ∃sells.Cat
A hardware is neither a service nor a movie.,Hardware ⊑ ¬(Service ⊔ Movie)
Every cat is a school that works for only countrys.,Cat ⊑ School ⊓ ∀worksFor.Country
Every food has child something that is both a order and a music.,Food ⊑ ∃hasChild.(Order ⊓ Music)
"If a publication buys anything, it must be a patient.",Publication ⊑ ∀buys.Patient
Every researcher produces only things that are either a hardware or a account.,Researcher ⊑ ∀produces.(Hardware ⊔ Account)
"If a doctor supervises anything, it must be a university.",Doctor ⊑ ∀supervises.University
Every university creates only things that are either a book or a project.,University ⊑ ∀creates.(Book ⊔ Project)
Every transaction is both a student and a book.,Transaction ⊑ Student ⊓ Book
All projects are defined as a school or a scientist.,Project ⊑ School ⊔ Scientist
Anything that knows a school also knows a employee.,∃knows.School ⊑ ∃knows.Employee
"If a car authors anything, it must be a bank.",Car ⊑ ∀authors.Bank
All librarys are defined as a course or a patient.,Library ⊑ Course ⊔ Patient
Every artist is a engineer that delivers at least one car.,Artist ⊑ Engineer ⊓ ∃delivers.Car
A software cannot be a engineer.,Software ⊑ ¬Engineer
All organizations are employees as well as suppliers.,Organization ⊑ Employee ⊓ Supplier
Whatever is both a school and a invoice buys a building.,School ⊓ Invoice ⊑ ∃buys.Building
Every animal is either a publication or a transaction.,Animal ⊑ Publication ⊔ Transaction
A country is always a account.,Country ⊑ Account
A vehicle or a transaction.,Vehicle ⊔ Transaction
A employee is always a invoice.,Employee ⊑ Invoice
Anything that authors a city.,∃authors.City
Every invoice is a supplier that attends at least one machine.,Invoice ⊑ Supplier ⊓ ∃attends.Machine
Every car is both a plant and a manager.,Car ⊑ Plant ⊓ Manager
A supplier cannot be a researcher.,Supplier ⊑ ¬Researcher
A library buys exclusively projects.,Library ⊑ ∀buys.Project
A library cannot be a company.,Library ⊑ ¬Company
Every researcher is a school that uses at least one animal.,Researcher ⊑ School ⊓ ∃uses.Animal
No artist is a scientist.,Artist ⊑ ¬Scientist
Every product is a animal that operates only researchers.,Product ⊑ Animal ⊓ ∀operates.Researcher
Every engineer that works for only services is a project.,Engineer ⊓ ∀worksFor.Service ⊑ Project
Whatever is both a transaction and a cat teaches a company.,Transaction ⊓ Cat ⊑ ∃teaches.Company
Every country buys at least one researcher.,Country ⊑ ∃buys.Researcher
A machine is something that delivers a course.,Machine ⊑ ∃delivers.Course
Anything that uses a hospital also uses a organization.,∃uses.Hospital ⊑ ∃uses.Organization
No doctor is a transaction.,Doctor ⊑ ¬Transaction
Anything that sells a food also sells a city.,∃sells.Food ⊑ ∃sells.City
Every bank teaches only things that are either a order or a invoice.,Bank ⊑ ∀teaches.(Order ⊔ Invoice)
Every patient is a company that designs at least one transaction.,Patient ⊑ Company ⊓ ∃designs.Transaction
All universitys are countrys as well as artists.,University ⊑ Country ⊓ Artist
A movie is something that works for a country.,Movie ⊑ ∃worksFor.Country
Every patient is a account.,Patient ⊑ Account
A hospital reads exclusively cars.,Hospital ⊑ ∀reads.Car
Every company is a patient that sells only accounts.,Company ⊑ Patient ⊓ ∀sells.Account
"If a scientist maintains anything, it must be a device.",Scientist ⊑ ∀maintains.Device
Every movie maintains only customers.,Movie ⊑ ∀maintains.Customer
No machine is a music.,Machine ⊑ ¬Music
No researcher is a city.,Researcher ⊑ ¬City
Every account is a scientist that supervises only invoices.,Account ⊑ Scientist ⊓ ∀supervises.Invoice
Every teacher that buys a plant is a music.,Teacher ⊓ ∃buys.Plant ⊑ Music
Anything that teaches a service also teaches a device.,∃teaches.Service ⊑ ∃teaches.Device
Every artist has child at least one order.,Artist ⊑ ∃hasChild.Order
Every invoice is either a patient or a organization.,Invoice ⊑ Patient ⊔ Organization
Every service that creates only countrys is a plant.,Service ⊓ ∀creates.Country ⊑ Plant
All companys are defined as a plant or a city.,Company ⊑ Plant ⊔ City
Every employee delivers something that is both a dog and a service.,Employee ⊑ ∃delivers.(Dog ⊓ Service)
Every country is a course that operates at least one vehicle.,Country ⊑ Course ⊓ ∃operates.Vehicle
A hardware is neither a music nor a dog.,Hardware ⊑ ¬(Music ⊔ Dog)
Every plant works for at least one department.,Plant ⊑ ∃worksFor.Department
Every software is either a plant or a engineer.,Software ⊑ Plant ⊔ Engineer
Every car manages something that is both a dog and a animal.,Car ⊑ ∃manages.(Dog ⊓ Animal)
Every doctor that likes only artists is a supplier.,Doctor ⊓ ∀likes.Artist ⊑ Supplier
A country and a account.,Country ⊓ Account
Every course is either a product or a food.,Course ⊑ Product ⊔ Food
Every book is either a student or a researcher.,Book ⊑ Student ⊔ Researcher
A university or a bank.,University ⊔ Bank
A hardware or a software.,Hardware ⊔ Software
A account is always a scientist.,Account ⊑ Scientist
Anything that likes a country also likes a project.,∃likes.Country ⊑ ∃likes.Project
"If a plant supervises anything, it must be a supplier.",Plant ⊑ ∀supervises.Supplier
No organization is a engineer.,Organization ⊑ ¬Engineer
Every teacher is either a car or a product.,Teacher ⊑ Car ⊔ Product
"If a project has child anything, it must be a movie.",Project ⊑ ∀hasChild.Movie
Anything that owns a bank.,∃owns.Bank
Each music has child a vehicle.,Music ⊑ ∃hasChild.Vehicle
A city or a student.,City ⊔ Student
Every product operates only things that are either a invoice or a hardware.,Product ⊑ ∀operates.(Invoice ⊔ Hardware)
A book uses exclusively invoices.,Book ⊑ ∀uses.Invoice
A supplier supervises exclusively artists.,Supplier ⊑ ∀supervises.Artist
Every country that is located in only accounts is a food.,Country ⊓ ∀locatedIn.Account ⊑ Food
A food is something that operates a city.,Food ⊑ ∃operates.City
All publications are defined as a manager or a bank.,Publication ⊑ Manager ⊔ Bank
Anything that develops a bank also develops a city.,∃develops.Bank ⊑ ∃develops.City
A patient cannot be a university.,Patient ⊑ ¬University
"If a dog owns anything, it must be a patient.",Dog ⊑ ∀owns.Patient
Every plant that funds only accounts is a bank.,Plant ⊓ ∀funds.Account ⊑ Bank
"If a car develops anything, it must be a service.",Car ⊑ ∀develops.Service
Every employee buys only things that are either a service or a engineer.,Employee ⊑ ∀buys.(Service ⊔ Engineer)
Anything that authors a order.,∃authors.Order
Every hardware is a product.,Hardware ⊑ Product
Whatever is both a plant and a building treats a account.,Plant ⊓ Building ⊑ ∃treats.Account
A library is always a plant.,Library ⊑ Plant
All transactions are devices as well as countrys.,Transaction ⊑ Device ⊓ Country
Every scientist that delivers a hospital is a order.,Scientist ⊓ ∃delivers.Hospital ⊑ Order
A publication is neither a supplier nor a vehicle.,Publication ⊑ ¬(Supplier ⊔ Vehicle)
Each animal creates a software.,Animal ⊑ ∃creates.Software
A cat or a car.,Cat ⊔ Car
A project is something that develops a software.,Project ⊑ ∃develops.Software
Every employee is either a person or a engineer.,Employee ⊑ Person ⊔ Engineer
A plant is neither a machine nor a researcher.,Plant ⊑ ¬(Machine ⊔ Researcher)
Anything that designs only schools.,∀designs.School
Nothing that is a transaction is a book.,Transaction ⊑ ¬Book
A department is neither a student nor a music.,Department ⊑ ¬(Student ⊔ Music)
Every researcher that manages only cats is a doctor.,Researcher ⊓ ∀manages.Cat ⊑ Doctor
Every device supervises at least one bank.,Device ⊑ ∃supervises.Bank
Every invoice sells something that is both a customer and a bank.,Invoice ⊑ ∃sells.(Customer ⊓ Bank)
A cat cannot be a department.,Cat ⊑ ¬Department
All orders are defined as a department or a account.,Order ⊑ Department ⊔ Account
Anything that supervises a department.,∃supervises.Department
A car and a plant.,Car ⊓ Plant
A cat is always a product.,Cat ⊑ Product
All employees are students as well as scientists.,Employee ⊑ Student ⊓ Scientist
All librarys are foods.,Library ⊑ Food
Every school is a person.,School ⊑ Person
A student or a device.,Student ⊔ Device
Nothing that is a book is a artist.,Book ⊑ ¬Artist
Nothing that is a software is a vehicle.,Software ⊑ ¬Vehicle
Anything that knows a library also knows a project.,∃knows.Library ⊑ ∃knows.Project
A department authors exclusively products.,Department ⊑ ∀authors.Product
Every project maintains only products.,Project ⊑ ∀maintains.Product
All softwares are researchers.,Software ⊑ Researcher
No plant is a library.,Plant ⊑ ¬Library
Every course attends only patients.,Course ⊑ ∀attends.Patient
Anything that buys only engineers.,∀buys.Engineer
Every hardware is a customer that manages only products.,Hardware ⊑ Customer ⊓ ∀manages.Product
Every hardware is a manager that owns only cats.,Hardware ⊑ Manager ⊓ ∀owns.Cat
All hospitals are defined as a project or a city.,Hospital ⊑ Project ⊔ City
Every supplier teaches something that is both a teacher and a plant.,Supplier ⊑ ∃teaches.(Teacher ⊓ Plant)
Anything that manages a account.,∃manages.Account
Anything that funds a school also funds a doctor.,∃funds.School ⊑ ∃funds.Doctor
Every bank is either a school or a device.,Bank ⊑ School ⊔ Device
Every supplier attends only softwares.,Supplier ⊑ ∀attends.Software
A dog or a publication.,Dog ⊔ Publication
Every doctor sells at least one hospital.,Doctor ⊑ ∃sells.Hospital
No dog is a hardware.,Dog ⊑ ¬Hardware
Every animal creates at least one hospital.,Animal ⊑ ∃creates.Hospital
Every employee that attends a school is a teacher.,Employee ⊓ ∃attends.School ⊑ Teacher
A animal is always a machine.,Animal ⊑ Machine
Nothing that is a music is a dog.,Music ⊑ ¬Dog
Every employee is a animal.,Employee ⊑ Animal
All librarys are defined as a software or a employee.,Library ⊑ Software ⊔ Employee
Every university that uses only schools is a department.,University ⊓ ∀uses.School ⊑ Department
All teachers are defined as a library or a bank.,Teacher ⊑ Library ⊔ Bank
No service is a department.,Service ⊑ ¬Department
Every vehicle is either a manager or a account.,Vehicle ⊑ Manager ⊔ Account
A device and a artist.,Device ⊓ Artist
All customers are vehicles.,Customer ⊑ Vehicle
A person or a city.,Person ⊔ City
Nothing that is a customer is a car.,Customer ⊑ ¬Car
All projects are scientists.,Project ⊑ Scientist
Every country is a order that develops only librarys.,Country ⊑ Order ⊓ ∀develops.Library
Every artist that funds a animal is a vehicle.,Artist ⊓ ∃funds.Animal ⊑ Vehicle
Every company that has child only invoices is a bank.,Company ⊓ ∀hasChild.Invoice ⊑ Bank
A invoice is something that attends a customer.,Invoice ⊑ ∃attends.Customer
Every hospital has child only things that are either a country or a scientist.,Hospital ⊑ ∀hasChild.(Country ⊔ Scientist)
Every bank is a supplier that delivers at least one teacher.,Bank ⊑ Supplier ⊓ ∃delivers.Teacher
A product is neither a publication nor a movie.,Product ⊑ ¬(Publication ⊔ Movie)
Every researcher is both a manager and a artist.,Researcher ⊑ Manager ⊓ Artist
Nothing that is a hospital is a manager.,Hospital ⊑ ¬Manager
Every library is either a course or a country.,Library ⊑ Course ⊔ Country
Every supplier that produces a organization is a software.,Supplier ⊓ ∃produces.Organization ⊑ Software
A device or a country.,Device ⊔ Country
Every book sells at least one doctor.,Book ⊑ ∃sells.Doctor
A publication and a school.,Publication ⊓ School
Anything that teaches a researcher.,∃teaches.Researcher
Every customer delivers only things that are either a department or a doctor.,Customer ⊑ ∀delivers.(Department ⊔ Doctor)
Every manager maintains something that is both a city and a order.,Manager ⊑ ∃maintains.(City ⊓ Order)
All scientists are defined as a product or a project.,Scientist ⊑ Product ⊔ Project
Every university is a book that designs only vehicles.,University ⊑ Book ⊓ ∀designs.Vehicle
Every person is either a teacher or a device.,Person ⊑ Teacher ⊔ Device
Every plant is either a country or a department.,Plant ⊑ Country ⊔ Department
A music and a employee.,Music ⊓ Employee
A organization cannot be a university.,Organization ⊑ ¬University
Nothing that is a artist is a book.,Artist ⊑ ¬Book
Every product that owns only students is a manager.,Product ⊓ ∀owns.Student ⊑ Manager
Anything that authors only organizations.,∀authors.Organization
A hardware cannot be a dog.,Hardware ⊑ ¬Dog
Every manager is a invoice that operates only schools.,Manager ⊑ Invoice ⊓ ∀operates.School
Every engineer is a transaction.,Engineer ⊑ Transaction
Every project is either a food or a teacher.,Project ⊑ Food ⊔ Teacher
Every car is a person that has child only customers.,Car ⊑ Person ⊓ ∀hasChild.Customer
A employee manages exclusively customers.,Employee ⊑ ∀manages.Customer
Anything that develops a car also develops a artist.,∃develops.Car ⊑ ∃develops.Artist
"If a manager sells anything, it must be a student.",Manager ⊑ ∀sells.Student
A music creates exclusively customers.,Music ⊑ ∀creates.Customer
Anything that creates only products.,∀creates.Product
Anything that funds a country.,∃funds.Country
Each building operates a project.,Building ⊑ ∃operates.Project
Whatever is both a food and a car produces a project.,Food ⊓ Car ⊑ ∃produces.Project
Every transaction is a department that is located in at least one customer.,Transaction ⊑ Department ⊓ ∃locatedIn.Customer
Whatever is both a course and a food reads a student.,Course ⊓ Food ⊑ ∃reads.Student
Every animal buys something that is both a project and a teacher.,Animal ⊑ ∃buys.(Project ⊓ Teacher)
A account is something that supervises a software.,Account ⊑ ∃supervises.Software
A artist cannot be a plant.,Artist ⊑ ¬Plant
A invoice is something that buys a service.,Invoice ⊑ ∃buys.Service
Each customer likes a service.,Customer ⊑ ∃likes.Service
Every publication is either a movie or a supplier.,Publication ⊑ Movie ⊔ Supplier
Every vehicle attends only citys.,Vehicle ⊑ ∀attends.City
A book maintains exclusively transactions.,Book ⊑ ∀maintains.Transaction
All invoices are defined as a service or a hardware.,Invoice ⊑ Service ⊔ Hardware
Every animal is a vehicle that treats at least one supplier.,Animal ⊑ Vehicle ⊓ ∃treats.Supplier
Anything that buys a software.,∃buys.Software
A engineer or a invoice.,Engineer ⊔ Invoice
A cat and a hardware.,Cat ⊓ Hardware
Every school buys at least one order.,School ⊑ ∃buys.Order
Every bank is a vehicle.,Bank ⊑ Vehicle
Every department is a company that develops only librarys.,Department ⊑ Company ⊓ ∀develops.Library
A project is neither a music nor a supplier.,Project ⊑ ¬(Music ⊔ Supplier)
Every book likes something that is both a project and a invoice.,Book ⊑ ∃likes.(Project ⊓ Invoice)
Each city likes a publication.,City ⊑ ∃likes.Publication
Anything that teaches only schools.,∀teaches.School
Every patient is a manager that has child only doctors.,Patient ⊑ Manager ⊓ ∀hasChild.Doctor
Every employee is a cat.,Employee ⊑ Cat
Whatever is both a plant and a book attends a project.,Plant ⊓ Book ⊑ ∃attends.Project
A manager or a food.,Manager ⊔ Food
A product delivers exclusively buildings.,Product ⊑ ∀delivers.Building
Nothing that is a organization is a animal.,Organization ⊑ ¬Animal
Nothing that is a project is a course.,Project ⊑ ¬Course
"If a engineer operates anything, it must be a invoice.",Engineer ⊑ ∀operates.Invoice
"If a artist is located in anything, it must be a building.",Artist ⊑ ∀locatedIn.Building
Every city that treats a researcher is a movie.,City ⊓ ∃treats.Researcher ⊑ Movie
Each patient supervises a teacher.,Patient ⊑ ∃supervises.Teacher
A bank develops exclusively foods.,Bank ⊑ ∀develops.Food
A department sells exclusively products.,Department ⊑ ∀sells.Product
Every device is a plant that works for only cats.,Device ⊑ Plant ⊓ ∀worksFor.Cat
Whatever is both a food and a manager treats a department.,Food ⊓ Manager ⊑ ∃treats.Department
No movie is a book.,Movie ⊑ ¬Book
A account or a doctor.,Account ⊔ Doctor
Every hospital develops something that is both a student and a engineer.,Hospital ⊑ ∃develops.(Student ⊓ Engineer)
A course is something that attends a food.,Course ⊑ ∃attends.Food
Every company sells only schools.,Company ⊑ ∀sells.School
Every music is either a course or a employee.,Music ⊑ Course ⊔ Employee
Every animal that reads a country is a product.,Animal ⊓ ∃reads.Country ⊑ Product
Every movie is either a teacher or a company.,Movie ⊑ Teacher ⊔ Company
Every doctor is a cat that teaches only hardwares.,Doctor ⊑ Cat ⊓ ∀teaches.Hardware
A engineer cannot be a person.,Engineer ⊑ ¬Person
A customer or a book.,Customer ⊔ Book
Every teacher is located in at least one bank.,Teacher ⊑ ∃locatedIn.Bank
Every customer that uses a cat is a food.,Customer ⊓ ∃uses.Cat ⊑ Food
Anything that likes a order also likes a invoice.,∃likes.Order ⊑ ∃likes.Invoice
A plant cannot be a transaction.,Plant ⊑ ¬Transaction
A hospital and a organization.,Hospital ⊓ Organization
Each movie uses a doctor.,Movie ⊑ ∃uses.Doctor
Whatever is both a researcher and a student manages a publication.,Researcher ⊓ Student ⊑ ∃manages.Publication
Every food is both a manager and a department.,Food ⊑ Manager ⊓ Department
A device cannot be a city.,Device ⊑ ¬City
Every transaction is a person.,Transaction ⊑ Person
A project is always a machine.,Project ⊑ Machine
Every cat is a movie that maintains at least one patient.,Cat ⊑ Movie ⊓ ∃maintains.Patient
No employee is a account.,Employee ⊑ ¬Account
Every doctor that works for only departments is a account.,Doctor ⊓ ∀worksFor.Department ⊑ Account
Every order is a library.,Order ⊑ Library
All accounts are doctors.,Account ⊑ Doctor
Every school is a book that attends at least one building.,School ⊑ Book ⊓ ∃attends.Building
Every hospital that authors a scientist is a account.,Hospital ⊓ ∃authors.Scientist ⊑ Account
Anything that develops a transaction.,∃develops.Transaction
Anything that uses a employee also uses a product.,∃uses.Employee ⊑ ∃uses.Product
Every doctor is a department.,Doctor ⊑ Department
A software cannot be a device.,Software ⊑ ¬Device
No bank is a manager.,Bank ⊑ ¬Manager
Anything that supervises a dog also supervises a car.,∃supervises.Dog ⊑ ∃supervises.Car
Every machine is a organization that reads at least one scientist.,Machine ⊑ Organization ⊓ ∃reads.Scientist
Every artist reads only organizations.,Artist ⊑ ∀reads.Organization
All schools are plants as well as citys.,School ⊑ Plant ⊓ City
Every library is a country that authors at least one organization.,Library ⊑ Country ⊓ ∃authors.Organization
A employee is always a manager.,Employee ⊑ Manager
Whatever is both a transaction and a employee reads a engineer.,Transaction ⊓ Employee ⊑ ∃reads.Engineer
A library is always a account.,Library ⊑ Account
Every library that develops only doctors is a dog.,Library ⊓ ∀develops.Doctor ⊑ Dog
A food is neither a bank nor a library.,Food ⊑ ¬(Bank ⊔ Library)
Every manager is a device that designs only countrys.,Manager ⊑ Device ⊓ ∀designs.Country
Every dog designs only things that are either a product or a plant.,Dog ⊑ ∀designs.(Product ⊔ Plant)
Every building produces something that is both a food and a hospital.,Building ⊑ ∃produces.(Food ⊓ Hospital)
A hospital is neither a dog nor a software.,Hospital ⊑ ¬(Dog ⊔ Software)
A car and a machine.,Car ⊓ Machine
Every plant that buys a invoice is a service.,Plant ⊓ ∃buys.Invoice ⊑ Service
Every product is either a supplier or a service.,Product ⊑ Supplier ⊔ Service
A customer cannot be a invoice.,Customer ⊑ ¬Invoice
Every dog treats something that is both a customer and a artist.,Dog ⊑ ∃treats.(Customer ⊓ Artist)
Every food creates at least one person.,Food ⊑ ∃creates.Person
Whatever is both a department and a project authors a machine.,Department ⊓ Project ⊑ ∃authors.Machine
A patient and a student.,Patient ⊓ Student
A company cannot be a cat.,Company ⊑ ¬Cat
Anything that operates a course.,∃operates.Course
All hospitals are cars as well as books.,Hospital ⊑ Car ⊓ Book
Every hospital that sells only orders is a course.,Hospital ⊓ ∀sells.Order ⊑ Course
Every employee is a plant that works for only patients.,Employee ⊑ Plant ⊓ ∀worksFor.Patient
Every scientist is either a account or a building.,Scientist ⊑ Account ⊔ Building
A city cannot be a school.,City ⊑ ¬School
A hospital is something that funds a person.,Hospital ⊑ ∃funds.Person
Nothing that is a cat is a artist.,Cat ⊑ ¬Artist
Anything that maintains only engineers.,∀maintains.Engineer
A school cannot be a organization.,School ⊑ ¬Organization
All foods are defined as a bank or a publication.,Food ⊑ Bank ⊔ Publication
Anything that knows a student.,∃knows.Student
A city is something that delivers a vehicle.,City ⊑ ∃delivers.Vehicle
Every building is both a dog and a artist.,Building ⊑ Dog ⊓ Artist
"If a cat attends anything, it must be a device.",Cat ⊑ ∀attends.Device
Whatever is both a publication and a dog develops a artist.,Publication ⊓ Dog ⊑ ∃develops.Artist
Every engineer is both a account and a machine.,Engineer ⊑ Account ⊓ Machine
Every city sells only things that are either a hospital or a device.,City ⊑ ∀sells.(Hospital ⊔ Device)
Whatever is both a student and a dog manages a university.,Student ⊓ Dog ⊑ ∃manages.University
Every project works for at least one engineer.,Project ⊑ ∃worksFor.Engineer
All customers are managers as well as products.,Customer ⊑ Manager ⊓ Product
Every company knows something that is both a account and a project.,Company ⊑ ∃knows.(Account ⊓ Project)
Anything that owns a employee also owns a building.,∃owns.Employee ⊑ ∃owns.Building
Every person is a dog that maintains at least one plant.,Person ⊑ Dog ⊓ ∃maintains.Plant
Anything that likes a project.,∃likes.Project
Anything that attends a scientist.,∃attends.Scientist
Every music maintains only things that are either a book or a scientist.,Music ⊑ ∀maintains.(Book ⊔ Scientist)
No organization is a transaction.,Organization ⊑ ¬Transaction
Whatever is both a book and a school produces a university.,Book ⊓ School ⊑ ∃produces.University
Every bank is both a customer and a order.,Bank ⊑ Customer ⊓ Order
Every student is a music.,Student ⊑ Music
All products are defined as a service or a project.,Product ⊑ Service ⊔ Project
Every hardware buys at least one course.,Hardware ⊑ ∃buys.Course
A dog is neither a patient nor a company.,Dog ⊑ ¬(Patient ⊔ Company)
All scientists are books as well as accounts.,Scientist ⊑ Book ⊓ Account
A course or a machine.,Course ⊔ Machine
Every researcher is a employee.,Researcher ⊑ Employee
Anything that designs a project.,∃designs.Project
Every hardware reads at least one student.,Hardware ⊑ ∃reads.Student
Every dog is a supplier that likes at least one department.,Dog ⊑ Supplier ⊓ ∃likes.Department
Anything that likes only musics.,∀likes.Music
A device teaches exclusively teachers.,Device ⊑ ∀teaches.Teacher
Every account that works for only publications is a hospital.,Account ⊓ ∀worksFor.Publication ⊑ Hospital
A publication is always a project.,Publication ⊑ Project
Nothing that is a account is a city.,Account ⊑ ¬City
All invoices are defined as a cat or a doctor.,Invoice ⊑ Cat ⊔ Doctor
A manager is neither a hospital nor a supplier.,Manager ⊑ ¬(Hospital ⊔ Supplier)
All schools are invoices.,School ⊑ Invoice
Every project that attends a hardware is a doctor.,Project ⊓ ∃attends.Hardware ⊑ Doctor
Each course owns a researcher.,Course ⊑ ∃owns.Researcher
Every library is both a employee and a music.,Library ⊑ Employee ⊓ Music
Every dog creates only customers.,Dog ⊑ ∀creates.Customer
Every student sells at least one university.,Student ⊑ ∃sells.University
Every movie is a account.,Movie ⊑ Account
"If a manager develops anything, it must be a teacher.",Manager ⊑ ∀develops.Teacher
Every plant is a bank.,Plant ⊑ Bank
Whatever is both a food and a university supervises a course.,Food ⊓ University ⊑ ∃supervises.Course
A project and a software.,Project ⊓ Software
Every engineer that operates only organizations is a company.,Engineer ⊓ ∀operates.Organization ⊑ Company
All courses are defined as a university or a customer.,Course ⊑ University ⊔ Customer
A scientist is neither a country nor a cat.,Scientist ⊑ ¬(Country ⊔ Cat)
Every researcher is either a country or a supplier.,Researcher ⊑ Country ⊔ Supplier
A product or a student.,Product ⊔ Student
Every university is a supplier that authors only vehicles.,University ⊑ Supplier ⊓ ∀authors.Vehicle
No teacher is a customer.,Teacher ⊑ ¬Customer
Anything that designs a vehicle also designs a book.,∃designs.Vehicle ⊑ ∃designs.Book
Every animal that attends only banks is a library.,Animal ⊓ ∀attends.Bank ⊑ Library
Whatever is both a machine and a animal buys a food.,Machine ⊓ Animal ⊑ ∃buys.Food
All musics are artists.,Music ⊑ Artist
Whatever is both a country and a vehicle has child a university.,Country ⊓ Vehicle ⊑ ∃hasChild.University
A person or a vehicle.,Person ⊔ Vehicle
A hospital and a transaction.,Hospital ⊓ Transaction
Every scientist is either a service or a supplier.,Scientist ⊑ Service ⊔ Supplier
Anything that produces a hardware.,∃produces.Hardware
Every movie maintains something that is both a city and a manager.,Movie ⊑ ∃maintains.(City ⊓ Manager)
No person is a student.,Person ⊑ ¬Student
Anything that buys a person also buys a company.,∃buys.Person ⊑ ∃buys.Company
Every transaction manages at least one device.,Transaction ⊑ ∃manages.Device
All foods are vehicles.,Food ⊑ Vehicle
A food is something that reads a manager.,Food ⊑ ∃reads.Manager
Every student is a animal that manages at least one teacher.,Student ⊑ Animal ⊓ ∃manages.Teacher
A project or a country.,Project ⊔ Country
No artist is a library.,Artist ⊑ ¬Library
Nothing that is a person is a researcher.,Person ⊑ ¬Researcher
Every bank is both a service and a machine.,Bank ⊑ Service ⊓ Machine
All banks are companys as well as students.,Bank ⊑ Company ⊓ Student
Anything that treats a transaction.,∃treats.Transaction
A manager and a supplier.,Manager ⊓ Supplier
Every teacher is a hospital.,Teacher ⊑ Hospital
A department is something that teaches a person.,Department ⊑ ∃teaches.Person
Every manager is a company that produces only accounts.,Manager ⊑ Company ⊓ ∀produces.Account
Every building that has child only books is a company.,Building ⊓ ∀hasChild.Book ⊑ Company
Every company is a book that delivers only citys.,Company ⊑ Book ⊓ ∀delivers.City
Each person develops a music.,Person ⊑ ∃develops.Music
Every order sells only things that are either a hardware or a bank.,Order ⊑ ∀sells.(Hardware ⊔ Bank)
Every car produces something that is both a account and a employee.,Car ⊑ ∃produces.(Account ⊓ Employee)
All foods are defined as a doctor or a scientist.,Food ⊑ Doctor ⊔ Scientist
Every building knows only things that are either a software or a course.,Building ⊑ ∀knows.(Software ⊔ Course)
Every food is a transaction that operates only hardwares.,Food ⊑ Transaction ⊓ ∀operates.Hardware
A dog cannot be a artist.,Dog ⊑ ¬Artist
Nothing that is a machine is a supplier.,Machine ⊑ ¬Supplier
All librarys are defined as a organization or a project.,Library ⊑ Organization ⊔ Project
Every software is a invoice that reads only foods.,Software ⊑ Invoice ⊓ ∀reads.Food
A scientist is always a country.,Scientist ⊑ Country
All products are defined as a music or a service.,Product ⊑ Music ⊔ Service
Anything that likes a library also likes a course.,∃likes.Library ⊑ ∃likes.Course
Every artist likes only projects.,Artist ⊑ ∀likes.Project
"If a artist treats anything, it must be a course.",Artist ⊑ ∀treats.Course
Every vehicle works for only things that are either a bank or a supplier.,Vehicle ⊑ ∀worksFor.(Bank ⊔ Supplier)
Every invoice operates only things that are either a researcher or a university.,Invoice ⊑ ∀operates.(Researcher ⊔ University)
All schools are patients.,School ⊑ Patient
All courses are hardwares as well as movies.,Course ⊑ Hardware ⊓ Movie
Every cat is both a library and a account.,Cat ⊑ Library ⊓ Account
No dog is a transaction.,Dog ⊑ ¬Transaction
Every school owns at least one movie.,School ⊑ ∃owns.Movie
A plant manages exclusively invoices.,Plant ⊑ ∀manages.Invoice
Every service is both a artist and a music.,Service ⊑ Artist ⊓ Music
Every bank has child only things that are either a book or a account.,Bank ⊑ ∀hasChild.(Book ⊔ Account)
Whatever is both a university and a patient treats a hospital.,University ⊓ Patient ⊑ ∃treats.Hospital
A bank is always a animal.,Bank ⊑ Animal
A vehicle or a software.,Vehicle ⊔ Software
Every book manages only things that are either a student or a organization.,Book ⊑ ∀manages.(Student ⊔ Organization)
A department and a library.,Department ⊓ Library
All orders are products as well as researchers.,Order ⊑ Product ⊓ Researcher
Every supplier is a person that maintains only banks.,Supplier ⊑ Person ⊓ ∀maintains.Bank
A cat or a customer.,Cat ⊔ Customer
A order or a engineer.,Order ⊔ Engineer
Every engineer is a machine that creates at least one teacher.,Engineer ⊑ Machine ⊓ ∃creates.Teacher
Anything that knows a hospital.,∃knows.Hospital
Every country is a bank.,Country ⊑ Bank
A software is neither a patient nor a order.,Software ⊑ ¬(Patient ⊔ Order)
A engineer sells exclusively plants.,Engineer ⊑ ∀sells.Plant
Every customer is a teacher.,Customer ⊑ Teacher
Anything that works for a software.,∃worksFor.Software
Every artist is both a transaction and a account.,Artist ⊑ Transaction ⊓ Account
Each customer maintains a cat.,Customer ⊑ ∃maintains.Cat
Anything that operates a dog.,∃operates.Dog
A account is neither a product nor a vehicle.,Account ⊑ ¬(Product ⊔ Vehicle)
A patient is something that treats a person.,Patient ⊑ ∃treats.Person
A library buys exclusively students.,Library ⊑ ∀buys.Student
A university is always a department.,University ⊑ Department
Every device that funds a customer is a software.,Device ⊓ ∃funds.Customer ⊑ Software
Every employee that manages only countrys is a machine.,Employee ⊓ ∀manages.Country ⊑ Machine
Every school that buys a hospital is a department.,School ⊓ ∃buys.Hospital ⊑ Department
A course or a teacher.,Course ⊔ Teacher
Every library is either a order or a researcher.,Library ⊑ Order ⊔ Researcher
Every manager sells only things that are either a book or a building.,Manager ⊑ ∀sells.(Book ⊔ Building)
Every music is both a person and a customer.,Music ⊑ Person ⊓ Customer
A customer is neither a teacher nor a animal.,Customer ⊑ ¬(Teacher ⊔ Animal)
Every machine is both a cat and a library.,Machine ⊑ Cat ⊓ Library
Every bank is both a account and a product.,Bank ⊑ Account ⊓ Product
No course is a publication.,Course ⊑ ¬Publication
Every product is a hospital.,Product ⊑ Hospital
A student is something that delivers a account.,Student ⊑ ∃delivers.Account
All patients are defined as a artist or a software.,Patient ⊑ Artist ⊔ Software
Anything that operates a company.,∃operates.Company
Every order that is located in a manager is a doctor.,Order ⊓ ∃locatedIn.Manager ⊑ Doctor
Whatever is both a movie and a plant supervises a building.,Movie ⊓ Plant ⊑ ∃supervises.Building
Every city has child only publications.,City ⊑ ∀hasChild.Publication
Nothing that is a doctor is a device.,Doctor ⊑ ¬Device
A product and a movie.,Product ⊓ Movie
"If a country creates anything, it must be a building.",Country ⊑ ∀creates.Building
Nothing that is a machine is a invoice.,Machine ⊑ ¬Invoice
All cars are books.,Car ⊑ Book
A bank cannot be a supplier.,Bank ⊑ ¬Supplier
All universitys are persons.,University ⊑ Person
Every company is a machine that has child only schools.,Company ⊑ Machine ⊓ ∀hasChild.School
A publication or a dog.,Publication ⊔ Dog
Every vehicle sells something that is both a book and a movie.,Vehicle ⊑ ∃sells.(Book ⊓ Movie)
Anything that authors a vehicle.,∃authors.Vehicle
Every hardware works for at least one artist.,Hardware ⊑ ∃worksFor.Artist
Anything that works for a manager also works for a building.,∃worksFor.Manager ⊑ ∃worksFor.Building
A course reads exclusively citys.,Course ⊑ ∀reads.City
Every artist is located in only things that are either a food or a car.,Artist ⊑ ∀locatedIn.(Food ⊔ Car)
A employee is something that likes a order.,Employee ⊑ ∃likes.Order
A supplier is neither a student nor a book.,Supplier ⊑ ¬(Student ⊔ Book)
Every food that maintains only suppliers is a product.,Food ⊓ ∀maintains.Supplier ⊑ Product
Every car maintains only things that are either a publication or a building.,Car ⊑ ∀maintains.(Publication ⊔ Building)
Every university funds something that is both a invoice and a music.,University ⊑ ∃funds.(Invoice ⊓ Music)
Nothing that is a city is a scientist.,City ⊑ ¬Scientist
Anything that has child a order.,∃hasChild.Order
A manager is something that delivers a hardware.,Manager ⊑ ∃delivers.Hardware
Whatever is both a project and a music knows a teacher.,Project ⊓ Music ⊑ ∃knows.Teacher
All services are suppliers as well as companys.,Service ⊑ Supplier ⊓ Company
Every cat maintains something that is both a animal and a software.,Cat ⊑ ∃maintains.(Animal ⊓ Software)
Every university is either a animal or a building.,University ⊑ Animal ⊔ Building
Every bank creates at least one machine.,Bank ⊑ ∃creates.Machine
Anything that treats only movies.,∀treats.Movie
Anything that sells a doctor.,∃sells.Doctor
Every engineer is either a software or a school.,Engineer ⊑ Software ⊔ School
A country is always a artist.,Country ⊑ Artist
Anything that owns a organization also owns a scientist.,∃owns.Organization ⊑ ∃owns.Scientist
Every device is either a dog or a city.,Device ⊑ Dog ⊔ City
All cats are defined as a animal or a book.,Cat ⊑ Animal ⊔ Book
Every invoice is a company that maintains only countrys.,Invoice ⊑ Company ⊓ ∀maintains.Country
A movie is something that treats a book.,Movie ⊑ ∃treats.Book
Every bank creates something that is both a organization and a book.,Bank ⊑ ∃creates.(Organization ⊓ Book)
Every food is a account that operates only softwares.,Food ⊑ Account ⊓ ∀operates.Software
Every machine is either a vehicle or a service.,Machine ⊑ Vehicle ⊔ Service
Nothing that is a researcher is a transaction.,Researcher ⊑ ¬Transaction
Every artist is both a vehicle and a scientist.,Artist ⊑ Vehicle ⊓ Scientist
Nothing that is a music is a hospital.,Music ⊑ ¬Hospital
Every building develops at least one account.,Building ⊑ ∃develops.Account
Each software is located in a cat.,Software ⊑ ∃locatedIn.Cat
Anything that supervises only countrys.,∀supervises.Country
Every hardware works for only things that are either a supplier or a person.,Hardware ⊑ ∀worksFor.(Supplier ⊔ Person)
A country and a hospital.,Country ⊓ Hospital
A company reads exclusively universitys.,Company ⊑ ∀reads.University
A company and a employee.,Company ⊓ Employee
Anything that reads a patient.,∃reads.Patient
Every dog authors at least one researcher.,Dog ⊑ ∃authors.Researcher
No food is a employee.,Food ⊑ ¬Employee
All softwares are patients as well as hardwares.,Software ⊑ Patient ⊓ Hardware
A patient cannot be a library.,Patient ⊑ ¬Library
No cat is a engineer.,Cat ⊑ ¬Engineer
A order or a city.,Order ⊔ City
Anything that operates only devices.,∀operates.Device
All students are defined as a city or a project.,Student ⊑ City ⊔ Project
A dog supervises exclusively cars.,Dog ⊑ ∀supervises.Car
A software and a engineer.,Software ⊓ Engineer
A device is always a engineer.,Device ⊑ Engineer
No patient is a city.,Patient ⊑ ¬City
Every course is both a service and a engineer.,Course ⊑ Service ⊓ Engineer
Every person is both a company and a patient.,Person ⊑ Company ⊓ Patient
Every animal is a order that maintains only machines.,Animal ⊑ Order ⊓ ∀maintains.Machine
Anything that owns a customer also owns a product.,∃owns.Customer ⊑ ∃owns.Product
No doctor is a invoice.,Doctor ⊑ ¬Invoice
Each project supervises a customer.,Project ⊑ ∃supervises.Customer
Every software is a company.,Software ⊑ Company
Every hospital is a university.,Hospital ⊑ University
Every product knows only things that are either a scientist or a vehicle.,Product ⊑ ∀knows.(Scientist ⊔ Vehicle)
A account cannot be a manager.,Account ⊑ ¬Manager
Every customer is a course that attends only suppliers.,Customer ⊑ Course ⊓ ∀attends.Supplier
A dog and a plant.,Dog ⊓ Plant
Every car is both a account and a organization.,Car ⊑ Account ⊓ Organization
Anything that develops only students.,∀develops.Student
Every manager is both a music and a bank.,Manager ⊑ Music ⊓ Bank
Every student that knows a customer is a device.,Student ⊓ ∃knows.Customer ⊑ Device
All hospitals are defined as a customer or a student.,Hospital ⊑ Customer ⊔ Student
Every product that reads only orders is a doctor.,Product ⊓ ∀reads.Order ⊑ Doctor
All companys are plants as well as cars.,Company ⊑ Plant ⊓ Car
All cars are buildings as well as courses.,Car ⊑ Building ⊓ Course
Every school is a scientist that teaches at least one book.,School ⊑ Scientist ⊓ ∃teaches.Book
Every food works for at least one employee.,Food ⊑ ∃worksFor.Employee
Every course that delivers a doctor is a engineer.,Course ⊓ ∃delivers.Doctor ⊑ Engineer
"If a employee uses anything, it must be a country.",Employee ⊑ ∀uses.Country
All organizations are products as well as projects.,Organization ⊑ Product ⊓ Project
Anything that owns a order also owns a company.,∃owns.Order ⊑ ∃owns.Company
A animal is something that works for a course.,Animal ⊑ ∃worksFor.Course
Every employee is both a doctor and a engineer.,Employee ⊑ Doctor ⊓ Engineer
Every department is a organization that sells at least one hardware.,Department ⊑ Organization ⊓ ∃sells.Hardware
A course is something that attends a city.,Course ⊑ ∃attends.City
Anything that is located in only managers.,∀locatedIn.Manager
Every department buys only things that are either a software or a researcher.,Department ⊑ ∀buys.(Software ⊔ Researcher)
"If a food treats anything, it must be a transaction.",Food ⊑ ∀treats.Transaction
"If a department likes anything, it must be a city.",Department ⊑ ∀likes.City
Anything that has child a course also has child a company.,∃hasChild.Course ⊑ ∃hasChild.Company
Every university treats only employees.,University ⊑ ∀treats.Employee
Nothing that is a employee is a building.,Employee ⊑ ¬Building
Every device is both a scientist and a food.,Device ⊑ Scientist ⊓ Food
Each city delivers a service.,City ⊑ ∃delivers.Service
No account is a city.,Account ⊑ ¬City
Anything that treats only managers.,∀treats.Manager
Every organization is a service.,Organization ⊑ Service
Every supplier is a hardware that designs only softwares.,Supplier ⊑ Hardware ⊓ ∀designs.Software
Every school uses at least one service.,School ⊑ ∃uses.Service
All accounts are defined as a scientist or a device.,Account ⊑ Scientist ⊔ Device
Every country authors at least one school.,Country ⊑ ∃authors.School
Every hospital attends only publications.,Hospital ⊑ ∀attends.Publication
A scientist is always a food.,Scientist ⊑ Food
Anything that knows only customers.,∀knows.Customer
Every dog is a hospital.,Dog ⊑ Hospital
A order and a artist.,Order ⊓ Artist
Anything that produces a machine also produces a publication.,∃produces.Machine ⊑ ∃produces.Publication
Every city owns at least one project.,City ⊑ ∃owns.Project
Whatever is both a product and a country supervises a hospital.,Product ⊓ Country ⊑ ∃supervises.Hospital
Each account attends a service.,Account ⊑ ∃attends.Service
Each publication owns a invoice.,Publication ⊑ ∃owns.Invoice
A artist cannot be a patient.,Artist ⊑ ¬Patient
All plants are services.,Plant ⊑ Service
Anything that produces a order also produces a manager.,∃produces.Order ⊑ ∃produces.Manager
All buildings are defined as a university or a hardware.,Building ⊑ University ⊔ Hardware
Anything that likes a building also likes a manager.,∃likes.Building ⊑ ∃likes.Manager
No project is a account.,Project ⊑ ¬Account
All students are universitys.,Student ⊑ University
Every food supervises only students.,Food ⊑ ∀supervises.Student
Every plant is either a engineer or a service.,Plant ⊑ Engineer ⊔ Service
Every employee is either a organization or a food.,Employee ⊑ Organization ⊔ Food
A researcher reads exclusively products.,Researcher ⊑ ∀reads.Product
A university is neither a teacher nor a movie.,University ⊑ ¬(Teacher ⊔ Movie)
Every device that treats only universitys is a manager.,Device ⊓ ∀treats.University ⊑ Manager
Every customer delivers only things that are either a cat or a movie.,Customer ⊑ ∀delivers.(Cat ⊔ Movie)
Each transaction treats a artist.,Transaction ⊑ ∃treats.Artist
A book cannot be a doctor.,Book ⊑ ¬Doctor
All teachers are suppliers as well as cars.,Teacher ⊑ Supplier ⊓ Car
A person or a publication.,Person ⊔ Publication
A book reads exclusively invoices.,Book ⊑ ∀reads.Invoice
"If a device has child anything, it must be a country.",Device ⊑ ∀hasChild.Country
A course is always a teacher.,Course ⊑ Teacher
Anything that authors a car.,∃authors.Car
Every hospital is a researcher that creates only doctors.,Hospital ⊑ Researcher ⊓ ∀creates.Doctor
Each cat knows a engineer.,Cat ⊑ ∃knows.Engineer
Anything that operates a building also operates a country.,∃operates.Building ⊑ ∃operates.Country
"If a cat likes anything, it must be a artist.",Cat ⊑ ∀likes.Artist
Every project delivers only movies.,Project ⊑ ∀delivers.Movie
A school maintains exclusively librarys.,School ⊑ ∀maintains.Library
A city is neither a car nor a student.,City ⊑ ¬(Car ⊔ Student)
Anything that produces a cat.,∃produces.Cat
Anything that develops a supplier.,∃develops.Supplier
A country or a patient.,Country ⊔ Patient
Every service is both a car and a city.,Service ⊑ Car ⊓ City
No bank is a software.,Bank ⊑ ¬Software
A supplier is something that likes a invoice.,Supplier ⊑ ∃likes.Invoice
A doctor or a city.,Doctor ⊔ City
Anything that teaches a manager.,∃teaches.Manager
A supplier is something that reads a order.,Supplier ⊑ ∃reads.Order
A city or a hospital.,City ⊔ Hospital
A supplier and a order.,Supplier ⊓ Order
Every cat is both a engineer and a course.,Cat ⊑ Engineer ⊓ Course
Anything that works for only machines.,∀worksFor.Machine
No doctor is a person.,Doctor ⊑ ¬Person
A hospital is something that funds a doctor.,Hospital ⊑ ∃funds.Doctor
A employee cannot be a person.,Employee ⊑ ¬Person
All publications are organizations.,Publication ⊑ Organization
Every bank is a plant that develops only movies.,Bank ⊑ Plant ⊓ ∀develops.Movie
A teacher is always a course.,Teacher ⊑ Course
No teacher is a machine.,Teacher ⊑ ¬Machine
Anything that supervises only books.,∀supervises.Book
Every hospital develops only things that are either a patient or a company.,Hospital ⊑ ∀develops.(Patient ⊔ Company)
A engineer or a school.,Engineer ⊔ School
A publication or a manager.,Publication ⊔ Manager
Anything that delivers a country also delivers a course.,∃delivers.Country ⊑ ∃delivers.Course
Every patient owns only hospitals.,Patient ⊑ ∀owns.Hospital
Every organization that likes a teacher is a supplier.,Organization ⊓ ∃likes.Teacher ⊑ Supplier
Every course is a bank that buys only buildings.,Course ⊑ Bank ⊓ ∀buys.Building
All organizations are defined as a university or a animal.,Organization ⊑ University ⊔ Animal
Every supplier that produces a invoice is a city.,Supplier ⊓ ∃produces.Invoice ⊑ City
Every dog is a vehicle that buys only citys.,Dog ⊑ Vehicle ⊓ ∀buys.City
A account cannot be a project.,Account ⊑ ¬Project
All machines are researchers.,Machine ⊑ Researcher
Each publication works for a project.,Publication ⊑ ∃worksFor.Project
A cat or a bank.,Cat ⊔ Bank
Every order is both a account and a building.,Order ⊑ Account ⊓ Building
No music is a movie.,Music ⊑ ¬Movie
A animal sells exclusively accounts.,Animal ⊑ ∀sells.Account
Every teacher is a food that supervises at least one course.,Teacher ⊑ Food ⊓ ∃supervises.Course
A plant and a manager.,Plant ⊓ Manager
Every country sells only things that are either a customer or a department.,Country ⊑ ∀sells.(Customer ⊔ Department)
Each movie likes a supplier.,Movie ⊑ ∃likes.Supplier
Each publication reads a dog.,Publication ⊑ ∃reads.Dog
Every dog is a device that authors only banks.,Dog ⊑ Device ⊓ ∀authors.Bank
Every course is a country.,Course ⊑ Country
Anything that treats a project.,∃treats.Project
Every hospital is both a university and a scientist.,Hospital ⊑ University ⊓ Scientist
A transaction and a department.,Transaction ⊓ Department
A person is neither a artist nor a food.,Person ⊑ ¬(Artist ⊔ Food)
Every cat is either a engineer or a food.,Cat ⊑ Engineer ⊔ Food
No building is a university.,Building ⊑ ¬University
A cat cannot be a library.,Cat ⊑ ¬Library
Every university that supervises only companys is a school.,University ⊓ ∀supervises.Company ⊑ School
Whatever is both a school and a machine maintains a engineer.,School ⊓ Machine ⊑ ∃maintains.Engineer
A order and a transaction.,Order ⊓ Transaction
Every machine that operates only hardwares is a organization.,Machine ⊓ ∀operates.Hardware ⊑ Organization
A service is neither a teacher nor a organization.,Service ⊑ ¬(Teacher ⊔ Organization)
Every invoice is a machine.,Invoice ⊑ Machine
Anything that develops a service.,∃develops.Service
Every car is both a dog and a machine.,Car ⊑ Dog ⊓ Machine
All teachers are animals as well as musics.,Teacher ⊑ Animal ⊓ Music
Every machine is a country that is located in only suppliers.,Machine ⊑ Country ⊓ ∀locatedIn.Supplier
Every product has child only things that are either a city or a supplier.,Product ⊑ ∀hasChild.(City ⊔ Supplier)
A employee is something that operates a manager.,Employee ⊑ ∃operates.Manager
Every software uses only things that are either a invoice or a student.,Software ⊑ ∀uses.(Invoice ⊔ Student)
Anything that maintains a transaction also maintains a artist.,∃maintains.Transaction ⊑ ∃maintains.Artist
Every employee is a hospital that attends only machines.,Employee ⊑ Hospital ⊓ ∀attends.Machine
"If a movie manages anything, it must be a hardware.",Movie ⊑ ∀manages.Hardware
Anything that designs a city also designs a customer.,∃designs.City ⊑ ∃designs.Customer
Every music is either a department or a software.,Music ⊑ Department ⊔ Software
Every library is a order.,Library ⊑ Order
Every city is a building that manages at least one student.,City ⊑ Building ⊓ ∃manages.Student
A transaction cannot be a country.,Transaction ⊑ ¬Country
A movie or a country.,Movie ⊔ Country
Whatever is both a order and a vehicle authors a transaction.,Order ⊓ Vehicle ⊑ ∃authors.Transaction
All animals are defined as a patient or a organization.,Animal ⊑ Patient ⊔ Organization
Every hardware that works for a artist is a manager.,Hardware ⊓ ∃worksFor.Artist ⊑ Manager
A researcher cannot be a person.,Researcher ⊑ ¬Person
A company is neither a department nor a researcher.,Company ⊑ ¬(Department ⊔ Researcher)
Every software is either a researcher or a university.,Software ⊑ Researcher ⊔ University
Every researcher maintains only buildings.,Researcher ⊑ ∀maintains.Building
All departments are doctors as well as plants.,Department ⊑ Doctor ⊓ Plant
Every book designs something that is both a software and a country.,Book ⊑ ∃designs.(Software ⊓ Country)
Every engineer is a doctor.,Engineer ⊑ Doctor
A cat cannot be a course.,Cat ⊑ ¬Course
"If a book knows anything, it must be a building.",Book ⊑ ∀knows.Building
Every cat is a customer.,Cat ⊑ Customer
Every university authors something that is both a supplier and a vehicle.,University ⊑ ∃authors.(Supplier ⊓ Vehicle)
A engineer and a artist.,Engineer ⊓ Artist
Every bank that creates only managers is a car.,Bank ⊓ ∀creates.Manager ⊑ Car
A hospital is neither a hardware nor a service.,Hospital ⊑ ¬(Hardware ⊔ Service)
Every book is either a music or a food.,Book ⊑ Music ⊔ Food
All products are books.,Product ⊑ Book
All foods are defined as a student or a movie.,Food ⊑ Student ⊔ Movie
Every dog is either a invoice or a person.,Dog ⊑ Invoice ⊔ Person
A publication is always a patient.,Publication ⊑ Patient
"If a researcher sells anything, it must be a machine.",Researcher ⊑ ∀sells.Machine
Anything that manages a transaction.,∃manages.Transaction
Anything that owns only artists.,∀owns.Artist
A software or a order.,Software ⊔ Order
Anything that creates a patient also creates a employee.,∃creates.Patient ⊑ ∃creates.Employee
A bank cannot be a country.,Bank ⊑ ¬Country
All managers are cats as well as invoices.,Manager ⊑ Cat ⊓ Invoice
All animals are defined as a manager or a hospital.,Animal ⊑ Manager ⊔ Hospital
A invoice or a student.,Invoice ⊔ Student
Nothing that is a account is a doctor.,Account ⊑ ¬Doctor
Anything that manages only patients.,∀manages.Patient
No country is a cat.,Country ⊑ ¬Cat
Nothing that is a device is a vehicle.,Device ⊑ ¬Vehicle
Every animal is both a employee and a company.,Animal ⊑ Employee ⊓ Company
A software is neither a doctor nor a account.,Software ⊑ ¬(Doctor ⊔ Account)
A bank operates exclusively softwares.,Bank ⊑ ∀operates.Software
Every animal is a patient that teaches only suppliers.,Animal ⊑ Patient ⊓ ∀teaches.Supplier
All managers are employees as well as publications.,Manager ⊑ Employee ⊓ Publication
A person teaches exclusively patients.,Person ⊑ ∀teaches.Patient
Anything that manages a supplier.,∃manages.Supplier
All hardwares are courses as well as machines.,Hardware ⊑ Course ⊓ Machine
A cat is always a course.,Cat ⊑ Course
A bank has child exclusively patients.,Bank ⊑ ∀hasChild.Patient
Nothing that is a library is a university.,Library ⊑ ¬University
Every library is a school.,Library ⊑ School
Every transaction operates something that is both a book and a hospital.,Transaction ⊑ ∃operates.(Book ⊓ Hospital)
Every vehicle is both a employee and a order.,Vehicle ⊑ Employee ⊓ Order
Every customer is a book that produces only schools.,Customer ⊑ Book ⊓ ∀produces.School
All machines are defined as a publication or a supplier.,Machine ⊑ Publication ⊔ Supplier
A organization maintains exclusively companys.,Organization ⊑ ∀maintains.Company
Anything that is located in a researcher also is located in a account.,∃locatedIn.Researcher ⊑ ∃locatedIn.Account
Every scientist is a hospital that manages at least one person.,Scientist ⊑ Hospital ⊓ ∃manages.Person
Every machine delivers at least one book.,Machine ⊑ ∃delivers.Book
A device cannot be a department.,Device ⊑ ¬Department
No movie is a city.,Movie ⊑ ¬City
All cars are citys.,Car ⊑ City
A library is always a supplier.,Library ⊑ Supplier
All persons are researchers as well as devices.,Person ⊑ Researcher ⊓ Device
A account and a researcher.,Account ⊓ Researcher
A patient is something that buys a cat.,Patient ⊑ ∃buys.Cat
A project cannot be a transaction.,Project ⊑ ¬Transaction
Anything that supervises a food also supervises a dog.,∃supervises.Food ⊑ ∃supervises.Dog
Every school is a library that buys only companys.,School ⊑ Library ⊓ ∀buys.Company
Every book is a artist that attends only projects.,Book ⊑ Artist ⊓ ∀attends.Project
Every plant creates at least one book.,Plant ⊑ ∃creates.Book
Every order is both a hospital and a company.,Order ⊑ Hospital ⊓ Company
All services are persons as well as orders.,Service ⊑ Person ⊓ Order
All employees are services.,Employee ⊑ Service
A invoice and a researcher.,Invoice ⊓ Researcher
A company or a department.,Company ⊔ Department
Anything that buys a manager.,∃buys.Manager
All cars are defined as a animal or a music.,Car ⊑ Animal ⊔ Music
A bank and a company.,Bank ⊓ Company
All cars are courses as well as buildings.,Car ⊑ Course ⊓ Building
Whatever is both a publication and a student funds a city.,Publication ⊓ Student ⊑ ∃funds.City
Anything that uses a car.,∃uses.Car
Every project is a researcher that designs at least one company.,Project ⊑ Researcher ⊓ ∃designs.Company
All banks are defined as a school or a country.,Bank ⊑ School ⊔ Country
All animals are movies as well as schools.,Animal ⊑ Movie ⊓ School
Every student manages at least one manager.,Student ⊑ ∃manages.Manager
Every city is both a organization and a country.,City ⊑ Organization ⊓ Country
"If a engineer authors anything, it must be a device.",Engineer ⊑ ∀authors.Device
Every hospital is a school that treats at least one person.,Hospital ⊑ School ⊓ ∃treats.Person
Every dog is a bank.,Dog ⊑ Bank
A cat attends exclusively persons.,Cat ⊑ ∀attends.Person
Nothing that is a patient is a transaction.,Patient ⊑ ¬Transaction
A order is neither a country nor a bank.,Order ⊑ ¬(Country ⊔ Bank)
A book creates exclusively artists.,Book ⊑ ∀creates.Artist
Every scientist manages only things that are either a device or a plant.,Scientist ⊑ ∀manages.(Device ⊔ Plant)
Every building owns at least one engineer.,Building ⊑ ∃owns.Engineer
Every plant is either a teacher or a cat.,Plant ⊑ Teacher ⊔ Cat
A city is neither a software nor a cat.,City ⊑ ¬(Software ⊔ Cat)
Every student is both a order and a hardware.,Student ⊑ Order ⊓ Hardware
A patient is always a device.,Patient ⊑ Device
A teacher is something that reads a vehicle.,Teacher ⊑ ∃reads.Vehicle
"If a manager operates anything, it must be a patient.",Manager ⊑ ∀operates.Patient
Each account designs a publication.,Account ⊑ ∃designs.Publication
A vehicle and a food.,Vehicle ⊓ Food
All invoices are persons as well as machines.,Invoice ⊑ Person ⊓ Machine
All products are musics as well as machines.,Product ⊑ Music ⊓ Machine
A cat is always a city.,Cat ⊑ City
A country is always a scientist.,Country ⊑ Scientist
Every city is a teacher that delivers at least one building.,City ⊑ Teacher ⊓ ∃delivers.Building
All movies are softwares as well as courses.,Movie ⊑ Software ⊓ Course
Every person that reads only hospitals is a vehicle.,Person ⊓ ∀reads.Hospital ⊑ Vehicle
Whatever is both a cat and a patient uses a doctor.,Cat ⊓ Patient ⊑ ∃uses.Doctor
A car has child exclusively devices.,Car ⊑ ∀hasChild.Device
A bank is something that operates a plant.,Bank ⊑ ∃operates.Plant
Every course that funds a student is a patient.,Course ⊓ ∃funds.Student ⊑ Patient
A student attends exclusively movies.,Student ⊑ ∀attends.Movie
Nothing that is a course is a car.,Course ⊑ ¬Car
Nothing that is a book is a vehicle.,Book ⊑ ¬Vehicle
Each employee owns a movie.,Employee ⊑ ∃owns.Movie
Every vehicle that produces only foods is a artist.,Vehicle ⊓ ∀produces.Food ⊑ Artist
Every library delivers only things that are either a order or a project.,Library ⊑ ∀delivers.(Order ⊔ Project)
A course is always a building.,Course ⊑ Building
Nothing that is a food is a teacher.,Food ⊑ ¬Teacher
Every invoice is a patient that authors only doctors.,Invoice ⊑ Patient ⊓ ∀authors.Doctor
A manager and a project.,Manager ⊓ Project
A car is something that is located in a bank.,Car ⊑ ∃locatedIn.Bank
Every school that creates a account is a hardware.,School ⊓ ∃creates.Account ⊑ Hardware
Every machine authors only cats.,Machine ⊑ ∀authors.Cat
Every scientist develops only things that are either a software or a movie.,Scientist ⊑ ∀develops.(Software ⊔ Movie)
A product and a order.,Product ⊓ Order
Every product is located in only things that are either a company or a dog.,Product ⊑ ∀locatedIn.(Company ⊔ Dog)
Anything that attends only transactions.,∀attends.Transaction
Every organization buys at least one customer.,Organization ⊑ ∃buys.Customer
A machine is always a researcher.,Machine ⊑ Researcher
Whatever is both a employee and a car operates a bank.,Employee ⊓ Car ⊑ ∃operates.Bank
Anything that supervises a researcher also supervises a hardware.,∃supervises.Researcher ⊑ ∃supervises.Hardware
Every machine is a account that teaches at least one publication.,Machine ⊑ Account ⊓ ∃teaches.Publication
Every department treats only softwares.,Department ⊑ ∀treats.Software
Every scientist is both a employee and a university.,Scientist ⊑ Employee ⊓ University
Whatever is both a manager and a city operates a software.,Manager ⊓ City ⊑ ∃operates.Software
A cat is always a school.,Cat ⊑ School
All hardwares are countrys as well as cats.,Hardware ⊑ Country ⊓ Cat
Every department sells only things that are either a teacher or a order.,Department ⊑ ∀sells.(Teacher ⊔ Order)
Anything that delivers a vehicle also delivers a publication.,∃delivers.Vehicle ⊑ ∃delivers.Publication
Every doctor is a school that maintains at least one project.,Doctor ⊑ School ⊓ ∃maintains.Project
Each manager funds a order.,Manager ⊑ ∃funds.Order
"If a doctor authors anything, it must be a dog.",Doctor ⊑ ∀authors.Dog
Every company is a cat that teaches only students.,Company ⊑ Cat ⊓ ∀teaches.Student
A person is neither a student nor a movie.,Person ⊑ ¬(Student ⊔ Movie)
Nothing that is a artist is a machine.,Artist ⊑ ¬Machine
Every book that buys a building is a patient.,Book ⊓ ∃buys.Building ⊑ Patient
Every software teaches something that is both a music and a food.,Software ⊑ ∃teaches.(Music ⊓ Food)
Every artist designs something that is both a scientist and a student.,Artist ⊑ ∃designs.(Scientist ⊓ Student)
A plant cannot be a dog.,Plant ⊑ ¬Dog
No university is a music.,University ⊑ ¬Music
All softwares are courses as well as doctors.,Software ⊑ Course ⊓ Doctor
Anything that sells only devices.,∀sells.Device
A hospital or a school.,Hospital ⊔ School
Nothing that is a organization is a university.,Organization ⊑ ¬University
Every teacher is either a customer or a building.,Teacher ⊑ Customer ⊔ Building
A service is something that maintains a student.,Service ⊑ ∃maintains.Student
All persons are movies.,Person ⊑ Movie
Every plant works for at least one artist.,Plant ⊑ ∃worksFor.Artist
All companys are defined as a transaction or a school.,Company ⊑ Transaction ⊔ School
A supplier cannot be a customer.,Supplier ⊑ ¬Customer
Every company is both a invoice and a project.,Company ⊑ Invoice ⊓ Project
Every movie is both a dog and a food.,Movie ⊑ Dog ⊓ Food
All devices are defined as a animal or a course.,Device ⊑ Animal ⊔ Course
Every teacher that teaches only hardwares is a account.,Teacher ⊓ ∀teaches.Hardware ⊑ Account
Every building is a employee that attends at least one invoice.,Building ⊑ Employee ⊓ ∃attends.Invoice
Every engineer is both a invoice and a scientist.,Engineer ⊑ Invoice ⊓ Scientist
Each engineer maintains a plant.,Engineer ⊑ ∃maintains.Plant
A artist is neither a school nor a department.,Artist ⊑ ¬(School ⊔ Department)
A employee is always a company.,Employee ⊑ Company
All hardwares are schools as well as researchers.,Hardware ⊑ School ⊓ Researcher
Every person that designs only countrys is a artist.,Person ⊓ ∀designs.Country ⊑ Artist
All hardwares are musics as well as departments.,Hardware ⊑ Music ⊓ Department
Anything that supervises a school.,∃supervises.School
Every book that works for a school is a music.,Book ⊓ ∃worksFor.School ⊑ Music
Every company creates at least one city.,Company ⊑ ∃creates.City
A project is always a bank.,Project ⊑ Bank
Every organization is a transaction that uses only courses.,Organization ⊑ Transaction ⊓ ∀uses.Course
A music produces exclusively movies.,Music ⊑ ∀produces.Movie
A animal is something that owns a course.,Animal ⊑ ∃owns.Course
Whatever is both a invoice and a account knows a publication.,Invoice ⊓ Account ⊑ ∃knows.Publication
Every transaction that attends only schools is a order.,Transaction ⊓ ∀attends.School ⊑ Order
No animal is a country.,Animal ⊑ ¬Country
Anything that funds a teacher also funds a customer.,∃funds.Teacher ⊑ ∃funds.Customer
Every course produces at least one plant.,Course ⊑ ∃produces.Plant
Anything that owns a teacher also owns a department.,∃owns.Teacher ⊑ ∃owns.Department
Every library that operates only foods is a cat.,Library ⊓ ∀operates.Food ⊑ Cat
Every department is a organization that designs only books.,Department ⊑ Organization ⊓ ∀designs.Book
Every movie is a doctor.,Movie ⊑ Doctor
A invoice or a company.,Invoice ⊔ Company
A school owns exclusively universitys.,School ⊑ ∀owns.University
Every patient that operates only foods is a city.,Patient ⊓ ∀operates.Food ⊑ City
Every university that is located in a school is a department.,University ⊓ ∃locatedIn.School ⊑ Department
Every service is either a transaction or a publication.,Service ⊑ Transaction ⊔ Publication
Every bank delivers only things that are either a employee or a library.,Bank ⊑ ∀delivers.(Employee ⊔ Library)
Every library is either a teacher or a organization.,Library ⊑ Teacher ⊔ Organization
All organizations are citys.,Organization ⊑ City
A plant and a book.,Plant ⊓ Book
A dog supervises exclusively accounts.,Dog ⊑ ∀supervises.Account
Every car that works for only projects is a patient.,Car ⊓ ∀worksFor.Project ⊑ Patient
No account is a scientist.,Account ⊑ ¬Scientist
Each transaction teaches a researcher.,Transaction ⊑ ∃teaches.Researcher
Anything that works for only citys.,∀worksFor.City
Every library is a book that attends at least one hospital.,Library ⊑ Book ⊓ ∃attends.Hospital
A supplier cannot be a music.,Supplier ⊑ ¬Music
All invoices are teachers.,Invoice ⊑ Teacher
A engineer is always a university.,Engineer ⊑ University
Every patient reads at least one service.,Patient ⊑ ∃reads.Service
A hardware is neither a transaction nor a school.,Hardware ⊑ ¬(Transaction ⊔ School)
Every department is a vehicle.,Department ⊑ Vehicle
A patient manages exclusively cats.,Patient ⊑ ∀manages.Cat
"If a publication has child anything, it must be a scientist.",Publication ⊑ ∀hasChild.Scientist
Every cat is both a bank and a customer.,Cat ⊑ Bank ⊓ Customer
Every bank is a hospital that designs at least one country.,Bank ⊑ Hospital ⊓ ∃designs.Country
A scientist or a researcher.,Scientist ⊔ Researcher
Every engineer is a library.,Engineer ⊑ Library
All publications are defined as a engineer or a plant.,Publication ⊑ Engineer ⊔ Plant
A animal is always a scientist.,Animal ⊑ Scientist
Anything that produces a school also produces a artist.,∃produces.School ⊑ ∃produces.Artist
No software is a organization.,Software ⊑ ¬Organization
Every school has child at least one building.,School ⊑ ∃hasChild.Building
A publication authors exclusively invoices.,Publication ⊑ ∀authors.Invoice
Every transaction maintains only things that are either a course or a vehicle.,Transaction ⊑ ∀maintains.(Course ⊔ Vehicle)
Each company works for a cat.,Company ⊑ ∃worksFor.Cat
A country is always a teacher.,Country ⊑ Teacher
Anything that uses a transaction also uses a organization.,∃uses.Transaction ⊑ ∃uses.Organization
"If a invoice funds anything, it must be a teacher.",Invoice ⊑ ∀funds.Teacher
Every cat is a city.,Cat ⊑ City
A order is something that delivers a teacher.,Order ⊑ ∃delivers.Teacher
No researcher is a publication.,Researcher ⊑ ¬Publication
All books are employees.,Book ⊑ Employee
All scientists are defined as a customer or a supplier.,Scientist ⊑ Customer ⊔ Supplier
Every student creates only things that are either a customer or a project.,Student ⊑ ∀creates.(Customer ⊔ Project)
Each manager manages a dog.,Manager ⊑ ∃manages.Dog
Nothing that is a vehicle is a country.,Vehicle ⊑ ¬Country
All orders are universitys.,Order ⊑ University
A device is something that funds a patient.,Device ⊑ ∃funds.Patient
Anything that funds a hospital also funds a order.,∃funds.Hospital ⊑ ∃funds.Order
Whatever is both a project and a engineer uses a vehicle.,Project ⊓ Engineer ⊑ ∃uses.Vehicle
Every country manages only things that are either a organization or a teacher.,Country ⊑ ∀manages.(Organization ⊔ Teacher)
Every person is both a animal and a hardware.,Person ⊑ Animal ⊓ Hardware
Each book owns a cat.,Book ⊑ ∃owns.Cat
Anything that treats a hardware.,∃treats.Hardware
A teacher is something that funds a vehicle.,Teacher ⊑ ∃funds.Vehicle
All researchers are defined as a engineer or a transaction.,Researcher ⊑ Engineer ⊔ Transaction
No movie is a food.,Movie ⊑ ¬Food
Every student that uses a scientist is a employee.,Student ⊓ ∃uses.Scientist ⊑ Employee
All accounts are defined as a device or a machine.,Account ⊑ Device ⊔ Machine
Every organization has child something that is both a device and a department.,Organization ⊑ ∃hasChild.(Device ⊓ Department)
Every product that authors a country is a machine.,Product ⊓ ∃authors.Country ⊑ Machine
Every scientist maintains at least one account.,Scientist ⊑ ∃maintains.Account
Every invoice is a engineer that supervises at least one device.,Invoice ⊑ Engineer ⊓ ∃supervises.Device
Anything that funds a movie also funds a organization.,∃funds.Movie ⊑ ∃funds.Organization
Anything that creates only transactions.,∀creates.Transaction
A service is neither a doctor nor a school.,Service ⊑ ¬(Doctor ⊔ School)
A software cannot be a food.,Software ⊑ ¬Food
Every device is a city that likes at least one project.,Device ⊑ City ⊓ ∃likes.Project
A patient uses exclusively organizations.,Patient ⊑ ∀uses.Organization
Whatever is both a animal and a device attends a engineer.,Animal ⊓ Device ⊑ ∃attends.Engineer
Nothing that is a book is a patient.,Book ⊑ ¬Patient
A project or a order.,Project ⊔ Order
"If a employee delivers anything, it must be a invoice.",Employee ⊑ ∀delivers.Invoice
Every hardware is a building.,Hardware ⊑ Building
Every researcher is a service that has child at least one invoice.,Researcher ⊑ Service ⊓ ∃hasChild.Invoice
Every product is a department that produces at least one vehicle.,Product ⊑ Department ⊓ ∃produces.Vehicle
"If a transaction maintains anything, it must be a car.",Transaction ⊑ ∀maintains.Car
Every scientist is both a dog and a movie.,Scientist ⊑ Dog ⊓ Movie
Every city is a school that creates at least one publication.,City ⊑ School ⊓ ∃creates.Publication
Whatever is both a hardware and a student has child a organization.,Hardware ⊓ Student ⊑ ∃hasChild.Organization
Whatever is both a plant and a invoice manages a movie.,Plant ⊓ Invoice ⊑ ∃manages.Movie
A bank cannot be a device.,Bank ⊑ ¬Device
Every project is either a student or a hardware.,Project ⊑ Student ⊔ Hardware
A plant treats exclusively softwares.,Plant ⊑ ∀treats.Software
A movie is something that operates a company.,Movie ⊑ ∃operates.Company
Every device reads at least one customer.,Device ⊑ ∃reads.Customer
Every manager is a vehicle that operates at least one person.,Manager ⊑ Vehicle ⊓ ∃operates.Person
Anything that creates a patient.,∃creates.Patient
Whatever is both a project and a book likes a school.,Project ⊓ Book ⊑ ∃likes.School
A cat attends exclusively researchers.,Cat ⊑ ∀attends.Researcher
A company is neither a supplier nor a software.,Company ⊑ ¬(Supplier ⊔ Software)
Every university is both a machine and a animal.,University ⊑ Machine ⊓ Animal
Every teacher is a student that sells at least one course.,Teacher ⊑ Student ⊓ ∃sells.Course
A car is neither a person nor a movie.,Car ⊑ ¬(Person ⊔ Movie)
A scientist is something that works for a supplier.,Scientist ⊑ ∃worksFor.Supplier
All researchers are customers.,Researcher ⊑ Customer
A doctor is always a movie.,Doctor ⊑ Movie
Every manager is either a student or a employee.,Manager ⊑ Student ⊔ Employee
Every employee is located in only engineers.,Employee ⊑ ∀locatedIn.Engineer
A organization is always a artist.,Organization ⊑ Artist
Anything that reads a dog also reads a employee.,∃reads.Dog ⊑ ∃reads.Employee
A department is neither a artist nor a school.,Department ⊑ ¬(Artist ⊔ School)
Anything that reads a machine also reads a product.,∃reads.Machine ⊑ ∃reads.Product
Every project is a employee that knows at least one transaction.,Project ⊑ Employee ⊓ ∃knows.Transaction
Every student is both a artist and a company.,Student ⊑ Artist ⊓ Company
Each product supervises a scientist.,Product ⊑ ∃supervises.Scientist
Nothing that is a employee is a account.,Employee ⊑ ¬Account
Every supplier that treats only invoices is a movie.,Supplier ⊓ ∀treats.Invoice ⊑ Movie
Anything that operates only plants.,∀operates.Plant
Every doctor funds something that is both a hospital and a transaction.,Doctor ⊑ ∃funds.(Hospital ⊓ Transaction)
Every building authors only things that are either a customer or a employee.,Building ⊑ ∀authors.(Customer ⊔ Employee)
A bank is located in exclusively scientists.,Bank ⊑ ∀locatedIn.Scientist
Every supplier is a school.,Supplier ⊑ School
All services are managers as well as books.,Service ⊑ Manager ⊓ Book
A publication is always a dog.,Publication ⊑ Dog
Nothing that is a book is a plant.,Book ⊑ ¬Plant
Each software has child a doctor.,Software ⊑ ∃hasChild.Doctor
A course and a library.,Course ⊓ Library
Anything that manages only persons.,∀manages.Person
Every university is both a order and a city.,University ⊑ Order ⊓ City
Every hospital is either a publication or a service.,Hospital ⊑ Publication ⊔ Service
A plant attends exclusively customers.,Plant ⊑ ∀attends.Customer
A animal or a country.,Animal ⊔ Country
Every course that teaches only machines is a dog.,Course ⊓ ∀teaches.Machine ⊑ Dog
A supplier cannot be a organization.,Supplier ⊑ ¬Organization
Every patient produces only things that are either a order or a company.,Patient ⊑ ∀produces.(Order ⊔ Company)
All citys are products.,City ⊑ Product
All buildings are patients as well as suppliers.,Building ⊑ Patient ⊓ Supplier
No project is a service.,Project ⊑ ¬Service
Every course has child only departments.,Course ⊑ ∀hasChild.Department
Every course sells only things that are either a artist or a doctor.,Course ⊑ ∀sells.(Artist ⊔ Doctor)
Whatever is both a machine and a software manages a department.,Machine ⊓ Software ⊑ ∃manages.Department
Every book is a country that reads at least one school.,Book ⊑ Country ⊓ ∃reads.School
Nothing that is a device is a software.,Device ⊑ ¬Software
Every hospital maintains only things that are either a transaction or a library.,Hospital ⊑ ∀maintains.(Transaction ⊔ Library)
Each car owns a order.,Car ⊑ ∃owns.Order
Whatever is both a researcher and a university operates a department.,Researcher ⊓ University ⊑ ∃operates.Department
Every dog is a invoice that likes only students.,Dog ⊑ Invoice ⊓ ∀likes.Student
Every student is both a device and a product.,Student ⊑ Device ⊓ Product
Every bank designs something that is both a machine and a software.,Bank ⊑ ∃designs.(Machine ⊓ Software)
Every order is a supplier that manages at least one library.,Order ⊑ Supplier ⊓ ∃manages.Library
Each building supervises a bank.,Building ⊑ ∃supervises.Bank
Anything that uses a hospital also uses a city.,∃uses.Hospital ⊑ ∃uses.City
A project is neither a person nor a food.,Project ⊑ ¬(Person ⊔ Food)
Every software creates at least one project.,Software ⊑ ∃creates.Project
Every course funds only things that are either a department or a car.,Course ⊑ ∀funds.(Department ⊔ Car)
All courses are defined as a dog or a library.,Course ⊑ Dog ⊔ Library
Every library has child at least one movie.,Library ⊑ ∃hasChild.Movie
A cat is neither a software nor a product.,Cat ⊑ ¬(Software ⊔ Product)
Every country is a supplier that treats only devices.,Country ⊑ Supplier ⊓ ∀treats.Device
Every manager that authors only schools is a music.,Manager ⊓ ∀authors.School ⊑ Music
A device is always a publication.,Device ⊑ Publication
Every service operates at least one scientist.,Service ⊑ ∃operates.Scientist
A software owns exclusively librarys.,Software ⊑ ∀owns.Library
A engineer is something that produces a scientist.,Engineer ⊑ ∃produces.Scientist
Every software treats something that is both a student and a course.,Software ⊑ ∃treats.(Student ⊓ Course)
Whatever is both a teacher and a cat delivers a scientist.,Teacher ⊓ Cat ⊑ ∃delivers.Scientist
Every car that reads only movies is a software.,Car ⊓ ∀reads.Movie ⊑ Software
Every scientist that is located in only accounts is a bank.,Scientist ⊓ ∀locatedIn.Account ⊑ Bank
Every organization produces only musics.,Organization ⊑ ∀produces.Music
Whatever is both a scientist and a cat uses a engineer.,Scientist ⊓ Cat ⊑ ∃uses.Engineer
"If a artist works for anything, it must be a manager.",Artist ⊑ ∀worksFor.Manager
A plant or a product.,Plant ⊔ Product
Every service funds only teachers.,Service ⊑ ∀funds.Teacher
Each doctor owns a plant.,Doctor ⊑ ∃owns.Plant
Whatever is both a software and a supplier supervises a product.,Software ⊓ Supplier ⊑ ∃supervises.Product
Anything that authors a software.,∃authors.Software
Every engineer is a product.,Engineer ⊑ Product
A manager is neither a engineer nor a transaction.,Manager ⊑ ¬(Engineer ⊔ Transaction)
Every service is a hospital that operates only engineers.,Service ⊑ Hospital ⊓ ∀operates.Engineer
A order delivers exclusively universitys.,Order ⊑ ∀delivers.University
Anything that uses a project also uses a publication.,∃uses.Project ⊑ ∃uses.Publication
A book funds exclusively hospitals.,Book ⊑ ∀funds.Hospital
"If a dog has child anything, it must be a library.",Dog ⊑ ∀hasChild.Library
Every music funds at least one department.,Music ⊑ ∃funds.Department
Every city delivers something that is both a food and a employee.,City ⊑ ∃delivers.(Food ⊓ Employee)
All foods are students as well as movies.,Food ⊑ Student ⊓ Movie
Every transaction creates at least one engineer.,Transaction ⊑ ∃creates.Engineer
Each device creates a teacher.,Device ⊑ ∃creates.Teacher
No course is a company.,Course ⊑ ¬Company
A cat is neither a food nor a company.,Cat ⊑ ¬(Food ⊔ Company)
Nothing that is a school is a supplier.,School ⊑ ¬Supplier
Every book maintains at least one publication.,Book ⊑ ∃maintains.Publication
A department or a artist.,Department ⊔ Artist
A library cannot be a software.,Library ⊑ ¬Software
Every supplier operates something that is both a car and a book.,Supplier ⊑ ∃operates.(Car ⊓ Book)
Whatever is both a device and a patient supervises a cat.,Device ⊓ Patient ⊑ ∃supervises.Cat
Every cat is either a department or a software.,Cat ⊑ Department ⊔ Software
A course owns exclusively suppliers.,Course ⊑ ∀owns.Supplier
Anything that uses a bank also uses a car.,∃uses.Bank ⊑ ∃uses.Car
Anything that owns only foods.,∀owns.Food
Anything that delivers a university also delivers a patient.,∃delivers.University ⊑ ∃delivers.Patient
Every food sells at least one student.,Food ⊑ ∃sells.Student
Every country likes only customers.,Country ⊑ ∀likes.Customer
Every engineer is a dog.,Engineer ⊑ Dog
A country or a car.,Country ⊔ Car
Whatever is both a university and a device manages a manager.,University ⊓ Device ⊑ ∃manages.Manager
A school and a account.,School ⊓ Account
Every doctor is both a company and a teacher.,Doctor ⊑ Company ⊓ Teacher
A supplier and a animal.,Supplier ⊓ Animal
A service or a patient.,Service ⊔ Patient
A patient and a vehicle.,Patient ⊓ Vehicle
All invoices are defined as a engineer or a vehicle.,Invoice ⊑ Engineer ⊔ Vehicle
Every school that reads only patients is a city.,School ⊓ ∀reads.Patient ⊑ City
Each dog maintains a teacher.,Dog ⊑ ∃maintains.Teacher
All musics are projects as well as banks.,Music ⊑ Project ⊓ Bank
A doctor or a teacher.,Doctor ⊔ Teacher
Each customer manages a engineer.,Customer ⊑ ∃manages.Engineer
Every machine that operates a school is a building.,Machine ⊓ ∃operates.School ⊑ Building
All scientists are transactions.,Scientist ⊑ Transaction
Every company is a food.,Company ⊑ Food
Anything that knows a university also knows a school.,∃knows.University ⊑ ∃knows.School
Every course operates at least one publication.,Course ⊑ ∃operates.Publication
Every order likes something that is both a invoice and a employee.,Order ⊑ ∃likes.(Invoice ⊓ Employee)
Anything that buys a machine also buys a university.,∃buys.Machine ⊑ ∃buys.University
"If a product authors anything, it must be a company.",Product ⊑ ∀authors.Company
Every software is either a movie or a company.,Software ⊑ Movie ⊔ Company
Every order is either a transaction or a machine.,Order ⊑ Transaction ⊔ Machine
Every dog produces something that is both a account and a engineer.,Dog ⊑ ∃produces.(Account ⊓ Engineer)
Nothing that is a university is a publication.,University ⊑ ¬Publication
No doctor is a bank.,Doctor ⊑ ¬Bank
Every publication is a person.,Publication ⊑ Person
A animal cannot be a food.,Animal ⊑ ¬Food
A music owns exclusively cars.,Music ⊑ ∀owns.Car
A music cannot be a researcher.,Music ⊑ ¬Researcher
A vehicle is always a person.,Vehicle ⊑ Person
Anything that funds a school.,∃funds.School
Every order is a hardware that creates at least one department.,Order ⊑ Hardware ⊓ ∃creates.Department
No organization is a animal.,Organization ⊑ ¬Animal
Anything that delivers only machines.,∀delivers.Machine
Anything that owns a hospital.,∃owns.Hospital
A product is something that produces a artist.,Product ⊑ ∃produces.Artist
Every invoice is a project that treats at least one person.,Invoice ⊑ Project ⊓ ∃treats.Person
All courses are defined as a university or a account.,Course ⊑ University ⊔ Account
A vehicle or a manager.,Vehicle ⊔ Manager
Every department manages something that is both a account and a software.,Department ⊑ ∃manages.(Account ⊓ Software)
Every publication that treats only books is a manager.,Publication ⊓ ∀treats.Book ⊑ Manager
A scientist and a project.,Scientist ⊓ Project
Every animal is a engineer that teaches at least one doctor.,Animal ⊑ Engineer ⊓ ∃teaches.Doctor
Every person owns at least one doctor.,Person ⊑ ∃owns.Doctor
A country is something that attends a hospital.,Country ⊑ ∃attends.Hospital
Every hardware that has child a service is a plant.,Hardware ⊓ ∃hasChild.Service ⊑ Plant
"If a course uses anything, it must be a building.",Course ⊑ ∀uses.Building
Every doctor that authors a movie is a service.,Doctor ⊓ ∃authors.Movie ⊑ Service
Every department buys something that is both a plant and a building.,Department ⊑ ∃buys.(Plant ⊓ Building)
Every hardware is either a country or a food.,Hardware ⊑ Country ⊔ Food
All customers are buildings as well as publications.,Customer ⊑ Building ⊓ Publication
Anything that treats a device also treats a teacher.,∃treats.Device ⊑ ∃treats.Teacher
Anything that designs only universitys.,∀designs.University
Each customer owns a movie.,Customer ⊑ ∃owns.Movie
Every patient that operates only suppliers is a employee.,Patient ⊓ ∀operates.Supplier ⊑ Employee
Anything that manages a department also manages a account.,∃manages.Department ⊑ ∃manages.Account
Every building is a department that buys at least one manager.,Building ⊑ Department ⊓ ∃buys.Manager
Every vehicle is a book that delivers only products.,Vehicle ⊑ Book ⊓ ∀delivers.Product
Every vehicle that develops only devices is a music.,Vehicle ⊓ ∀develops.Device ⊑ Music
A device cannot be a engineer.,Device ⊑ ¬Engineer
A course is something that reads a patient.,Course ⊑ ∃reads.Patient
Every dog works for something that is both a movie and a machine.,Dog ⊑ ∃worksFor.(Movie ⊓ Machine)
Every animal is a city that operates at least one hardware.,Animal ⊑ City ⊓ ∃operates.Hardware
All devices are defined as a bank or a city.,Device ⊑ Bank ⊔ City
A dog and a hardware.,Dog ⊓ Hardware
A researcher is something that funds a hospital.,Researcher ⊑ ∃funds.Hospital
Each hospital supervises a car.,Hospital ⊑ ∃supervises.Car
All hospitals are countrys as well as devices.,Hospital ⊑ Country ⊓ Device
Every transaction that buys a researcher is a department.,Transaction ⊓ ∃buys.Researcher ⊑ Department
Anything that authors only products.,∀authors.Product
All cats are citys.,Cat ⊑ City
Each school manages a hospital.,School ⊑ ∃manages.Hospital
A hospital and a account.,Hospital ⊓ Account
A hardware treats exclusively schools.,Hardware ⊑ ∀treats.School
A student cannot be a library.,Student ⊑ ¬Library
Every food designs something that is both a supplier and a transaction.,Food ⊑ ∃designs.(Supplier ⊓ Transaction)
Anything that authors a employee also authors a hardware.,∃authors.Employee ⊑ ∃authors.Hardware
All teachers are countrys.,Teacher ⊑ Country
Anything that uses only services.,∀uses.Service
Every device creates only products.,Device ⊑ ∀creates.Product
A bank and a transaction.,Bank ⊓ Transaction
Every university is a plant that owns only departments.,University ⊑ Plant ⊓ ∀owns.Department
Every software is a supplier that teaches at least one employee.,Software ⊑ Supplier ⊓ ∃teaches.Employee
A student and a company.,Student ⊓ Company
Every music develops at least one doctor.,Music ⊑ ∃develops.Doctor
Every manager is either a researcher or a service.,Manager ⊑ Researcher ⊔ Service
Every course develops only things that are either a vehicle or a transaction.,Course ⊑ ∀develops.(Vehicle ⊔ Transaction)
Whatever is both a doctor and a student funds a project.,Doctor ⊓ Student ⊑ ∃funds.Project
A course designs exclusively transactions.,Course ⊑ ∀designs.Transaction
All doctors are defined as a movie or a student.,Doctor ⊑ Movie ⊔ Student
A building and a company.,Building ⊓ Company
Every book attends only employees.,Book ⊑ ∀attends.Employee
A library and a machine.,Library ⊓ Machine
Anything that teaches only projects.,∀teaches.Project
Every project is a transaction that attends at least one researcher.,Project ⊑ Transaction ⊓ ∃attends.Researcher
Nothing that is a researcher is a library.,Researcher ⊑ ¬Library
A service is something that teaches a movie.,Service ⊑ ∃teaches.Movie
No scientist is a library.,Scientist ⊑ ¬Library
No customer is a supplier.,Customer ⊑ ¬Supplier
Nothing that is a teacher is a researcher.,Teacher ⊑ ¬Researcher
All products are publications.,Product ⊑ Publication
Every school is a product that attends only citys.,School ⊑ Product ⊓ ∀attends.City
Anything that produces only vehicles.,∀produces.Vehicle
A book likes exclusively orders.,Book ⊑ ∀likes.Order
A software and a person.,Software ⊓ Person
Each music uses a movie.,Music ⊑ ∃uses.Movie
No project is a organization.,Project ⊑ ¬Organization
A organization is always a student.,Organization ⊑ Student
Every artist likes at least one school.,Artist ⊑ ∃likes.School
Anything that likes a person also likes a device.,∃likes.Person ⊑ ∃likes.Device
A project cannot be a scientist.,Project ⊑ ¬Scientist
A student cannot be a machine.,Student ⊑ ¬Machine
Anything that supervises a food also supervises a plant.,∃supervises.Food ⊑ ∃supervises.Plant
Every manager attends only things that are either a music or a person.,Manager ⊑ ∀attends.(Music ⊔ Person)
Every movie that knows a device is a scientist.,Movie ⊓ ∃knows.Device ⊑ Scientist
A bank cannot be a machine.,Bank ⊑ ¬Machine
A patient is neither a car nor a service.,Patient ⊑ ¬(Car ⊔ Service)
A company cannot be a book.,Company ⊑ ¬Book
"If a dog supervises anything, it must be a software.",Dog ⊑ ∀supervises.Software
A publication or a vehicle.,Publication ⊔ Vehicle
A project is always a student.,Project ⊑ Student
A researcher is something that authors a food.,Researcher ⊑ ∃authors.Food
Anything that is located in a hardware.,∃locatedIn.Hardware
All courses are scientists.,Course ⊑ Scientist
Each transaction reads a doctor.,Transaction ⊑ ∃reads.Doctor
Anything that owns a machine also owns a student.,∃owns.Machine ⊑ ∃owns.Student
A publication cannot be a organization.,Publication ⊑ ¬Organization
Whatever is both a patient and a cat is located in a dog.,Patient ⊓ Cat ⊑ ∃locatedIn.Dog
Anything that funds a course also funds a library.,∃funds.Course ⊑ ∃funds.Library
Every car is a bank.,Car ⊑ Bank
All citys are employees.,City ⊑ Employee
Anything that develops only suppliers.,∀develops.Supplier
A artist is neither a product nor a food.,Artist ⊑ ¬(Product ⊔ Food)
Whatever is both a animal and a engineer knows a manager.,Animal ⊓ Engineer ⊑ ∃knows.Manager
Each machine knows a library.,Machine ⊑ ∃knows.Library
A order or a department.,Order ⊔ Department
Anything that buys a publication.,∃buys.Publication
A person is something that operates a researcher.,Person ⊑ ∃operates.Researcher
All researchers are universitys.,Researcher ⊑ University
Every invoice is a hardware.,Invoice ⊑ Hardware
Each supplier sells a company.,Supplier ⊑ ∃sells.Company
Nothing that is a order is a school.,Order ⊑ ¬School
Every school is a patient.,School ⊑ Patient
All projects are defined as a product or a patient.,Project ⊑ Product ⊔ Patient
Every transaction is a patient.,Transaction ⊑ Patient
All services are doctors.,Service ⊑ Doctor
All invoices are products.,Invoice ⊑ Product
All services are accounts.,Service ⊑ Account
A employee is always a organization.,Employee ⊑ Organization
All books are hospitals as well as animals.,Book ⊑ Hospital ⊓ Animal
Nothing that is a researcher is a account.,Researcher ⊑ ¬Account
"If a school buys anything, it must be a library.",School ⊑ ∀buys.Library
A account is something that is located in a order.,Account ⊑ ∃locatedIn.Order
Anything that operates a vehicle.,∃operates.Vehicle
Every cat is a book.,Cat ⊑ Book
Anything that is located in only courses.,∀locatedIn.Course
Every order works for only things that are either a supplier or a project.,Order ⊑ ∀worksFor.(Supplier ⊔ Project)
All schools are defined as a machine or a manager.,School ⊑ Machine ⊔ Manager
Every publication has child only things that are either a bank or a building.,Publication ⊑ ∀hasChild.(Bank ⊔ Building)
All employees are companys.,Employee ⊑ Company
A patient is something that funds a animal.,Patient ⊑ ∃funds.Animal
A student teaches exclusively managers.,Student ⊑ ∀teaches.Manager
Each machine buys a hospital.,Machine ⊑ ∃buys.Hospital
No country is a teacher.,Country ⊑ ¬Teacher
Every country is a machine that operates at least one city.,Country ⊑ Machine ⊓ ∃operates.City
A hardware is neither a manager nor a account.,Hardware ⊑ ¬(Manager ⊔ Account)
A bank is neither a account nor a artist.,Bank ⊑ ¬(Account ⊔ Artist)
All dogs are devices as well as persons.,Dog ⊑ Device ⊓ Person
Every account is a manager that authors only dogs.,Account ⊑ Manager ⊓ ∀authors.Dog
All countrys are engineers.,Country ⊑ Engineer
All machines are animals.,Machine ⊑ Animal
Every hospital uses only things that are either a supplier or a scientist.,Hospital ⊑ ∀uses.(Supplier ⊔ Scientist)
Anything that works for a car.,∃worksFor.Car
A service and a machine.,Service ⊓ Machine
No invoice is a customer.,Invoice ⊑ ¬Customer
Every organization that supervises only patients is a invoice.,Organization ⊓ ∀supervises.Patient ⊑ Invoice
No project is a vehicle.,Project ⊑ ¬Vehicle
All hospitals are buildings.,Hospital ⊑ Building
Every dog is both a car and a department.,Dog ⊑ Car ⊓ Department
Nothing that is a vehicle is a bank.,Vehicle ⊑ ¬Bank
A scientist develops exclusively organizations.,Scientist ⊑ ∀develops.Organization
No engineer is a product.,Engineer ⊑ ¬Product
Every country that creates a course is a order.,Country ⊓ ∃creates.Course ⊑ Order
A student cannot be a vehicle.,Student ⊑ ¬Vehicle
Every service manages only softwares.,Service ⊑ ∀manages.Software
A invoice is always a employee.,Invoice ⊑ Employee
Every movie is a student that creates only artists.,Movie ⊑ Student ⊓ ∀creates.Artist
Every country is a patient that works for at least one software.,Country ⊑ Patient ⊓ ∃worksFor.Software
Every bank is both a food and a library.,Bank ⊑ Food ⊓ Library
A university buys exclusively scientists.,University ⊑ ∀buys.Scientist
Whatever is both a project and a researcher buys a doctor.,Project ⊓ Researcher ⊑ ∃buys.Doctor
Every transaction is a software.,Transaction ⊑ Software
A organization has child exclusively movies.,Organization ⊑ ∀hasChild.Movie
Every manager is located in only things that are either a software or a supplier.,Manager ⊑ ∀locatedIn.(Software ⊔ Supplier)
A software or a publication.,Software ⊔ Publication
Each plant designs a school.,Plant ⊑ ∃designs.School
Every university is both a device and a product.,University ⊑ Device ⊓ Product
Each person teaches a software.,Person ⊑ ∃teaches.Software
Every student teaches something that is both a country and a software.,Student ⊑ ∃teaches.(Country ⊓ Software)
A building is something that works for a dog.,Building ⊑ ∃worksFor.Dog
Every department develops only things that are either a book or a customer.,Department ⊑ ∀develops.(Book ⊔ Customer)
A music is neither a movie nor a doctor.,Music ⊑ ¬(Movie ⊔ Doctor)
Every hospital is located in only librarys.,Hospital ⊑ ∀locatedIn.Library
Every course reads something that is both a scientist and a movie.,Course ⊑ ∃reads.(Scientist ⊓ Movie)
"If a university designs anything, it must be a project.",University ⊑ ∀designs.Project
A supplier is neither a machine nor a movie.,Supplier ⊑ ¬(Machine ⊔ Movie)
Every artist is a employee that teaches only companys.,Artist ⊑ Employee ⊓ ∀teaches.Company
A plant manages exclusively cars.,Plant ⊑ ∀manages.Car
All orders are doctors as well as machines.,Order ⊑ Doctor ⊓ Machine
All hospitals are defined as a order or a teacher.,Hospital ⊑ Order ⊔ Teacher
Every city is a department that produces at least one hospital.,City ⊑ Department ⊓ ∃produces.Hospital
Every bank is a hardware that likes only cars.,Bank ⊑ Hardware ⊓ ∀likes.Car
Every customer that buys only plants is a patient.,Customer ⊓ ∀buys.Plant ⊑ Patient
A movie authors exclusively musics.,Movie ⊑ ∀authors.Music
A artist or a teacher.,Artist ⊔ Teacher
Every artist that supervises a organization is a engineer.,Artist ⊓ ∃supervises.Organization ⊑ Engineer
Every software is located in at least one city.,Software ⊑ ∃locatedIn.City
Anything that buys only students.,∀buys.Student
Every animal buys only projects.,Animal ⊑ ∀buys.Project
Every project is a hardware.,Project ⊑ Hardware
Every project develops at least one course.,Project ⊑ ∃develops.Course
A city is neither a artist nor a invoice.,City ⊑ ¬(Artist ⊔ Invoice)
"If a software uses anything, it must be a publication.",Software ⊑ ∀uses.Publication
A car supervises exclusively companys.,Car ⊑ ∀supervises.Company
"If a bank maintains anything, it must be a university.",Bank ⊑ ∀maintains.University
All orders are publications.,Order ⊑ Publication
Anything that maintains a school.,∃maintains.School
A manager maintains exclusively orders.,Manager ⊑ ∀maintains.Order
Every manager works for only things that are either a doctor or a animal.,Manager ⊑ ∀worksFor.(Doctor ⊔ Animal)
A researcher and a machine.,Researcher ⊓ Machine
All artists are defined as a movie or a scientist.,Artist ⊑ Movie ⊔ Scientist
Every vehicle manages only things that are either a account or a invoice.,Vehicle ⊑ ∀manages.(Account ⊔ Invoice)
Every transaction is both a vehicle and a building.,Transaction ⊑ Vehicle ⊓ Building
Whatever is both a person and a cat owns a department.,Person ⊓ Cat ⊑ ∃owns.Department
All countrys are dogs.,Country ⊑ Dog
No supplier is a cat.,Supplier ⊑ ¬Cat
Nothing that is a food is a company.,Food ⊑ ¬Company
A country cannot be a researcher.,Country ⊑ ¬Researcher
A dog is something that attends a music.,Dog ⊑ ∃attends.Music
Every organization that develops a company is a student.,Organization ⊓ ∃develops.Company ⊑ Student
A supplier is something that designs a manager.,Supplier ⊑ ∃designs.Manager
Anything that delivers a school.,∃delivers.School
All devices are scientists as well as softwares.,Device ⊑ Scientist ⊓ Software
Every teacher is a software that has child at least one transaction.,Teacher ⊑ Software ⊓ ∃hasChild.Transaction
Anything that treats a supplier also treats a service.,∃treats.Supplier ⊑ ∃treats.Service
No company is a doctor.,Company ⊑ ¬Doctor
A school is something that likes a patient.,School ⊑ ∃likes.Patient
Anything that supervises only suppliers.,∀supervises.Supplier
All engineers are softwares as well as orders.,Engineer ⊑ Software ⊓ Order
"If a engineer develops anything, it must be a city.",Engineer ⊑ ∀develops.City
Every bank buys at least one engineer.,Bank ⊑ ∃buys.Engineer
A university or a customer.,University ⊔ Customer
Every doctor that develops a dog is a cat.,Doctor ⊓ ∃develops.Dog ⊑ Cat
All employees are dogs as well as movies.,Employee ⊑ Dog ⊓ Movie
No engineer is a publication.,Engineer ⊑ ¬Publication
Every department is a employee that sells only librarys.,Department ⊑ Employee ⊓ ∀sells.Library
All customers are defined as a city or a bank.,Customer ⊑ City ⊔ Bank
All plants are researchers.,Plant ⊑ Researcher
A order is always a library.,Order ⊑ Library
Every hardware is both a scientist and a software.,Hardware ⊑ Scientist ⊓ Software
A invoice and a dog.,Invoice ⊓ Dog
Every music that uses a publication is a patient.,Music ⊓ ∃uses.Publication ⊑ Patient
A country maintains exclusively dogs.,Country ⊑ ∀maintains.Dog
All customers are hospitals.,Customer ⊑ Hospital
Every scientist is a music.,Scientist ⊑ Music
Every publication develops something that is both a animal and a school.,Publication ⊑ ∃develops.(Animal ⊓ School)
All organizations are departments as well as employees.,Organization ⊑ Department ⊓ Employee
Every library maintains at least one company.,Library ⊑ ∃maintains.Company
A order is something that teaches a hospital.,Order ⊑ ∃teaches.Hospital
Every course is either a order or a country.,Course ⊑ Order ⊔ Country
Every animal knows only things that are either a dog or a order.,Animal ⊑ ∀knows.(Dog ⊔ Order)
Anything that has child a cat.,∃hasChild.Cat
A product owns exclusively animals.,Product ⊑ ∀owns.Animal
A university and a scientist.,University ⊓ Scientist
A city cannot be a food.,City ⊑ ¬Food
Whatever is both a customer and a publication authors a artist.,Customer ⊓ Publication ⊑ ∃authors.Artist
A invoice is neither a cat nor a bank.,Invoice ⊑ ¬(Cat ⊔ Bank)
All patients are suppliers.,Patient ⊑ Supplier
Anything that teaches only plants.,∀teaches.Plant
Every bank is a library.,Bank ⊑ Library
Anything that produces a department also produces a researcher.,∃produces.Department ⊑ ∃produces.Researcher
Nothing that is a product is a order.,Product ⊑ ¬Order
Every building is a animal that treats only suppliers.,Building ⊑ Animal ⊓ ∀treats.Supplier
A dog is neither a engineer nor a manager.,Dog ⊑ ¬(Engineer ⊔ Manager)
Every patient is a doctor.,Patient ⊑ Doctor
Every patient that uses a doctor is a food.,Patient ⊓ ∃uses.Doctor ⊑ Food
Every country funds only things that are either a software or a school.,Country ⊑ ∀funds.(Software ⊔ School)
Every employee has child at least one person.,Employee ⊑ ∃hasChild.Person
No building is a machine.,Building ⊑ ¬Machine
Anything that treats a hospital.,∃treats.Hospital
A doctor and a department.,Doctor ⊓ Department
Whatever is both a plant and a product is located in a person.,Plant ⊓ Product ⊑ ∃locatedIn.Person
Each publication is located in a account.,Publication ⊑ ∃locatedIn.Account
Anything that works for a course also works for a artist.,∃worksFor.Course ⊑ ∃worksFor.Artist
A transaction cannot be a researcher.,Transaction ⊑ ¬Researcher
A school and a country.,School ⊓ Country
A building is neither a cat nor a car.,Building ⊑ ¬(Cat ⊔ Car)
All transactions are defined as a bank or a machine.,Transaction ⊑ Bank ⊔ Machine
Anything that operates a software also operates a employee.,∃operates.Software ⊑ ∃operates.Employee
All foods are defined as a artist or a course.,Food ⊑ Artist ⊔ Course
Every department manages only animals.,Department ⊑ ∀manages.Animal
Every hardware is a bank that uses only cars.,Hardware ⊑ Bank ⊓ ∀uses.Car
Every company is either a country or a food.,Company ⊑ Country ⊔ Food
All librarys are orders.,Library ⊑ Order
Every food is a organization that buys at least one music.,Food ⊑ Organization ⊓ ∃buys.Music
Every manager is either a project or a book.,Manager ⊑ Project ⊔ Book
A book cannot be a project.,Book ⊑ ¬Project
A software or a engineer.,Software ⊔ Engineer
Every engineer is a transaction that buys only doctors.,Engineer ⊑ Transaction ⊓ ∀buys.Doctor
Each supplier creates a vehicle.,Supplier ⊑ ∃creates.Vehicle
A music or a library.,Music ⊔ Library
Nothing that is a student is a book.,Student ⊑ ¬Book
Every library sells at least one course.,Library ⊑ ∃sells.Course
All musics are defined as a account or a person.,Music ⊑ Account ⊔ Person
All managers are scientists.,Manager ⊑ Scientist
Every teacher delivers only things that are either a country or a cat.,Teacher ⊑ ∀delivers.(Country ⊔ Cat)
Every book is a teacher that maintains at least one customer.,Book ⊑ Teacher ⊓ ∃maintains.Customer
Every car operates something that is both a dog and a transaction.,Car ⊑ ∃operates.(Dog ⊓ Transaction)
Every project owns only companys.,Project ⊑ ∀owns.Company
Every person is either a car or a animal.,Person ⊑ Car ⊔ Animal
Anything that uses a bank also uses a artist.,∃uses.Bank ⊑ ∃uses.Artist
A account is always a supplier.,Account ⊑ Supplier
Every organization reads only universitys.,Organization ⊑ ∀reads.University
All countrys are defined as a department or a company.,Country ⊑ Department ⊔ Company
Every food is a country that teaches only orders.,Food ⊑ Country ⊓ ∀teaches.Order
Every software delivers only things that are either a vehicle or a food.,Software ⊑ ∀delivers.(Vehicle ⊔ Food)
A building is always a scientist.,Building ⊑ Scientist
Each account has child a hardware.,Account ⊑ ∃hasChild.Hardware
Every library is a music that creates at least one transaction.,Library ⊑ Music ⊓ ∃creates.Transaction
Every scientist is either a city or a music.,Scientist ⊑ City ⊔ Music
A software cannot be a service.,Software ⊑ ¬Service
Every country is a software that maintains only customers.,Country ⊑ Software ⊓ ∀maintains.Customer
A machine uses exclusively orders.,Machine ⊑ ∀uses.Order
A project is neither a bank nor a scientist.,Project ⊑ ¬(Bank ⊔ Scientist)
A dog or a building.,Dog ⊔ Building
A building cannot be a patient.,Building ⊑ ¬Patient
Every publication is a country that owns only customers.,Publication ⊑ Country ⊓ ∀owns.Customer
All doctors are transactions.,Doctor ⊑ Transaction
Every customer that authors only accounts is a country.,Customer ⊓ ∀authors.Account ⊑ Country
All hardwares are publications as well as vehicles.,Hardware ⊑ Publication ⊓ Vehicle
Every course is both a machine and a product.,Course ⊑ Machine ⊓ Product
Every patient is both a city and a device.,Patient ⊑ City ⊓ Device
Every supplier is a course.,Supplier ⊑ Course
Nothing that is a school is a university.,School ⊑ ¬University
A hardware treats exclusively vehicles.,Hardware ⊑ ∀treats.Vehicle
No teacher is a researcher.,Teacher ⊑ ¬Researcher
Every student is both a department and a person.,Student ⊑ Department ⊓ Person
Every school that reads a customer is a service.,School ⊓ ∃reads.Customer ⊑ Service
Every researcher uses at least one teacher.,Researcher ⊑ ∃uses.Teacher
Every artist operates only things that are either a scientist or a movie.,Artist ⊑ ∀operates.(Scientist ⊔ Movie)
Every library supervises something that is both a building and a account.,Library ⊑ ∃supervises.(Building ⊓ Account)
No person is a hardware.,Person ⊑ ¬Hardware
A food and a customer.,Food ⊓ Customer
All transactions are citys.,Transaction ⊑ City
Every doctor is either a music or a city.,Doctor ⊑ Music ⊔ City
Every employee reads only buildings.,Employee ⊑ ∀reads.Building
Every hardware attends something that is both a music and a publication.,Hardware ⊑ ∃attends.(Music ⊓ Publication)
Every machine is either a animal or a invoice.,Machine ⊑ Animal ⊔ Invoice
Every library has child only things that are either a patient or a teacher.,Library ⊑ ∀hasChild.(Patient ⊔ Teacher)
A transaction and a student.,Transaction ⊓ Student
Nothing that is a person is a food.,Person ⊑ ¬Food
Every machine that works for only customers is a product.,Machine ⊓ ∀worksFor.Customer ⊑ Product
Every teacher is either a student or a bank.,Teacher ⊑ Student ⊔ Bank
A movie is something that is located in a customer.,Movie ⊑ ∃locatedIn.Customer
A manager is always a person.,Manager ⊑ Person
All accounts are defined as a animal or a doctor.,Account ⊑ Animal ⊔ Doctor
Every car that buys a organization is a person.,Car ⊓ ∃buys.Organization ⊑ Person
"If a dog maintains anything, it must be a patient.",Dog ⊑ ∀maintains.Patient
Every machine sells only things that are either a company or a engineer.,Machine ⊑ ∀sells.(Company ⊔ Engineer)
All schools are engineers.,School ⊑ Engineer
A hardware is neither a book nor a order.,Hardware ⊑ ¬(Book ⊔ Order)
"If a book treats anything, it must be a organization.",Book ⊑ ∀treats.Organization
Every software develops at least one transaction.,Software ⊑ ∃develops.Transaction
Anything that maintains only courses.,∀maintains.Course
Each person operates a school.,Person ⊑ ∃operates.School
A hardware is something that develops a school.,Hardware ⊑ ∃develops.School
No building is a school.,Building ⊑ ¬School
Every hospital is a engineer that knows at least one manager.,Hospital ⊑ Engineer ⊓ ∃knows.Manager
Every food is a machine.,Food ⊑ Machine
All devices are defined as a service or a manager.,Device ⊑ Service ⊔ Manager
Whatever is both a customer and a student maintains a bank.,Customer ⊓ Student ⊑ ∃maintains.Bank
Every doctor is both a publication and a student.,Doctor ⊑ Publication ⊓ Student
A bank is something that funds a plant.,Bank ⊑ ∃funds.Plant
Every device supervises only hardwares.,Device ⊑ ∀supervises.Hardware
Every animal is a doctor.,Animal ⊑ Doctor
A device is neither a food nor a publication.,Device ⊑ ¬(Food ⊔ Publication)
Every service uses something that is both a food and a cat.,Service ⊑ ∃uses.(Food ⊓ Cat)
Every hospital is either a researcher or a service.,Hospital ⊑ Researcher ⊔ Service
A hospital cannot be a organization.,Hospital ⊑ ¬Organization
Nothing that is a manager is a patient.,Manager ⊑ ¬Patient
Every music is located in something that is both a hardware and a project.,Music ⊑ ∃locatedIn.(Hardware ⊓ Project)
A scientist is always a account.,Scientist ⊑ Account
A order cannot be a company.,Order ⊑ ¬Company
A scientist cannot be a building.,Scientist ⊑ ¬Building
A manager delivers exclusively products.,Manager ⊑ ∀delivers.Product
Whatever is both a country and a transaction is located in a food.,Country ⊓ Transaction ⊑ ∃locatedIn.Food
A patient cannot be a hardware.,Patient ⊑ ¬Hardware
A food or a hospital.,Food ⊔ Hospital
A university is something that develops a publication.,University ⊑ ∃develops.Publication
A publication cannot be a food.,Publication ⊑ ¬Food
Every device that teaches a student is a transaction.,Device ⊓ ∃teaches.Student ⊑ Transaction
A artist is always a supplier.,Artist ⊑ Supplier
Whatever is both a cat and a invoice teaches a company.,Cat ⊓ Invoice ⊑ ∃teaches.Company
Each course is located in a vehicle.,Course ⊑ ∃locatedIn.Vehicle
Anything that authors a building also authors a department.,∃authors.Building ⊑ ∃authors.Department
"If a engineer is located in anything, it must be a dog.",Engineer ⊑ ∀locatedIn.Dog
Every employee is a doctor.,Employee ⊑ Doctor
Every school is a department that delivers at least one course.,School ⊑ Department ⊓ ∃delivers.Course
All citys are accounts as well as products.,City ⊑ Account ⊓ Product
A invoice cannot be a manager.,Invoice ⊑ ¬Manager
Every food works for something that is both a person and a building.,Food ⊑ ∃worksFor.(Person ⊓ Building)
All plants are hardwares.,Plant ⊑ Hardware
A employee is neither a doctor nor a researcher.,Employee ⊑ ¬(Doctor ⊔ Researcher)
All departments are defined as a person or a engineer.,Department ⊑ Person ⊔ Engineer
Whatever is both a patient and a movie likes a doctor.,Patient ⊓ Movie ⊑ ∃likes.Doctor
Nothing that is a order is a doctor.,Order ⊑ ¬Doctor
All employees are defined as a car or a product.,Employee ⊑ Car ⊔ Product
A book cannot be a teacher.,Book ⊑ ¬Teacher
Every order creates something that is both a machine and a dog.,Order ⊑ ∃creates.(Machine ⊓ Dog)
Every person is a building.,Person ⊑ Building
Every music develops only things that are either a doctor or a university.,Music ⊑ ∀develops.(Doctor ⊔ University)
Every animal likes something that is both a hardware and a account.,Animal ⊑ ∃likes.(Hardware ⊓ Account)
Every organization that treats a car is a music.,Organization ⊓ ∃treats.Car ⊑ Music
Every device reads something that is both a school and a service.,Device ⊑ ∃reads.(School ⊓ Service)
A hardware reads exclusively devices.,Hardware ⊑ ∀reads.Device
All countrys are defined as a publication or a scientist.,Country ⊑ Publication ⊔ Scientist
Anything that sells only universitys.,∀sells.University
A animal and a software.,Animal ⊓ Software
Whatever is both a transaction and a manager is located in a teacher.,Transaction ⊓ Manager ⊑ ∃locatedIn.Teacher
Every plant is either a teacher or a project.,Plant ⊑ Teacher ⊔ Project
Every engineer is a supplier that creates only cars.,Engineer ⊑ Supplier ⊓ ∀creates.Car
Nothing that is a manager is a service.,Manager ⊑ ¬Service
Whatever is both a transaction and a food is located in a product.,Transaction ⊓ Food ⊑ ∃locatedIn.Product
Every city reads only cats.,City ⊑ ∀reads.Cat
Every employee operates only suppliers.,Employee ⊑ ∀operates.Supplier
A teacher is something that attends a order.,Teacher ⊑ ∃attends.Order
A hardware is located in exclusively cars.,Hardware ⊑ ∀locatedIn.Car
Whatever is both a animal and a software attends a university.,Animal ⊓ Software ⊑ ∃attends.University
"If a animal owns anything, it must be a department.",Animal ⊑ ∀owns.Department
Every artist treats at least one animal.,Artist ⊑ ∃treats.Animal
"If a employee buys anything, it must be a cat.",Employee ⊑ ∀buys.Cat
All suppliers are accounts as well as employees.,Supplier ⊑ Account ⊓ Employee
Each engineer works for a cat.,Engineer ⊑ ∃worksFor.Cat
All vehicles are defined as a supplier or a course.,Vehicle ⊑ Supplier ⊔ Course
Nothing that is a transaction is a person.,Transaction ⊑ ¬Person
"If a cat teaches anything, it must be a dog.",Cat ⊑ ∀teaches.Dog
Anything that designs a bank.,∃designs.Bank
Every movie is a scientist.,Movie ⊑ Scientist
No doctor is a patient.,Doctor ⊑ ¬Patient
Every patient has child at least one scientist.,Patient ⊑ ∃hasChild.Scientist
A cat cannot be a organization.,Cat ⊑ ¬Organization
Every customer is a employee that delivers only librarys.,Customer ⊑ Employee ⊓ ∀delivers.Library
Nothing that is a course is a artist.,Course ⊑ ¬Artist
Every engineer that likes a food is a car.,Engineer ⊓ ∃likes.Food ⊑ Car
Every company creates only things that are either a bank or a doctor.,Company ⊑ ∀creates.(Bank ⊔ Doctor)
Nothing that is a person is a doctor.,Person ⊑ ¬Doctor
Nothing that is a product is a dog.,Product ⊑ ¬Dog
Anything that reads a employee also reads a person.,∃reads.Employee ⊑ ∃reads.Person
A bank is neither a employee nor a doctor.,Bank ⊑ ¬(Employee ⊔ Doctor)
Whatever is both a plant and a music creates a library.,Plant ⊓ Music ⊑ ∃creates.Library
A country maintains exclusively products.,Country ⊑ ∀maintains.Product
Every organization is either a teacher or a product.,Organization ⊑ Teacher ⊔ Product
Every hospital delivers only things that are either a patient or a product.,Hospital ⊑ ∀delivers.(Patient ⊔ Product)
A publication and a service.,Publication ⊓ Service
All plants are accounts.,Plant ⊑ Account
All cars are defined as a music or a student.,Car ⊑ Music ⊔ Student
A manager is neither a employee nor a person.,Manager ⊑ ¬(Employee ⊔ Person)
A library or a engineer.,Library ⊔ Engineer
A transaction is neither a person nor a vehicle.,Transaction ⊑ ¬(Person ⊔ Vehicle)
Whatever is both a machine and a researcher is located in a person.,Machine ⊓ Researcher ⊑ ∃locatedIn.Person
All vehicles are defined as a publication or a teacher.,Vehicle ⊑ Publication ⊔ Teacher
All universitys are engineers.,University ⊑ Engineer
A manager is always a software.,Manager ⊑ Software
Anything that likes only cars.,∀likes.Car
Whatever is both a engineer and a department knows a software.,Engineer ⊓ Department ⊑ ∃knows.Software
All librarys are defined as a city or a food.,Library ⊑ City ⊔ Food
Every food is either a project or a teacher.,Food ⊑ Project ⊔ Teacher
A teacher is always a employee.,Teacher ⊑ Employee
A device has child exclusively persons.,Device ⊑ ∀hasChild.Person
Every device teaches at least one order.,Device ⊑ ∃teaches.Order
A software is always a customer.,Software ⊑ Customer
Anything that owns a teacher.,∃owns.Teacher
Anything that creates a company.,∃creates.Company
A account cannot be a vehicle.,Account ⊑ ¬Vehicle
A organization delivers exclusively animals.,Organization ⊑ ∀delivers.Animal
All persons are defined as a car or a student.,Person ⊑ Car ⊔ Student
Anything that likes a customer.,∃likes.Customer
Every course is either a person or a vehicle.,Course ⊑ Person ⊔ Vehicle
All hospitals are defined as a person or a manager.,Hospital ⊑ Person ⊔ Manager
Every dog supervises at least one country.,Dog ⊑ ∃supervises.Country
Nothing that is a organization is a patient.,Organization ⊑ ¬Patient
All employees are departments as well as machines.,Employee ⊑ Department ⊓ Machine
Nothing that is a movie is a device.,Movie ⊑ ¬Device
Every cat is both a car and a animal.,Cat ⊑ Car ⊓ Animal
A person is always a teacher.,Person ⊑ Teacher
Every invoice is a library that knows at least one teacher.,Invoice ⊑ Library ⊓ ∃knows.Teacher
Every software is both a person and a artist.,Software ⊑ Person ⊓ Artist
A university is something that has child a country.,University ⊑ ∃hasChild.Country
A researcher cannot be a doctor.,Researcher ⊑ ¬Doctor
Each car has child a publication.,Car ⊑ ∃hasChild.Publication
A library or a cat.,Library ⊔ Cat
A device is neither a hardware nor a software.,Device ⊑ ¬(Hardware ⊔ Software)
Every doctor is either a device or a department.,Doctor ⊑ Device ⊔ Department
A machine authors exclusively orders.,Machine ⊑ ∀authors.Order
Every teacher reads at least one car.,Teacher ⊑ ∃reads.Car
Every department is a person that treats only banks.,Department ⊑ Person ⊓ ∀treats.Bank
Each food authors a plant.,Food ⊑ ∃authors.Plant
A country is always a service.,Country ⊑ Service
A plant is always a course.,Plant ⊑ Course
A hardware is neither a person nor a department.,Hardware ⊑ ¬(Person ⊔ Department)
A bank is something that funds a course.,Bank ⊑ ∃funds.Course
Every scientist authors something that is both a transaction and a movie.,Scientist ⊑ ∃authors.(Transaction ⊓ Movie)
A plant is always a school.,Plant ⊑ School
A hospital creates exclusively transactions.,Hospital ⊑ ∀creates.Transaction
All orders are defined as a device or a patient.,Order ⊑ Device ⊔ Patient
A researcher is neither a university nor a order.,Researcher ⊑ ¬(University ⊔ Order)
"If a food operates anything, it must be a cat.",Food ⊑ ∀operates.Cat
A transaction is always a machine.,Transaction ⊑ Machine
Every service that authors only banks is a building.,Service ⊓ ∀authors.Bank ⊑ Building
Every bank that operates a patient is a customer.,Bank ⊓ ∃operates.Patient ⊑ Customer
Every teacher likes only accounts.,Teacher ⊑ ∀likes.Account
Every bank is both a building and a software.,Bank ⊑ Building ⊓ Software
Anything that supervises a vehicle also supervises a manager.,∃supervises.Vehicle ⊑ ∃supervises.Manager
Whatever is both a department and a university likes a company.,Department ⊓ University ⊑ ∃likes.Company
Whatever is both a animal and a employee manages a movie.,Animal ⊓ Employee ⊑ ∃manages.Movie
Every publication sells only courses.,Publication ⊑ ∀sells.Course
Nothing that is a person is a employee.,Person ⊑ ¬Employee
A engineer and a organization.,Engineer ⊓ Organization
Every car is a publication that treats at least one movie.,Car ⊑ Publication ⊓ ∃treats.Movie
All countrys are doctors.,Country ⊑ Doctor
Anything that designs a music.,∃designs.Music
A school cannot be a researcher.,School ⊑ ¬Researcher
All accounts are defined as a device or a scientist.,Account ⊑ Device ⊔ Scientist
Every person that designs a library is a publication.,Person ⊓ ∃designs.Library ⊑ Publication
Every person is a publication that funds at least one teacher.,Person ⊑ Publication ⊓ ∃funds.Teacher
A employee and a company.,Employee ⊓ Company
A car cannot be a publication.,Car ⊑ ¬Publication
Anything that manages a publication.,∃manages.Publication
Every book is both a food and a account.,Book ⊑ Food ⊓ Account
Whatever is both a publication and a university reads a doctor.,Publication ⊓ University ⊑ ∃reads.Doctor
Every country is either a employee or a invoice.,Country ⊑ Employee ⊔ Invoice
A person and a library.,Person ⊓ Library
Every scientist that buys a car is a product.,Scientist ⊓ ∃buys.Car ⊑ Product
Each plant manages a supplier.,Plant ⊑ ∃manages.Supplier
Anything that works for only cars.,∀worksFor.Car
Every student is a music that maintains only courses.,Student ⊑ Music ⊓ ∀maintains.Course
A customer or a scientist.,Customer ⊔ Scientist
A school has child exclusively vehicles.,School ⊑ ∀hasChild.Vehicle
All companys are citys as well as softwares.,Company ⊑ City ⊓ Software
Anything that treats only suppliers.,∀treats.Supplier
A doctor reads exclusively books.,Doctor ⊑ ∀reads.Book
Anything that knows a university.,∃knows.University
Each teacher delivers a customer.,Teacher ⊑ ∃delivers.Customer
Every project uses at least one doctor.,Project ⊑ ∃uses.Doctor
Every supplier produces something that is both a food and a employee.,Supplier ⊑ ∃produces.(Food ⊓ Employee)
A organization funds exclusively countrys.,Organization ⊑ ∀funds.Country
All products are orders.,Product ⊑ Order
Every animal is a scientist that delivers only books.,Animal ⊑ Scientist ⊓ ∀delivers.Book
Every plant is both a device and a invoice.,Plant ⊑ Device ⊓ Invoice
A music or a scientist.,Music ⊔ Scientist
Each book supervises a publication.,Book ⊑ ∃supervises.Publication
A order cannot be a researcher.,Order ⊑ ¬Researcher
A country cannot be a vehicle.,Country ⊑ ¬Vehicle
A cat cannot be a music.,Cat ⊑ ¬Music
Every project is either a company or a library.,Project ⊑ Company ⊔ Library
Every university is a artist that operates only teachers.,University ⊑ Artist ⊓ ∀operates.Teacher
Every hospital that maintains only scientists is a library.,Hospital ⊓ ∀maintains.Scientist ⊑ Library
No engineer is a invoice.,Engineer ⊑ ¬Invoice
Every account is both a transaction and a animal.,Account ⊑ Transaction ⊓ Animal
Every scientist is a device that supervises only librarys.,Scientist ⊑ Device ⊓ ∀supervises.Library
All hardwares are cars as well as books.,Hardware ⊑ Car ⊓ Book
Every city produces something that is both a publication and a transaction.,City ⊑ ∃produces.(Publication ⊓ Transaction)
Each department teaches a food.,Department ⊑ ∃teaches.Food
All cars are defined as a software or a city.,Car ⊑ Software ⊔ City
All banks are books as well as teachers.,Bank ⊑ Book ⊓ Teacher
A doctor is always a account.,Doctor ⊑ Account
Every hospital knows only suppliers.,Hospital ⊑ ∀knows.Supplier
Every company that designs only foods is a service.,Company ⊓ ∀designs.Food ⊑ Service
Every bank is located in at least one device.,Bank ⊑ ∃locatedIn.Device
Every transaction that likes a company is a artist.,Transaction ⊓ ∃likes.Company ⊑ Artist
A food and a city.,Food ⊓ City
A building supervises exclusively companys.,Building ⊑ ∀supervises.Company
Every scientist that works for only universitys is a customer.,Scientist ⊓ ∀worksFor.University ⊑ Customer
A vehicle is something that works for a company.,Vehicle ⊑ ∃worksFor.Company
Nothing that is a cat is a organization.,Cat ⊑ ¬Organization
"If a bank likes anything, it must be a person.",Bank ⊑ ∀likes.Person
Every engineer works for only things that are either a animal or a university.,Engineer ⊑ ∀worksFor.(Animal ⊔ University)
Every cat maintains only things that are either a department or a supplier.,Cat ⊑ ∀maintains.(Department ⊔ Supplier)
A dog cannot be a food.,Dog ⊑ ¬Food
Every animal manages at least one product.,Animal ⊑ ∃manages.Product
Anything that is located in a city also is located in a person.,∃locatedIn.City ⊑ ∃locatedIn.Person
No company is a department.,Company ⊑ ¬Department
Every organization is located in only things that are either a employee or a movie.,Organization ⊑ ∀locatedIn.(Employee ⊔ Movie)
Every software is a machine that owns at least one book.,Software ⊑ Machine ⊓ ∃owns.Book
Every course produces something that is both a invoice and a researcher.,Course ⊑ ∃produces.(Invoice ⊓ Researcher)
A dog is neither a animal nor a vehicle.,Dog ⊑ ¬(Animal ⊔ Vehicle)
Every employee reads something that is both a product and a device.,Employee ⊑ ∃reads.(Product ⊓ Device)
Every car is both a movie and a service.,Car ⊑ Movie ⊓ Service
Every student is a software that creates only musics.,Student ⊑ Software ⊓ ∀creates.Music
Every researcher that knows only hospitals is a school.,Researcher ⊓ ∀knows.Hospital ⊑ School
Nothing that is a project is a researcher.,Project ⊑ ¬Researcher
Every hardware that operates only products is a doctor.,Hardware ⊓ ∀operates.Product ⊑ Doctor
All vehicles are dogs as well as courses.,Vehicle ⊑ Dog ⊓ Course
Every movie reads only things that are either a company or a department.,Movie ⊑ ∀reads.(Company ⊔ Department)
Whatever is both a university and a service is located in a country.,University ⊓ Service ⊑ ∃locatedIn.Country
Anything that teaches a library also teaches a music.,∃teaches.Library ⊑ ∃teaches.Music
No hospital is a book.,Hospital ⊑ ¬Book
Anything that delivers a music also delivers a library.,∃delivers.Music ⊑ ∃delivers.Library
Every invoice owns only cats.,Invoice ⊑ ∀owns.Cat
Whatever is both a product and a service develops a publication.,Product ⊓ Service ⊑ ∃develops.Publication
A supplier is something that reads a library.,Supplier ⊑ ∃reads.Library
A book and a service.,Book ⊓ Service
All teachers are employees as well as musics.,Teacher ⊑ Employee ⊓ Music
Every plant that operates a project is a product.,Plant ⊓ ∃operates.Project ⊑ Product
A student is always a food.,Student ⊑ Food
Every movie treats only teachers.,Movie ⊑ ∀treats.Teacher
Anything that treats a department.,∃treats.Department
A animal is always a department.,Animal ⊑ Department
Every book is a researcher that has child only orders.,Book ⊑ Researcher ⊓ ∀hasChild.Order
Every researcher uses something that is both a vehicle and a supplier.,Researcher ⊑ ∃uses.(Vehicle ⊓ Supplier)
Every artist sells something that is both a bank and a doctor.,Artist ⊑ ∃sells.(Bank ⊓ Doctor)
Nothing that is a teacher is a book.,Teacher ⊑ ¬Book
Every engineer treats at least one plant.,Engineer ⊑ ∃treats.Plant
Every supplier has child only departments.,Supplier ⊑ ∀hasChild.Department
Anything that designs only departments.,∀designs.Department
Every hospital is a city that treats at least one plant.,Hospital ⊑ City ⊓ ∃treats.Plant
Every food that creates only engineers is a plant.,Food ⊓ ∀creates.Engineer ⊑ Plant
Every vehicle is a city that authors only projects.,Vehicle ⊑ City ⊓ ∀authors.Project
A artist cannot be a bank.,Artist ⊑ ¬Bank
Every engineer that maintains a book is a school.,Engineer ⊓ ∃maintains.Book ⊑ School
Anything that knows only persons.,∀knows.Person
Anything that knows a building also knows a bank.,∃knows.Building ⊑ ∃knows.Bank
Every order is both a publication and a car.,Order ⊑ Publication ⊓ Car
A university is always a plant.,University ⊑ Plant
Every doctor buys at least one employee.,Doctor ⊑ ∃buys.Employee
All universitys are departments.,University ⊑ Department
Anything that attends a university.,∃attends.University
Every teacher sells at least one patient.,Teacher ⊑ ∃sells.Patient
No project is a supplier.,Project ⊑ ¬Supplier
Every hardware is a car that operates at least one library.,Hardware ⊑ Car ⊓ ∃operates.Library
Every department is a account that sells at least one doctor.,Department ⊑ Account ⊓ ∃sells.Doctor
Every artist is a order that is located in only accounts.,Artist ⊑ Order ⊓ ∀locatedIn.Account
"If a country attends anything, it must be a supplier.",Country ⊑ ∀attends.Supplier
Every publication is either a product or a country.,Publication ⊑ Product ⊔ Country
A vehicle and a bank.,Vehicle ⊓ Bank
Nothing that is a account is a university.,Account ⊑ ¬University
No scientist is a organization.,Scientist ⊑ ¬Organization
All devices are defined as a hardware or a movie.,Device ⊑ Hardware ⊔ Movie
Every movie that authors a library is a artist.,Movie ⊓ ∃authors.Library ⊑ Artist
Nothing that is a transaction is a plant.,Transaction ⊑ ¬Plant
Every department attends at least one engineer.,Department ⊑ ∃attends.Engineer
All customers are defined as a music or a employee.,Customer ⊑ Music ⊔ Employee
Every artist owns only things that are either a transaction or a building.,Artist ⊑ ∀owns.(Transaction ⊔ Building)
A music is always a researcher.,Music ⊑ Researcher
All hospitals are suppliers as well as librarys.,Hospital ⊑ Supplier ⊓ Library
No city is a person.,City ⊑ ¬Person
Every animal is either a car or a hardware.,Animal ⊑ Car ⊔ Hardware
Every hardware is a dog that has child at least one project.,Hardware ⊑ Dog ⊓ ∃hasChild.Project
Whatever is both a movie and a manager supervises a car.,Movie ⊓ Manager ⊑ ∃supervises.Car
Nothing that is a supplier is a movie.,Supplier ⊑ ¬Movie
Every organization owns something that is both a movie and a supplier.,Organization ⊑ ∃owns.(Movie ⊓ Supplier)
A transaction knows exclusively buildings.,Transaction ⊑ ∀knows.Building
Every manager is located in at least one dog.,Manager ⊑ ∃locatedIn.Dog
Every building likes something that is both a teacher and a food.,Building ⊑ ∃likes.(Teacher ⊓ Food)
All departments are devices as well as managers.,Department ⊑ Device ⊓ Manager
Every manager is a food that reads only doctors.,Manager ⊑ Food ⊓ ∀reads.Doctor
Every company that creates only managers is a device.,Company ⊓ ∀creates.Manager ⊑ Device
Every company is either a cat or a order.,Company ⊑ Cat ⊔ Order
A movie designs exclusively doctors.,Movie ⊑ ∀designs.Doctor
Every machine buys at least one vehicle.,Machine ⊑ ∃buys.Vehicle
"If a hospital teaches anything, it must be a plant.",Hospital ⊑ ∀teaches.Plant
Anything that is located in a publication.,∃locatedIn.Publication
Nothing that is a order is a course.,Order ⊑ ¬Course
A engineer is always a music.,Engineer ⊑ Music
A transaction cannot be a movie.,Transaction ⊑ ¬Movie
A manager or a book.,Manager ⊔ Book
A account is neither a order nor a engineer.,Account ⊑ ¬(Order ⊔ Engineer)
Each software buys a device.,Software ⊑ ∃buys.Device
Every teacher sells at least one device.,Teacher ⊑ ∃sells.Device
A manager and a course.,Manager ⊓ Course
Whatever is both a building and a car maintains a doctor.,Building ⊓ Car ⊑ ∃maintains.Doctor
A department is neither a publication nor a product.,Department ⊑ ¬(Publication ⊔ Product)
Every library likes at least one student.,Library ⊑ ∃likes.Student
Every device that maintains a school is a software.,Device ⊓ ∃maintains.School ⊑ Software
Anything that knows a software.,∃knows.Software
Every library is both a artist and a vehicle.,Library ⊑ Artist ⊓ Vehicle
Whatever is both a bank and a animal manages a book.,Bank ⊓ Animal ⊑ ∃manages.Book
Anything that likes only artists.,∀likes.Artist
A book or a student.,Book ⊔ Student
Every machine that authors only artists is a cat.,Machine ⊓ ∀authors.Artist ⊑ Cat
Every teacher is both a researcher and a project.,Teacher ⊑ Researcher ⊓ Project
No machine is a manager.,Machine ⊑ ¬Manager
A plant is neither a hospital nor a customer.,Plant ⊑ ¬(Hospital ⊔ Customer)
A device or a artist.,Device ⊔ Artist
Anything that has child a account.,∃hasChild.Account
A invoice cannot be a hardware.,Invoice ⊑ ¬Hardware
A animal or a software.,Animal ⊔ Software
Anything that buys a animal.,∃buys.Animal
A product reads exclusively animals.,Product ⊑ ∀reads.Animal
Every book reads only things that are either a customer or a plant.,Book ⊑ ∀reads.(Customer ⊔ Plant)
Every teacher that teaches a country is a cat.,Teacher ⊓ ∃teaches.Country ⊑ Cat
Every invoice is a city.,Invoice ⊑ City
Every car that teaches a building is a book.,Car ⊓ ∃teaches.Building ⊑ Book
A customer reads exclusively companys.,Customer ⊑ ∀reads.Company
Anything that works for only services.,∀worksFor.Service
A device cannot be a bank.,Device ⊑ ¬Bank
Every bank is either a vehicle or a employee.,Bank ⊑ Vehicle ⊔ Employee
A service authors exclusively transactions.,Service ⊑ ∀authors.Transaction
All courses are defined as a plant or a researcher.,Course ⊑ Plant ⊔ Researcher
Nothing that is a service is a invoice.,Service ⊑ ¬Invoice
A animal is something that likes a city.,Animal ⊑ ∃likes.City
Anything that operates only schools.,∀operates.School
Every device supervises only things that are either a cat or a engineer.,Device ⊑ ∀supervises.(Cat ⊔ Engineer)
All movies are defined as a organization or a invoice.,Movie ⊑ Organization ⊔ Invoice
Every country is both a animal and a cat.,Country ⊑ Animal ⊓ Cat
Every car that is located in only animals is a account.,Car ⊓ ∀locatedIn.Animal ⊑ Account
Every manager manages something that is both a animal and a engineer.,Manager ⊑ ∃manages.(Animal ⊓ Engineer)
Every device owns at least one scientist.,Device ⊑ ∃owns.Scientist
A scientist is neither a city nor a account.,Scientist ⊑ ¬(City ⊔ Account)
All organizations are machines as well as products.,Organization ⊑ Machine ⊓ Product
A company has child exclusively invoices.,Company ⊑ ∀hasChild.Invoice
Every library operates only movies.,Library ⊑ ∀operates.Movie
Nothing that is a project is a car.,Project ⊑ ¬Car
Every publication is either a university or a invoice.,Publication ⊑ University ⊔ Invoice
Every building that develops only transactions is a vehicle.,Building ⊓ ∀develops.Transaction ⊑ Vehicle
Every software is a music that develops only schools.,Software ⊑ Music ⊓ ∀develops.School
Anything that authors a company also authors a patient.,∃authors.Company ⊑ ∃authors.Patient
All banks are departments.,Bank ⊑ Department
A teacher is neither a building nor a dog.,Teacher ⊑ ¬(Building ⊔ Dog)
Whatever is both a school and a plant produces a book.,School ⊓ Plant ⊑ ∃produces.Book
Every account is a invoice that likes at least one food.,Account ⊑ Invoice ⊓ ∃likes.Food
Every teacher is a animal.,Teacher ⊑ Animal
A animal is something that treats a customer.,Animal ⊑ ∃treats.Customer
Every engineer that teaches only cars is a device.,Engineer ⊓ ∀teaches.Car ⊑ Device
Every student manages only things that are either a project or a plant.,Student ⊑ ∀manages.(Project ⊔ Plant)
A researcher cannot be a vehicle.,Researcher ⊑ ¬Vehicle
Every school is either a supplier or a plant.,School ⊑ Supplier ⊔ Plant
Anything that develops only books.,∀develops.Book
Every building is either a artist or a library.,Building ⊑ Artist ⊔ Library
"If a order maintains anything, it must be a doctor.",Order ⊑ ∀maintains.Doctor
A manager and a country.,Manager ⊓ Country
"If a animal delivers anything, it must be a book.",Animal ⊑ ∀delivers.Book
Every car is either a supplier or a customer.,Car ⊑ Supplier ⊔ Customer
A car is always a software.,Car ⊑ Software
All vehicles are organizations.,Vehicle ⊑ Organization
Every invoice designs only things that are either a course or a movie.,Invoice ⊑ ∀designs.(Course ⊔ Movie)
A teacher cannot be a city.,Teacher ⊑ ¬City
Each organization reads a department.,Organization ⊑ ∃reads.Department
A music and a patient.,Music ⊓ Patient
Every account is both a movie and a product.,Account ⊑ Movie ⊓ Product
A university is something that creates a bank.,University ⊑ ∃creates.Bank
Every software operates at least one student.,Software ⊑ ∃operates.Student
Every music delivers something that is both a dog and a account.,Music ⊑ ∃delivers.(Dog ⊓ Account)
Whatever is both a project and a device supervises a company.,Project ⊓ Device ⊑ ∃supervises.Company
A machine is neither a employee nor a project.,Machine ⊑ ¬(Employee ⊔ Project)
A music is always a movie.,Music ⊑ Movie
Whatever is both a organization and a manager is located in a service.,Organization ⊓ Manager ⊑ ∃locatedIn.Service
A teacher and a animal.,Teacher ⊓ Animal
All projects are cars.,Project ⊑ Car
All courses are hardwares.,Course ⊑ Hardware
A supplier is something that buys a cat.,Supplier ⊑ ∃buys.Cat
A cat is neither a transaction nor a course.,Cat ⊑ ¬(Transaction ⊔ Course)
Every car has child something that is both a person and a publication.,Car ⊑ ∃hasChild.(Person ⊓ Publication)
A cat cannot be a supplier.,Cat ⊑ ¬Supplier
A vehicle and a person.,Vehicle ⊓ Person
Every invoice is both a book and a country.,Invoice ⊑ Book ⊓ Country
Each manager manages a transaction.,Manager ⊑ ∃manages.Transaction
Every order is a service that has child only foods.,Order ⊑ Service ⊓ ∀hasChild.Food
Each order maintains a project.,Order ⊑ ∃maintains.Project
Anything that designs only dogs.,∀designs.Dog
All departments are companys.,Department ⊑ Company
A employee and a doctor.,Employee ⊓ Doctor
Every machine that sells only hardwares is a country.,Machine ⊓ ∀sells.Hardware ⊑ Country
Nothing that is a city is a student.,City ⊑ ¬Student
Every publication that produces a teacher is a software.,Publication ⊓ ∃produces.Teacher ⊑ Software
Each manager works for a machine.,Manager ⊑ ∃worksFor.Machine
Each account treats a course.,Account ⊑ ∃treats.Course
A employee or a food.,Employee ⊔ Food
A country is something that buys a movie.,Country ⊑ ∃buys.Movie
Every patient that funds only buildings is a music.,Patient ⊓ ∀funds.Building ⊑ Music
Every hospital that reads a dog is a country.,Hospital ⊓ ∃reads.Dog ⊑ Country
No engineer is a scientist.,Engineer ⊑ ¬Scientist
All customers are foods.,Customer ⊑ Food
Every project is both a software and a product.,Project ⊑ Software ⊓ Product
Anything that uses a project.,∃uses.Project
Anything that likes a manager also likes a department.,∃likes.Manager ⊑ ∃likes.Department
Anything that likes only machines.,∀likes.Machine
Every supplier delivers at least one software.,Supplier ⊑ ∃delivers.Software
All projects are universitys as well as transactions.,Project ⊑ University ⊓ Transaction
Anything that buys a artist.,∃buys.Artist
A manager treats exclusively departments.,Manager ⊑ ∀treats.Department
A doctor is always a employee.,Doctor ⊑ Employee
Each university delivers a teacher.,University ⊑ ∃delivers.Teacher
All invoices are defined as a bank or a hardware.,Invoice ⊑ Bank ⊔ Hardware
Anything that buys only movies.,∀buys.Movie
Anything that delivers a employee also delivers a hospital.,∃delivers.Employee ⊑ ∃delivers.Hospital
All artists are cars.,Artist ⊑ Car
All engineers are defined as a patient or a machine.,Engineer ⊑ Patient ⊔ Machine
All departments are banks as well as plants.,Department ⊑ Bank ⊓ Plant
Every patient is either a researcher or a hospital.,Patient ⊑ Researcher ⊔ Hospital
Nothing that is a project is a hospital.,Project ⊑ ¬Hospital
All hardwares are citys as well as cars.,Hardware ⊑ City ⊓ Car
Nothing that is a course is a student.,Course ⊑ ¬Student
A project cannot be a researcher.,Project ⊑ ¬Researcher
Every library develops at least one dog.,Library ⊑ ∃develops.Dog
Whatever is both a music and a customer attends a book.,Music ⊓ Customer ⊑ ∃attends.Book
Every person that attends only banks is a software.,Person ⊓ ∀attends.Bank ⊑ Software
A organization and a animal.,Organization ⊓ Animal
A university or a school.,University ⊔ School
Anything that is located in only cats.,∀locatedIn.Cat
Each student knows a course.,Student ⊑ ∃knows.Course
Anything that creates only customers.,∀creates.Customer
All dogs are defined as a manager or a engineer.,Dog ⊑ Manager ⊔ Engineer
Every library is located in something that is both a product and a hospital.,Library ⊑ ∃locatedIn.(Product ⊓ Hospital)
Anything that reads only departments.,∀reads.Department
Every movie is a vehicle that maintains at least one course.,Movie ⊑ Vehicle ⊓ ∃maintains.Course
Every dog that is located in only invoices is a car.,Dog ⊓ ∀locatedIn.Invoice ⊑ Car
Nothing that is a product is a hospital.,Product ⊑ ¬Hospital
Every course treats something that is both a plant and a device.,Course ⊑ ∃treats.(Plant ⊓ Device)
"If a doctor treats anything, it must be a project.",Doctor ⊑ ∀treats.Project
Every music is a food.,Music ⊑ Food
Nothing that is a project is a machine.,Project ⊑ ¬Machine
A dog is always a invoice.,Dog ⊑ Invoice
A machine cannot be a dog.,Machine ⊑ ¬Dog
A supplier owns exclusively cars.,Supplier ⊑ ∀owns.Car
Each movie funds a transaction.,Movie ⊑ ∃funds.Transaction
A department is something that produces a engineer.,Department ⊑ ∃produces.Engineer
Every department is a teacher that supervises only orders.,Department ⊑ Teacher ⊓ ∀supervises.Order
A cat is always a movie.,Cat ⊑ Movie
Every student operates only musics.,Student ⊑ ∀operates.Music
Every vehicle is either a patient or a book.,Vehicle ⊑ Patient ⊔ Book
No car is a music.,Car ⊑ ¬Music
All companys are devices.,Company ⊑ Device
Every course that works for a manager is a music.,Course ⊓ ∃worksFor.Manager ⊑ Music
Nothing that is a project is a patient.,Project ⊑ ¬Patient
Every food that reads a software is a project.,Food ⊓ ∃reads.Software ⊑ Project
"If a invoice supervises anything, it must be a software.",Invoice ⊑ ∀supervises.Software
A person or a patient.,Person ⊔ Patient
Every dog operates only countrys.,Dog ⊑ ∀operates.Country
All customers are animals.,Customer ⊑ Animal
Every teacher is a customer.,Teacher ⊑ Customer
Every hospital uses only products.,Hospital ⊑ ∀uses.Product
Anything that likes a dog.,∃likes.Dog
A customer is neither a artist nor a supplier.,Customer ⊑ ¬(Artist ⊔ Supplier)
Anything that maintains a supplier also maintains a animal.,∃maintains.Supplier ⊑ ∃maintains.Animal
A transaction is something that produces a publication.,Transaction ⊑ ∃produces.Publication
Every department is a researcher that treats only engineers.,Department ⊑ Researcher ⊓ ∀treats.Engineer
Every order that works for a project is a department.,Order ⊓ ∃worksFor.Project ⊑ Department
A department and a student.,Department ⊓ Student
A teacher is always a organization.,Teacher ⊑ Organization
All researchers are softwares as well as vehicles.,Researcher ⊑ Software ⊓ Vehicle
Every hospital that delivers only universitys is a device.,Hospital ⊓ ∀delivers.University ⊑ Device
Anything that maintains a researcher also maintains a doctor.,∃maintains.Researcher ⊑ ∃maintains.Doctor
Each project maintains a invoice.,Project ⊑ ∃maintains.Invoice
Anything that delivers only companys.,∀delivers.Company
Every patient uses only musics.,Patient ⊑ ∀uses.Music
Every book that has child a researcher is a hardware.,Book ⊓ ∃hasChild.Researcher ⊑ Hardware
All cars are orders.,Car ⊑ Order
Every bank that has child only courses is a account.,Bank ⊓ ∀hasChild.Course ⊑ Account
All persons are plants.,Person ⊑ Plant
Nothing that is a software is a cat.,Software ⊑ ¬Cat
Every book likes at least one patient.,Book ⊑ ∃likes.Patient
Every teacher is a dog that is located in at least one department.,Teacher ⊑ Dog ⊓ ∃locatedIn.Department
Every hardware is both a school and a city.,Hardware ⊑ School ⊓ City
Every plant is a hardware.,Plant ⊑ Hardware
A engineer is something that develops a course.,Engineer ⊑ ∃develops.Course
A engineer is neither a employee nor a product.,Engineer ⊑ ¬(Employee ⊔ Product)
"If a bank buys anything, it must be a order.",Bank ⊑ ∀buys.Order
A order is neither a city nor a car.,Order ⊑ ¬(City ⊔ Car)
Anything that maintains a hardware also maintains a vehicle.,∃maintains.Hardware ⊑ ∃maintains.Vehicle
Whatever is both a customer and a library attends a vehicle.,Customer ⊓ Library ⊑ ∃attends.Vehicle
Every building uses only things that are either a invoice or a doctor.,Building ⊑ ∀uses.(Invoice ⊔ Doctor)
Every software is either a artist or a researcher.,Software ⊑ Artist ⊔ Researcher
Nothing that is a supplier is a service.,Supplier ⊑ ¬Service
A hardware is something that has child a animal.,Hardware ⊑ ∃hasChild.Animal
A book is always a project.,Book ⊑ Project
Every course delivers something that is both a book and a car.,Course ⊑ ∃delivers.(Book ⊓ Car)
Anything that operates only patients.,∀operates.Patient
Anything that knows a university also knows a transaction.,∃knows.University ⊑ ∃knows.Transaction
Whatever is both a department and a service designs a scientist.,Department ⊓ Service ⊑ ∃designs.Scientist
Anything that likes a manager also likes a school.,∃likes.Manager ⊑ ∃likes.School
Every bank that sells a student is a supplier.,Bank ⊓ ∃sells.Student ⊑ Supplier
Anything that teaches a patient.,∃teaches.Patient
A artist is something that develops a transaction.,Artist ⊑ ∃develops.Transaction
Nothing that is a person is a artist.,Person ⊑ ¬Artist
No music is a company.,Music ⊑ ¬Company
A researcher is something that delivers a service.,Researcher ⊑ ∃delivers.Service
No plant is a machine.,Plant ⊑ ¬Machine
Anything that operates a software also operates a music.,∃operates.Software ⊑ ∃operates.Music
Every animal that sells a plant is a movie.,Animal ⊓ ∃sells.Plant ⊑ Movie
Nothing that is a library is a student.,Library ⊑ ¬Student
Every supplier that authors a software is a customer.,Supplier ⊓ ∃authors.Software ⊑ Customer
Anything that treats only devices.,∀treats.Device
Every animal is either a product or a vehicle.,Animal ⊑ Product ⊔ Vehicle
Every machine likes only devices.,Machine ⊑ ∀likes.Device
Every company is either a car or a scientist.,Company ⊑ Car ⊔ Scientist
A artist is something that designs a person.,Artist ⊑ ∃designs.Person
A publication or a machine.,Publication ⊔ Machine
Each company treats a artist.,Company ⊑ ∃treats.Artist
A engineer is neither a invoice nor a order.,Engineer ⊑ ¬(Invoice ⊔ Order)
A manager or a product.,Manager ⊔ Product
Every hospital has child at least one student.,Hospital ⊑ ∃hasChild.Student
"If a scientist creates anything, it must be a service.",Scientist ⊑ ∀creates.Service
Every hospital is a country that knows only hardwares.,Hospital ⊑ Country ⊓ ∀knows.Hardware
Every engineer is a device that supervises only organizations.,Engineer ⊑ Device ⊓ ∀supervises.Organization
All books are managers as well as universitys.,Book ⊑ Manager ⊓ University
Every university reads something that is both a animal and a researcher.,University ⊑ ∃reads.(Animal ⊓ Researcher)
Each city uses a organization.,City ⊑ ∃uses.Organization
Every cat is a vehicle that designs at least one supplier.,Cat ⊑ Vehicle ⊓ ∃designs.Supplier
A software produces exclusively patients.,Software ⊑ ∀produces.Patient
A machine is neither a software nor a student.,Machine ⊑ ¬(Software ⊔ Student)
A dog or a person.,Dog ⊔ Person
Every artist is a university that has child only suppliers.,Artist ⊑ University ⊓ ∀hasChild.Supplier
Every teacher is either a course or a researcher.,Teacher ⊑ Course ⊔ Researcher
Every publication supervises at least one service.,Publication ⊑ ∃supervises.Service
Every organization teaches at least one hardware.,Organization ⊑ ∃teaches.Hardware
Every software is a department.,Software ⊑ Department
Every country manages only things that are either a plant or a school.,Country ⊑ ∀manages.(Plant ⊔ School)
A car is neither a person nor a hardware.,Car ⊑ ¬(Person ⊔ Hardware)
A hardware teaches exclusively books.,Hardware ⊑ ∀teaches.Book
Every movie is either a building or a animal.,Movie ⊑ Building ⊔ Animal
"If a city designs anything, it must be a engineer.",City ⊑ ∀designs.Engineer
Anything that knows a patient.,∃knows.Patient
A city is something that buys a person.,City ⊑ ∃buys.Person
Every food has child something that is both a person and a employee.,Food ⊑ ∃hasChild.(Person ⊓ Employee)
A teacher and a library.,Teacher ⊓ Library
Every library develops at least one supplier.,Library ⊑ ∃develops.Supplier
Whatever is both a scientist and a plant attends a music.,Scientist ⊓ Plant ⊑ ∃attends.Music
Every plant is a customer.,Plant ⊑ Customer
"If a country buys anything, it must be a device.",Country ⊑ ∀buys.Device
"If a movie buys anything, it must be a organization.",Movie ⊑ ∀buys.Organization
A employee designs exclusively universitys.,Employee ⊑ ∀designs.University
Every music is a researcher.,Music ⊑ Researcher
Nothing that is a invoice is a music.,Invoice ⊑ ¬Music
No artist is a vehicle.,Artist ⊑ ¬Vehicle
Whatever is both a bank and a researcher owns a employee.,Bank ⊓ Researcher ⊑ ∃owns.Employee
All countrys are organizations as well as animals.,Country ⊑ Organization ⊓ Animal
Anything that sells only teachers.,∀sells.Teacher
All orders are movies as well as cats.,Order ⊑ Movie ⊓ Cat
Whatever is both a supplier and a food produces a course.,Supplier ⊓ Food ⊑ ∃produces.Course
All customers are projects.,Customer ⊑ Project
Every scientist is either a plant or a engineer.,Scientist ⊑ Plant ⊔ Engineer
Anything that reads a building also reads a publication.,∃reads.Building ⊑ ∃reads.Publication
A department is neither a researcher nor a scientist.,Department ⊑ ¬(Researcher ⊔ Scientist)
Every artist is either a city or a vehicle.,Artist ⊑ City ⊔ Vehicle
Every organization is a product that is located in only students.,Organization ⊑ Product ⊓ ∀locatedIn.Student
Anything that produces a building.,∃produces.Building
"If a organization knows anything, it must be a library.",Organization ⊑ ∀knows.Library
Anything that likes only scientists.,∀likes.Scientist
Nothing that is a patient is a car.,Patient ⊑ ¬Car
Every doctor is either a person or a hospital.,Doctor ⊑ Person ⊔ Hospital
A cat or a transaction.,Cat ⊔ Transaction
No course is a bank.,Course ⊑ ¬Bank
Every city is a supplier.,City ⊑ Supplier
Nothing that is a doctor is a manager.,Doctor ⊑ ¬Manager
Every service is both a artist and a project.,Service ⊑ Artist ⊓ Project
"If a transaction knows anything, it must be a city.",Transaction ⊑ ∀knows.City
"If a dog likes anything, it must be a account.",Dog ⊑ ∀likes.Account
"If a dog develops anything, it must be a course.",Dog ⊑ ∀develops.Course
Every animal is a course that knows only librarys.,Animal ⊑ Course ⊓ ∀knows.Library
A account cannot be a dog.,Account ⊑ ¬Dog
No university is a dog.,University ⊑ ¬Dog
Anything that teaches only products.,∀teaches.Product
Every artist is either a employee or a school.,Artist ⊑ Employee ⊔ School
All doctors are defined as a animal or a scientist.,Doctor ⊑ Animal ⊔ Scientist
Each service sells a animal.,Service ⊑ ∃sells.Animal
Every vehicle is both a food and a artist.,Vehicle ⊑ Food ⊓ Artist
A project is neither a animal nor a product.,Project ⊑ ¬(Animal ⊔ Product)
Every transaction that buys only organizations is a researcher.,Transaction ⊓ ∀buys.Organization ⊑ Researcher
Every device is located in something that is both a service and a book.,Device ⊑ ∃locatedIn.(Service ⊓ Book)
A scientist or a vehicle.,Scientist ⊔ Vehicle
Every software is both a hospital and a university.,Software ⊑ Hospital ⊓ University
Every school is both a book and a researcher.,School ⊑ Book ⊓ Researcher
A doctor is something that attends a manager.,Doctor ⊑ ∃attends.Manager
Every scientist is both a music and a school.,Scientist ⊑ Music ⊓ School
A teacher is something that uses a university.,Teacher ⊑ ∃uses.University
"If a department knows anything, it must be a hardware.",Department ⊑ ∀knows.Hardware
Every department sells something that is both a building and a software.,Department ⊑ ∃sells.(Building ⊓ Software)
A person and a organization.,Person ⊓ Organization
Nothing that is a dog is a library.,Dog ⊑ ¬Library
Nothing that is a researcher is a product.,Researcher ⊑ ¬Product
A dog is something that likes a movie.,Dog ⊑ ∃likes.Movie
Every car that teaches only buildings is a university.,Car ⊓ ∀teaches.Building ⊑ University
No university is a device.,University ⊑ ¬Device
A library is something that produces a building.,Library ⊑ ∃produces.Building
All doctors are customers as well as hospitals.,Doctor ⊑ Customer ⊓ Hospital
Anything that develops a customer.,∃develops.Customer
Every supplier produces something that is both a machine and a manager.,Supplier ⊑ ∃produces.(Machine ⊓ Manager)
Every publication is both a vehicle and a supplier.,Publication ⊑ Vehicle ⊓ Supplier
Anything that funds only countrys.,∀funds.Country
Every order teaches something that is both a country and a cat.,Order ⊑ ∃teaches.(Country ⊓ Cat)
Anything that delivers only devices.,∀delivers.Device
All researchers are employees.,Researcher ⊑ Employee
"If a cat develops anything, it must be a building.",Cat ⊑ ∀develops.Building
Every software is a car.,Software ⊑ Car
Every account is either a course or a patient.,Account ⊑ Course ⊔ Patient
"If a scientist uses anything, it must be a invoice.",Scientist ⊑ ∀uses.Invoice
A organization or a course.,Organization ⊔ Course
Every company produces at least one university.,Company ⊑ ∃produces.University
A food operates exclusively products.,Food ⊑ ∀operates.Product
Whatever is both a food and a hospital funds a cat.,Food ⊓ Hospital ⊑ ∃funds.Cat
Every device that treats a plant is a school.,Device ⊓ ∃treats.Plant ⊑ School
Every researcher authors only machines.,Researcher ⊑ ∀authors.Machine
A manager cannot be a product.,Manager ⊑ ¬Product
Every software that creates only scientists is a movie.,Software ⊓ ∀creates.Scientist ⊑ Movie
Anything that produces a artist also produces a manager.,∃produces.Artist ⊑ ∃produces.Manager
Every software maintains only books.,Software ⊑ ∀maintains.Book
Anything that has child a product also has child a doctor.,∃hasChild.Product ⊑ ∃hasChild.Doctor
Every animal is either a machine or a school.,Animal ⊑ Machine ⊔ School
Every vehicle is either a patient or a company.,Vehicle ⊑ Patient ⊔ Company
Anything that uses a school.,∃uses.School
Every student is a vehicle that uses at least one school.,Student ⊑ Vehicle ⊓ ∃uses.School
Every researcher is either a order or a software.,Researcher ⊑ Order ⊔ Software
A city operates exclusively engineers.,City ⊑ ∀operates.Engineer
A company is always a cat.,Company ⊑ Cat
Whatever is both a student and a engineer designs a movie.,Student ⊓ Engineer ⊑ ∃designs.Movie
A artist buys exclusively courses.,Artist ⊑ ∀buys.Course
Each device likes a employee.,Device ⊑ ∃likes.Employee
A hardware cannot be a order.,Hardware ⊑ ¬Order
Every artist is both a food and a doctor.,Artist ⊑ Food ⊓ Doctor
Every student is either a university or a software.,Student ⊑ University ⊔ Software
A library cannot be a supplier.,Library ⊑ ¬Supplier
Every researcher that develops only devices is a city.,Researcher ⊓ ∀develops.Device ⊑ City
A person is always a city.,Person ⊑ City
Anything that treats a device also treats a building.,∃treats.Device ⊑ ∃treats.Building
Every dog is a plant that owns at least one researcher.,Dog ⊑ Plant ⊓ ∃owns.Researcher
Every order that teaches only teachers is a device.,Order ⊓ ∀teaches.Teacher ⊑ Device
Every school that manages a dog is a software.,School ⊓ ∃manages.Dog ⊑ Software
Anything that teaches a university also teaches a account.,∃teaches.University ⊑ ∃teaches.Account
A dog or a employee.,Dog ⊔ Employee
A account and a service.,Account ⊓ Service
A cat is always a bank.,Cat ⊑ Bank
A customer and a supplier.,Customer ⊓ Supplier
A vehicle is always a bank.,Vehicle ⊑ Bank
Every scientist that owns only suppliers is a device.,Scientist ⊓ ∀owns.Supplier ⊑ Device
A plant and a city.,Plant ⊓ City
Every person that operates a artist is a cat.,Person ⊓ ∃operates.Artist ⊑ Cat
Every food is either a order or a doctor.,Food ⊑ Order ⊔ Doctor
A product or a movie.,Product ⊔ Movie
Every cat is a customer that develops at least one city.,Cat ⊑ Customer ⊓ ∃develops.City
Anything that knows a department.,∃knows.Department
Every researcher produces something that is both a patient and a customer.,Researcher ⊑ ∃produces.(Patient ⊓ Customer)
Every engineer is both a supplier and a library.,Engineer ⊑ Supplier ⊓ Library
Every publication is a university that sells only citys.,Publication ⊑ University ⊓ ∀sells.City
Anything that authors a service.,∃authors.Service
"If a scientist supervises anything, it must be a invoice.",Scientist ⊑ ∀supervises.Invoice
A person is something that produces a cat.,Person ⊑ ∃produces.Cat
Nothing that is a school is a doctor.,School ⊑ ¬Doctor
All librarys are managers as well as accounts.,Library ⊑ Manager ⊓ Account
A teacher is always a patient.,Teacher ⊑ Patient
Each dog likes a artist.,Dog ⊑ ∃likes.Artist
"If a artist is located in anything, it must be a animal.",Artist ⊑ ∀locatedIn.Animal
All foods are researchers.,Food ⊑ Researcher
Every hardware is a software that treats only persons.,Hardware ⊑ Software ⊓ ∀treats.Person
Anything that treats a person.,∃treats.Person
Anything that treats a vehicle.,∃treats.Vehicle
Anything that funds a university also funds a patient.,∃funds.University ⊑ ∃funds.Patient
All services are librarys as well as companys.,Service ⊑ Library ⊓ Company
Every machine attends only cars.,Machine ⊑ ∀attends.Car
Anything that creates a country.,∃creates.Country
Anything that has child a scientist also has child a artist.,∃hasChild.Scientist ⊑ ∃hasChild.Artist
A department is located in exclusively universitys.,Department ⊑ ∀locatedIn.University
Anything that likes only services.,∀likes.Service
A plant is neither a researcher nor a account.,Plant ⊑ ¬(Researcher ⊔ Account)
Every cat treats only things that are either a software or a service.,Cat ⊑ ∀treats.(Software ⊔ Service)
Anything that is located in a hospital also is located in a researcher.,∃locatedIn.Hospital ⊑ ∃locatedIn.Researcher
Whatever is both a book and a student reads a music.,Book ⊓ Student ⊑ ∃reads.Music
Every hardware supervises something that is both a researcher and a patient.,Hardware ⊑ ∃supervises.(Researcher ⊓ Patient)
Every company attends only things that are either a transaction or a teacher.,Company ⊑ ∀attends.(Transaction ⊔ Teacher)
A vehicle or a machine.,Vehicle ⊔ Machine
Whatever is both a manager and a university attends a hospital.,Manager ⊓ University ⊑ ∃attends.Hospital
"If a building designs anything, it must be a product.",Building ⊑ ∀designs.Product
All transactions are defined as a university or a car.,Transaction ⊑ University ⊔ Car
A supplier and a organization.,Supplier ⊓ Organization
Every country is a patient.,Country ⊑ Patient
Every scientist is a person.,Scientist ⊑ Person
All artists are defined as a book or a university.,Artist ⊑ Book ⊔ University
Every department is a software.,Department ⊑ Software
A plant cannot be a country.,Plant ⊑ ¬Country
All courses are managers as well as musics.,Course ⊑ Manager ⊓ Music
Whatever is both a doctor and a engineer designs a teacher.,Doctor ⊓ Engineer ⊑ ∃designs.Teacher
Every plant is a product that treats at least one service.,Plant ⊑ Product ⊓ ∃treats.Service
Every company is a manager.,Company ⊑ Manager
Every bank that delivers a hospital is a machine.,Bank ⊓ ∃delivers.Hospital ⊑ Machine
All vehicles are patients as well as devices.,Vehicle ⊑ Patient ⊓ Device
All hardwares are foods as well as citys.,Hardware ⊑ Food ⊓ City
Anything that treats only patients.,∀treats.Patient
A company cannot be a software.,Company ⊑ ¬Software
A transaction treats exclusively hardwares.,Transaction ⊑ ∀treats.Hardware
Every customer that reads only countrys is a device.,Customer ⊓ ∀reads.Country ⊑ Device
A department and a food.,Department ⊓ Food
Every animal produces only things that are either a project or a department.,Animal ⊑ ∀produces.(Project ⊔ Department)
A department and a invoice.,Department ⊓ Invoice
"If a engineer attends anything, it must be a employee.",Engineer ⊑ ∀attends.Employee
A customer or a school.,Customer ⊔ School
Every customer that sells a vehicle is a employee.,Customer ⊓ ∃sells.Vehicle ⊑ Employee
Every project is a software.,Project ⊑ Software
Every music that treats a course is a employee.,Music ⊓ ∃treats.Course ⊑ Employee
A teacher is neither a scientist nor a cat.,Teacher ⊑ ¬(Scientist ⊔ Cat)
Every invoice works for at least one transaction.,Invoice ⊑ ∃worksFor.Transaction
A food operates exclusively books.,Food ⊑ ∀operates.Book
A student buys exclusively persons.,Student ⊑ ∀buys.Person
Anything that teaches a dog.,∃teaches.Dog
No hospital is a city.,Hospital ⊑ ¬City
Every device buys something that is both a person and a student.,Device ⊑ ∃buys.(Person ⊓ Student)
A engineer and a service.,Engineer ⊓ Service
A teacher is neither a music nor a product.,Teacher ⊑ ¬(Music ⊔ Product)
Nothing that is a doctor is a patient.,Doctor ⊑ ¬Patient
Every customer designs only things that are either a device or a teacher.,Customer ⊑ ∀designs.(Device ⊔ Teacher)
Every building supervises only managers.,Building ⊑ ∀supervises.Manager
Anything that has child a department.,∃hasChild.Department
Every country is located in something that is both a dog and a account.,Country ⊑ ∃locatedIn.(Dog ⊓ Account)
Every invoice that manages only researchers is a hospital.,Invoice ⊓ ∀manages.Researcher ⊑ Hospital
A course sells exclusively hardwares.,Course ⊑ ∀sells.Hardware
Every person produces only things that are either a service or a country.,Person ⊑ ∀produces.(Service ⊔ Country)
Every project is both a invoice and a employee.,Project ⊑ Invoice ⊓ Employee
A animal is neither a organization nor a publication.,Animal ⊑ ¬(Organization ⊔ Publication)
All musics are defined as a project or a doctor.,Music ⊑ Project ⊔ Doctor
Every project is a cat.,Project ⊑ Cat
A company designs exclusively doctors.,Company ⊑ ∀designs.Doctor
Every transaction is a student that is located in only machines.,Transaction ⊑ Student ⊓ ∀locatedIn.Machine
A product or a building.,Product ⊔ Building
Anything that authors only vehicles.,∀authors.Vehicle
A music is something that likes a artist.,Music ⊑ ∃likes.Artist
No car is a publication.,Car ⊑ ¬Publication
A music is always a service.,Music ⊑ Service
Every hardware that treats only students is a library.,Hardware ⊓ ∀treats.Student ⊑ Library
All machines are plants as well as banks.,Machine ⊑ Plant ⊓ Bank
All teachers are defined as a researcher or a customer.,Teacher ⊑ Researcher ⊔ Customer
No patient is a device.,Patient ⊑ ¬Device
Every doctor is either a software or a machine.,Doctor ⊑ Software ⊔ Machine
Every order delivers something that is both a software and a supplier.,Order ⊑ ∃delivers.(Software ⊓ Supplier)
A transaction or a scientist.,Transaction ⊔ Scientist
All orders are buildings as well as hardwares.,Order ⊑ Building ⊓ Hardware
Every invoice is a publication that buys only vehicles.,Invoice ⊑ Publication ⊓ ∀buys.Vehicle
Every employee uses at least one person.,Employee ⊑ ∃uses.Person
All countrys are animals as well as services.,Country ⊑ Animal ⊓ Service
Every car operates only products.,Car ⊑ ∀operates.Product
A engineer or a device.,Engineer ⊔ Device
A animal is something that supervises a teacher.,Animal ⊑ ∃supervises.Teacher
A transaction supervises exclusively schools.,Transaction ⊑ ∀supervises.School
Anything that attends only artists.,∀attends.Artist
Every dog operates something that is both a car and a company.,Dog ⊑ ∃operates.(Car ⊓ Company)
All companys are universitys as well as orders.,Company ⊑ University ⊓ Order
All universitys are courses.,University ⊑ Course
A school is located in exclusively invoices.,School ⊑ ∀locatedIn.Invoice
A department is something that has child a project.,Department ⊑ ∃hasChild.Project
Nothing that is a manager is a course.,Manager ⊑ ¬Course
Every hospital that has child only librarys is a project.,Hospital ⊓ ∀hasChild.Library ⊑ Project
All vehicles are defined as a cat or a person.,Vehicle ⊑ Cat ⊔ Person
Every employee is a student.,Employee ⊑ Student
Every city supervises at least one organization.,City ⊑ ∃supervises.Organization
Each city maintains a machine.,City ⊑ ∃maintains.Machine
Every person is a school.,Person ⊑ School
A researcher is always a country.,Researcher ⊑ Country
Every machine is a doctor.,Machine ⊑ Doctor
A artist is neither a project nor a city.,Artist ⊑ ¬(Project ⊔ City)
Every hospital is a book that designs only services.,Hospital ⊑ Book ⊓ ∀designs.Service
Every machine develops only things that are either a library or a software.,Machine ⊑ ∀develops.(Library ⊔ Software)
Every service that teaches only accounts is a engineer.,Service ⊓ ∀teaches.Account ⊑ Engineer
A software or a doctor.,Software ⊔ Doctor
Anything that teaches a customer.,∃teaches.Customer
All students are scientists.,Student ⊑ Scientist
All citys are librarys as well as cars.,City ⊑ Library ⊓ Car
A patient is always a school.,Patient ⊑ School
A movie is always a scientist.,Movie ⊑ Scientist
All cats are defined as a bank or a country.,Cat ⊑ Bank ⊔ Country
A device cannot be a animal.,Device ⊑ ¬Animal
A artist and a country.,Artist ⊓ Country
A food is always a vehicle.,Food ⊑ Vehicle
All products are invoices as well as students.,Product ⊑ Invoice ⊓ Student
Every device produces at least one scientist.,Device ⊑ ∃produces.Scientist
A account reads exclusively companys.,Account ⊑ ∀reads.Company
Each project manages a account.,Project ⊑ ∃manages.Account
All hardwares are publications.,Hardware ⊑ Publication
Every student that operates only publications is a account.,Student ⊓ ∀operates.Publication ⊑ Account
A bank is always a university.,Bank ⊑ University
Every car is a university that maintains at least one product.,Car ⊑ University ⊓ ∃maintains.Product
A organization is neither a person nor a project.,Organization ⊑ ¬(Person ⊔ Project)
A teacher cannot be a school.,Teacher ⊑ ¬School
Whatever is both a manager and a hospital delivers a country.,Manager ⊓ Hospital ⊑ ∃delivers.Country
Every car is either a publication or a service.,Car ⊑ Publication ⊔ Service
Every book is a invoice that authors at least one animal.,Book ⊑ Invoice ⊓ ∃authors.Animal
Every student is both a plant and a service.,Student ⊑ Plant ⊓ Service
A doctor or a course.,Doctor ⊔ Course
A hardware is neither a publication nor a bank.,Hardware ⊑ ¬(Publication ⊔ Bank)
No hardware is a researcher.,Hardware ⊑ ¬Researcher
A artist is always a department.,Artist ⊑ Department
A student supervises exclusively organizations.,Student ⊑ ∀supervises.Organization
No teacher is a employee.,Teacher ⊑ ¬Employee
Nothing that is a car is a employee.,Car ⊑ ¬Employee
A student is something that treats a employee.,Student ⊑ ∃treats.Employee
"If a city buys anything, it must be a school.",City ⊑ ∀buys.School
A student is always a doctor.,Student ⊑ Doctor
Nothing that is a book is a publication.,Book ⊑ ¬Publication
Every order is a manager that works for at least one plant.,Order ⊑ Manager ⊓ ∃worksFor.Plant
A student cannot be a music.,Student ⊑ ¬Music
Every food that designs a person is a hospital.,Food ⊓ ∃designs.Person ⊑ Hospital
A order is something that designs a dog.,Order ⊑ ∃designs.Dog
A country is neither a animal nor a customer.,Country ⊑ ¬(Animal ⊔ Customer)
All animals are musics.,Animal ⊑ Music
Each invoice produces a car.,Invoice ⊑ ∃produces.Car
Every student works for at least one patient.,Student ⊑ ∃worksFor.Patient
Every food is either a city or a person.,Food ⊑ City ⊔ Person
Every artist that produces only vehicles is a transaction.,Artist ⊓ ∀produces.Vehicle ⊑ Transaction
Anything that knows a country.,∃knows.Country
"If a invoice reads anything, it must be a doctor.",Invoice ⊑ ∀reads.Doctor
"If a course designs anything, it must be a dog.",Course ⊑ ∀designs.Dog
Every publication is a service that authors only movies.,Publication ⊑ Service ⊓ ∀authors.Movie
Every product supervises at least one person.,Product ⊑ ∃supervises.Person
Anything that knows a invoice also knows a account.,∃knows.Invoice ⊑ ∃knows.Account
Every supplier that is located in a project is a publication.,Supplier ⊓ ∃locatedIn.Project ⊑ Publication
A engineer is always a product.,Engineer ⊑ Product
Each university produces a company.,University ⊑ ∃produces.Company
Anything that authors a doctor.,∃authors.Doctor
A employee knows exclusively artists.,Employee ⊑ ∀knows.Artist
Every teacher is a invoice.,Teacher ⊑ Invoice
A university or a device.,University ⊔ Device
A publication cannot be a city.,Publication ⊑ ¬City
Every vehicle produces something that is both a animal and a employee.,Vehicle ⊑ ∃produces.(Animal ⊓ Employee)
Every invoice that treats only customers is a hardware.,Invoice ⊓ ∀treats.Customer ⊑ Hardware
No project is a doctor.,Project ⊑ ¬Doctor
A country is something that authors a scientist.,Country ⊑ ∃authors.Scientist
All departments are defined as a country or a device.,Department ⊑ Country ⊔ Device
Every movie produces at least one bank.,Movie ⊑ ∃produces.Bank
Every doctor is a researcher that creates at least one patient.,Doctor ⊑ Researcher ⊓ ∃creates.Patient
Every engineer that operates a hospital is a book.,Engineer ⊓ ∃operates.Hospital ⊑ Book
"If a doctor buys anything, it must be a school.",Doctor ⊑ ∀buys.School
Every order is both a person and a movie.,Order ⊑ Person ⊓ Movie
A car or a cat.,Car ⊔ Cat
Every organization designs something that is both a university and a department.,Organization ⊑ ∃designs.(University ⊓ Department)
A school is always a company.,School ⊑ Company
"If a student has child anything, it must be a supplier.",Student ⊑ ∀hasChild.Supplier
All departments are defined as a patient or a teacher.,Department ⊑ Patient ⊔ Teacher
Nothing that is a food is a animal.,Food ⊑ ¬Animal
Every company that authors only doctors is a transaction.,Company ⊓ ∀authors.Doctor ⊑ Transaction
Every account is both a student and a researcher.,Account ⊑ Student ⊓ Researcher
All animals are engineers.,Animal ⊑ Engineer
Every city is a hospital.,City ⊑ Hospital
Every transaction that supervises a music is a university.,Transaction ⊓ ∃supervises.Music ⊑ University
All employees are books.,Employee ⊑ Book
Every book that buys a patient is a scientist.,Book ⊓ ∃buys.Patient ⊑ Scientist
"If a machine teaches anything, it must be a engineer.",Machine ⊑ ∀teaches.Engineer
A doctor is always a company.,Doctor ⊑ Company
No bank is a hospital.,Bank ⊑ ¬Hospital
Every service reads only things that are either a music or a hardware.,Service ⊑ ∀reads.(Music ⊔ Hardware)
All patients are artists.,Patient ⊑ Artist
A plant is neither a library nor a account.,Plant ⊑ ¬(Library ⊔ Account)
A employee is neither a transaction nor a university.,Employee ⊑ ¬(Transaction ⊔ University)
Each school has child a cat.,School ⊑ ∃hasChild.Cat
Every researcher is a manager that buys at least one vehicle.,Researcher ⊑ Manager ⊓ ∃buys.Vehicle
Every school is either a car or a cat.,School ⊑ Car ⊔ Cat
Every researcher that authors a student is a building.,Researcher ⊓ ∃authors.Student ⊑ Building
"If a school uses anything, it must be a library.",School ⊑ ∀uses.Library
Every person that buys only buildings is a publication.,Person ⊓ ∀buys.Building ⊑ Publication
Anything that buys only accounts.,∀buys.Account
No invoice is a patient.,Invoice ⊑ ¬Patient
Anything that creates a publication.,∃creates.Publication
Anything that is located in only artists.,∀locatedIn.Artist
Anything that attends a researcher.,∃attends.Researcher
Whatever is both a invoice and a hardware has child a patient.,Invoice ⊓ Hardware ⊑ ∃hasChild.Patient
Nothing that is a organization is a hardware.,Organization ⊑ ¬Hardware
Every account that knows only hardwares is a food.,Account ⊓ ∀knows.Hardware ⊑ Food
Each university authors a teacher.,University ⊑ ∃authors.Teacher
Every country is a movie that attends at least one organization.,Country ⊑ Movie ⊓ ∃attends.Organization
Every publication authors something that is both a vehicle and a supplier.,Publication ⊑ ∃authors.(Vehicle ⊓ Supplier)
Nothing that is a researcher is a supplier.,Researcher ⊑ ¬Supplier
Every customer supervises something that is both a scientist and a movie.,Customer ⊑ ∃supervises.(Scientist ⊓ Movie)
"If a plant supervises anything, it must be a service.",Plant ⊑ ∀supervises.Service
Every building is a student that buys only customers.,Building ⊑ Student ⊓ ∀buys.Customer
Every library is a plant that reads only managers.,Library ⊑ Plant ⊓ ∀reads.Manager
Anything that develops only researchers.,∀develops.Researcher
Anything that works for a food also works for a bank.,∃worksFor.Food ⊑ ∃worksFor.Bank
Every invoice is either a employee or a researcher.,Invoice ⊑ Employee ⊔ Researcher
Every project has child only things that are either a customer or a manager.,Project ⊑ ∀hasChild.(Customer ⊔ Manager)
Anything that knows a vehicle.,∃knows.Vehicle
All musics are schools.,Music ⊑ School
A vehicle or a bank.,Vehicle ⊔ Bank
"If a car produces anything, it must be a device.",Car ⊑ ∀produces.Device
"If a organization owns anything, it must be a university.",Organization ⊑ ∀owns.University
Every person is a animal.,Person ⊑ Animal
A scientist is something that likes a manager.,Scientist ⊑ ∃likes.Manager
Anything that manages a car also manages a teacher.,∃manages.Car ⊑ ∃manages.Teacher
All buildings are defined as a manager or a customer.,Building ⊑ Manager ⊔ Customer
All customers are defined as a account or a hardware.,Customer ⊑ Account ⊔ Hardware
A supplier or a account.,Supplier ⊔ Account
Every engineer is a cat that produces only cars.,Engineer ⊑ Cat ⊓ ∀produces.Car
"If a doctor has child anything, it must be a person.",Doctor ⊑ ∀hasChild.Person
Every researcher reads only things that are either a company or a hospital.,Researcher ⊑ ∀reads.(Company ⊔ Hospital)
All universitys are projects as well as hospitals.,University ⊑ Project ⊓ Hospital
Every order sells something that is both a researcher and a dog.,Order ⊑ ∃sells.(Researcher ⊓ Dog)
Every dog is both a hardware and a cat.,Dog ⊑ Hardware ⊓ Cat
A researcher is neither a publication nor a software.,Researcher ⊑ ¬(Publication ⊔ Software)
Whatever is both a product and a hospital manages a cat.,Product ⊓ Hospital ⊑ ∃manages.Cat
A car cannot be a machine.,Car ⊑ ¬Machine
All artists are projects as well as customers.,Artist ⊑ Project ⊓ Customer
A movie is neither a scientist nor a service.,Movie ⊑ ¬(Scientist ⊔ Service)
Every student is both a transaction and a customer.,Student ⊑ Transaction ⊓ Customer
A organization or a order.,Organization ⊔ Order
A service is something that knows a project.,Service ⊑ ∃knows.Project
A product is always a patient.,Product ⊑ Patient
A employee and a university.,Employee ⊓ University
All musics are defined as a customer or a country.,Music ⊑ Customer ⊔ Country
"If a music creates anything, it must be a car.",Music ⊑ ∀creates.Car
Every employee that sells only vehicles is a patient.,Employee ⊓ ∀sells.Vehicle ⊑ Patient
Every school is either a animal or a car.,School ⊑ Animal ⊔ Car
A department is neither a product nor a organization.,Department ⊑ ¬(Product ⊔ Organization)
Every animal delivers only things that are either a university or a dog.,Animal ⊑ ∀delivers.(University ⊔ Dog)
Each movie teaches a department.,Movie ⊑ ∃teaches.Department
Nothing that is a device is a department.,Device ⊑ ¬Department
A supplier is neither a library nor a school.,Supplier ⊑ ¬(Library ⊔ School)
A product cannot be a department.,Product ⊑ ¬Department
Every animal reads only things that are either a teacher or a product.,Animal ⊑ ∀reads.(Teacher ⊔ Product)
A country is something that buys a publication.,Country ⊑ ∃buys.Publication
Every customer is a library that treats at least one vehicle.,Customer ⊑ Library ⊓ ∃treats.Vehicle
A transaction and a hardware.,Transaction ⊓ Hardware
A bank is something that maintains a publication.,Bank ⊑ ∃maintains.Publication
A vehicle cannot be a school.,Vehicle ⊑ ¬School
Every building reads only scientists.,Building ⊑ ∀reads.Scientist
Whatever is both a movie and a bank is located in a student.,Movie ⊓ Bank ⊑ ∃locatedIn.Student
Every school creates only suppliers.,School ⊑ ∀creates.Supplier
Every bank is both a department and a employee.,Bank ⊑ Department ⊓ Employee
A food is neither a city nor a country.,Food ⊑ ¬(City ⊔ Country)
All schools are defined as a student or a library.,School ⊑ Student ⊔ Library
A project is neither a building nor a book.,Project ⊑ ¬(Building ⊔ Book)
A doctor is something that buys a dog.,Doctor ⊑ ∃buys.Dog
A country is something that attends a person.,Country ⊑ ∃attends.Person
Every music is a dog that buys only invoices.,Music ⊑ Dog ⊓ ∀buys.Invoice
All buildings are universitys.,Building ⊑ University
Anything that is located in a cat.,∃locatedIn.Cat
Nothing that is a order is a manager.,Order ⊑ ¬Manager
Anything that is located in a student also is located in a city.,∃locatedIn.Student ⊑ ∃locatedIn.City
A department cannot be a building.,Department ⊑ ¬Building
Every publication that attends only services is a transaction.,Publication ⊓ ∀attends.Service ⊑ Transaction
Every project is a building that manages at least one patient.,Project ⊑ Building ⊓ ∃manages.Patient
A manager is neither a service nor a food.,Manager ⊑ ¬(Service ⊔ Food)
Whatever is both a hospital and a order manages a scientist.,Hospital ⊓ Order ⊑ ∃manages.Scientist
A organization is neither a course nor a engineer.,Organization ⊑ ¬(Course ⊔ Engineer)
All companys are defined as a researcher or a organization.,Company ⊑ Researcher ⊔ Organization
Every device teaches at least one hardware.,Device ⊑ ∃teaches.Hardware
All orders are defined as a department or a patient.,Order ⊑ Department ⊔ Patient
Every department is a invoice.,Department ⊑ Invoice
Every patient is a company.,Patient ⊑ Company
Every company teaches at least one hospital.,Company ⊑ ∃teaches.Hospital
A software is something that buys a student.,Software ⊑ ∃buys.Student
Each student supervises a vehicle.,Student ⊑ ∃supervises.Vehicle
A product and a teacher.,Product ⊓ Teacher
Every teacher is a organization.,Teacher ⊑ Organization
All devices are companys as well as customers.,Device ⊑ Company ⊓ Customer
Anything that develops a researcher also develops a product.,∃develops.Researcher ⊑ ∃develops.Product
All citys are products as well as orders.,City ⊑ Product ⊓ Order
Every supplier that teaches only dogs is a country.,Supplier ⊓ ∀teaches.Dog ⊑ Country
Every hardware delivers only things that are either a dog or a patient.,Hardware ⊑ ∀delivers.(Dog ⊔ Patient)
Anything that buys only scientists.,∀buys.Scientist
Every course that operates a hospital is a department.,Course ⊓ ∃operates.Hospital ⊑ Department
Anything that manages a doctor also manages a course.,∃manages.Doctor ⊑ ∃manages.Course
Every customer funds only things that are either a car or a plant.,Customer ⊑ ∀funds.(Car ⊔ Plant)
A order cannot be a account.,Order ⊑ ¬Account
Every music buys at least one cat.,Music ⊑ ∃buys.Cat
Anything that produces a course also produces a hardware.,∃produces.Course ⊑ ∃produces.Hardware
All hospitals are defined as a vehicle or a machine.,Hospital ⊑ Vehicle ⊔ Machine
Anything that has child only machines.,∀hasChild.Machine
Each transaction operates a person.,Transaction ⊑ ∃operates.Person
A animal is something that designs a person.,Animal ⊑ ∃designs.Person
Anything that authors a invoice.,∃authors.Invoice
All softwares are persons.,Software ⊑ Person
No device is a course.,Device ⊑ ¬Course
Nothing that is a department is a manager.,Department ⊑ ¬Manager
Whatever is both a city and a engineer is located in a teacher.,City ⊓ Engineer ⊑ ∃locatedIn.Teacher
All teachers are softwares as well as devices.,Teacher ⊑ Software ⊓ Device
Every plant is both a department and a course.,Plant ⊑ Department ⊓ Course
Every person is both a vehicle and a department.,Person ⊑ Vehicle ⊓ Department
Every teacher is both a plant and a manager.,Teacher ⊑ Plant ⊓ Manager
Every food knows something that is both a music and a cat.,Food ⊑ ∃knows.(Music ⊓ Cat)
Anything that designs a employee also designs a researcher.,∃designs.Employee ⊑ ∃designs.Researcher
Every account is both a cat and a organization.,Account ⊑ Cat ⊓ Organization
Whatever is both a teacher and a car develops a supplier.,Teacher ⊓ Car ⊑ ∃develops.Supplier
Every hardware attends only organizations.,Hardware ⊑ ∀attends.Organization
Anything that develops a city also develops a supplier.,∃develops.City ⊑ ∃develops.Supplier
A publication is something that has child a person.,Publication ⊑ ∃hasChild.Person
All musics are defined as a device or a software.,Music ⊑ Device ⊔ Software
No publication is a company.,Publication ⊑ ¬Company
Whatever is both a machine and a employee likes a product.,Machine ⊓ Employee ⊑ ∃likes.Product
A scientist is neither a supplier nor a dog.,Scientist ⊑ ¬(Supplier ⊔ Dog)
A city cannot be a hospital.,City ⊑ ¬Hospital
A building is always a service.,Building ⊑ Service
All managers are defined as a company or a course.,Manager ⊑ Company ⊔ Course
Every department funds at least one scientist.,Department ⊑ ∃funds.Scientist
A device is always a vehicle.,Device ⊑ Vehicle
Every product owns at least one manager.,Product ⊑ ∃owns.Manager
No building is a food.,Building ⊑ ¬Food
Every publication sells at least one order.,Publication ⊑ ∃sells.Order
Every university is either a project or a movie.,University ⊑ Project ⊔ Movie
Every country treats at least one customer.,Country ⊑ ∃treats.Customer
Every student that manages a engineer is a order.,Student ⊓ ∃manages.Engineer ⊑ Order
Each car develops a student.,Car ⊑ ∃develops.Student
A course is located in exclusively movies.,Course ⊑ ∀locatedIn.Movie
Every employee is either a publication or a company.,Employee ⊑ Publication ⊔ Company
Nothing that is a account is a patient.,Account ⊑ ¬Patient
Every car that has child a cat is a plant.,Car ⊓ ∃hasChild.Cat ⊑ Plant
A publication is neither a patient nor a machine.,Publication ⊑ ¬(Patient ⊔ Machine)
No animal is a city.,Animal ⊑ ¬City
Every product buys only hospitals.,Product ⊑ ∀buys.Hospital
Every publication is a country that maintains at least one service.,Publication ⊑ Country ⊓ ∃maintains.Service
A food cannot be a bank.,Food ⊑ ¬Bank
A doctor cannot be a university.,Doctor ⊑ ¬University
Every country that likes a artist is a library.,Country ⊓ ∃likes.Artist ⊑ Library
Every software that authors a researcher is a machine.,Software ⊓ ∃authors.Researcher ⊑ Machine
Every person that sells only animals is a software.,Person ⊓ ∀sells.Animal ⊑ Software
Anything that funds a order.,∃funds.Order
Every device owns at least one book.,Device ⊑ ∃owns.Book
A course is neither a machine nor a hardware.,Course ⊑ ¬(Machine ⊔ Hardware)
All engineers are defined as a patient or a plant.,Engineer ⊑ Patient ⊔ Plant
Nothing that is a cat is a service.,Cat ⊑ ¬Service
Every organization is a order that teaches only companys.,Organization ⊑ Order ⊓ ∀teaches.Company
Whatever is both a school and a cat uses a artist.,School ⊓ Cat ⊑ ∃uses.Artist
Every plant designs something that is both a school and a book.,Plant ⊑ ∃designs.(School ⊓ Book)
"If a course reads anything, it must be a dog.",Course ⊑ ∀reads.Dog
Every building that authors a publication is a supplier.,Building ⊓ ∃authors.Publication ⊑ Supplier
Every university is a company.,University ⊑ Company
A movie cannot be a machine.,Movie ⊑ ¬Machine
A vehicle or a artist.,Vehicle ⊔ Artist
All suppliers are defined as a doctor or a machine.,Supplier ⊑ Doctor ⊔ Machine
"If a course has child anything, it must be a department.",Course ⊑ ∀hasChild.Department
A patient is neither a software nor a department.,Patient ⊑ ¬(Software ⊔ Department)
Every movie that authors only artists is a supplier.,Movie ⊓ ∀authors.Artist ⊑ Supplier
A animal is neither a product nor a department.,Animal ⊑ ¬(Product ⊔ Department)
A book is something that authors a machine.,Book ⊑ ∃authors.Machine
Every person is a doctor that authors at least one course.,Person ⊑ Doctor ⊓ ∃authors.Course
Every organization is both a company and a doctor.,Organization ⊑ Company ⊓ Doctor
A department has child exclusively scientists.,Department ⊑ ∀hasChild.Scientist
Anything that supervises only musics.,∀supervises.Music
Nothing that is a bank is a product.,Bank ⊑ ¬Product
A supplier is something that likes a person.,Supplier ⊑ ∃likes.Person
Every employee reads only things that are either a machine or a food.,Employee ⊑ ∀reads.(Machine ⊔ Food)
A department and a manager.,Department ⊓ Manager
Every teacher is a student that owns at least one account.,Teacher ⊑ Student ⊓ ∃owns.Account
Anything that develops only employees.,∀develops.Employee
Every book is both a city and a food.,Book ⊑ City ⊓ Food
Anything that produces only publications.,∀produces.Publication
Every service owns only things that are either a doctor or a machine.,Service ⊑ ∀owns.(Doctor ⊔ Machine)
Every person reads at least one bank.,Person ⊑ ∃reads.Bank
Every school is a project.,School ⊑ Project
Every teacher is a dog that is located in only suppliers.,Teacher ⊑ Dog ⊓ ∀locatedIn.Supplier
Every researcher teaches at least one library.,Researcher ⊑ ∃teaches.Library
Anything that produces a publication.,∃produces.Publication
A account and a school.,Account ⊓ School
Every device is a dog.,Device ⊑ Dog
Nothing that is a book is a company.,Book ⊑ ¬Company
Each order owns a movie.,Order ⊑ ∃owns.Movie
Every researcher is a vehicle that reads only books.,Researcher ⊑ Vehicle ⊓ ∀reads.Book
No person is a music.,Person ⊑ ¬Music
A book cannot be a account.,Book ⊑ ¬Account
All researchers are defined as a company or a organization.,Researcher ⊑ Company ⊔ Organization
A service and a department.,Service ⊓ Department
Whatever is both a customer and a school sells a food.,Customer ⊓ School ⊑ ∃sells.Food
Every country authors something that is both a scientist and a organization.,Country ⊑ ∃authors.(Scientist ⊓ Organization)
Anything that works for only companys.,∀worksFor.Company
Anything that uses a cat.,∃uses.Cat
"If a product sells anything, it must be a student.",Product ⊑ ∀sells.Student
A bank or a department.,Bank ⊔ Department
A hardware or a car.,Hardware ⊔ Car
All hospitals are companys as well as managers.,Hospital ⊑ Company ⊓ Manager
Every order is both a company and a plant.,Order ⊑ Company ⊓ Plant
Every book develops something that is both a university and a customer.,Book ⊑ ∃develops.(University ⊓ Customer)
All persons are products as well as devices.,Person ⊑ Product ⊓ Device
All foods are defined as a organization or a software.,Food ⊑ Organization ⊔ Software
Every invoice is both a customer and a publication.,Invoice ⊑ Customer ⊓ Publication
A teacher buys exclusively companys.,Teacher ⊑ ∀buys.Company
Nothing that is a book is a school.,Book ⊑ ¬School
Every company that has child a manager is a music.,Company ⊓ ∃hasChild.Manager ⊑ Music
Anything that sells a cat also sells a artist.,∃sells.Cat ⊑ ∃sells.Artist
Every company that supervises only departments is a doctor.,Company ⊓ ∀supervises.Department ⊑ Doctor
Every company that develops only citys is a dog.,Company ⊓ ∀develops.City ⊑ Dog
Anything that owns only teachers.,∀owns.Teacher
A employee is something that funds a animal.,Employee ⊑ ∃funds.Animal
Every invoice is a patient that owns at least one organization.,Invoice ⊑ Patient ⊓ ∃owns.Organization
Each university is located in a school.,University ⊑ ∃locatedIn.School
A service and a employee.,Service ⊓ Employee
Every doctor funds at least one software.,Doctor ⊑ ∃funds.Software
Anything that reads a plant also reads a invoice.,∃reads.Plant ⊑ ∃reads.Invoice
Anything that supervises a service also supervises a publication.,∃supervises.Service ⊑ ∃supervises.Publication
A car is neither a supplier nor a hardware.,Car ⊑ ¬(Supplier ⊔ Hardware)
All banks are defined as a movie or a animal.,Bank ⊑ Movie ⊔ Animal
Every food develops only schools.,Food ⊑ ∀develops.School
All employees are projects.,Employee ⊑ Project
Every course that has child a device is a researcher.,Course ⊓ ∃hasChild.Device ⊑ Researcher
A school is neither a animal nor a cat.,School ⊑ ¬(Animal ⊔ Cat)
Every service that supervises a music is a hardware.,Service ⊓ ∃supervises.Music ⊑ Hardware
Every organization is a city.,Organization ⊑ City
A order is neither a teacher nor a cat.,Order ⊑ ¬(Teacher ⊔ Cat)
Every product is both a account and a city.,Product ⊑ Account ⊓ City
A machine is something that attends a university.,Machine ⊑ ∃attends.University
Every supplier is a building.,Supplier ⊑ Building
Every vehicle is a student that sells only suppliers.,Vehicle ⊑ Student ⊓ ∀sells.Supplier
Every researcher that authors a hardware is a publication.,Researcher ⊓ ∃authors.Hardware ⊑ Publication
Every department that develops only invoices is a building.,Department ⊓ ∀develops.Invoice ⊑ Building
Every company is a doctor that has child at least one engineer.,Company ⊑ Doctor ⊓ ∃hasChild.Engineer
A university is neither a product nor a music.,University ⊑ ¬(Product ⊔ Music)
A cat is something that likes a vehicle.,Cat ⊑ ∃likes.Vehicle
Every scientist is a teacher that sells only customers.,Scientist ⊑ Teacher ⊓ ∀sells.Customer
A vehicle is neither a device nor a invoice.,Vehicle ⊑ ¬(Device ⊔ Invoice)
A library or a course.,Library ⊔ Course
Every engineer that supervises a university is a building.,Engineer ⊓ ∃supervises.University ⊑ Building
Every dog is a artist.,Dog ⊑ Artist
Every animal is a device that treats at least one publication.,Animal ⊑ Device ⊓ ∃treats.Publication
Every researcher teaches only things that are either a bank or a service.,Researcher ⊑ ∀teaches.(Bank ⊔ Service)
All orders are musics as well as hardwares.,Order ⊑ Music ⊓ Hardware
A manager is neither a software nor a supplier.,Manager ⊑ ¬(Software ⊔ Supplier)
Every product that supervises only students is a invoice.,Product ⊓ ∀supervises.Student ⊑ Invoice
A department and a employee.,Department ⊓ Employee
A course is neither a device nor a library.,Course ⊑ ¬(Device ⊔ Library)
Anything that uses a machine.,∃uses.Machine
Every engineer develops only things that are either a doctor or a library.,Engineer ⊑ ∀develops.(Doctor ⊔ Library)
Every software manages only things that are either a course or a hospital.,Software ⊑ ∀manages.(Course ⊔ Hospital)
"If a project likes anything, it must be a invoice.",Project ⊑ ∀likes.Invoice
Whatever is both a vehicle and a car works for a service.,Vehicle ⊓ Car ⊑ ∃worksFor.Service
Each person produces a software.,Person ⊑ ∃produces.Software
Anything that develops only courses.,∀develops.Course
A course or a student.,Course ⊔ Student
Every machine that creates a software is a library.,Machine ⊓ ∃creates.Software ⊑ Library
Every city is both a doctor and a library.,City ⊑ Doctor ⊓ Library
A library or a artist.,Library ⊔ Artist
Every researcher is a organization.,Researcher ⊑ Organization
Anything that supervises only products.,∀supervises.Product
Anything that likes only managers.,∀likes.Manager
Every software has child only things that are either a product or a book.,Software ⊑ ∀hasChild.(Product ⊔ Book)
All schools are defined as a country or a scientist.,School ⊑ Country ⊔ Scientist
All universitys are cars as well as hardwares.,University ⊑ Car ⊓ Hardware
A company is neither a movie nor a city.,Company ⊑ ¬(Movie ⊔ City)
Every project that designs a bank is a library.,Project ⊓ ∃designs.Bank ⊑ Library
A service is always a transaction.,Service ⊑ Transaction
A building is something that supervises a university.,Building ⊑ ∃supervises.University
Every customer is a music that creates at least one company.,Customer ⊑ Music ⊓ ∃creates.Company
Every cat is both a library and a researcher.,Cat ⊑ Library ⊓ Researcher
Every machine supervises only employees.,Machine ⊑ ∀supervises.Employee
Every country is a machine that creates at least one transaction.,Country ⊑ Machine ⊓ ∃creates.Transaction
A music cannot be a university.,Music ⊑ ¬University
Every book is a product.,Book ⊑ Product
Anything that reads a scientist.,∃reads.Scientist
Every animal is a teacher that teaches at least one product.,Animal ⊑ Teacher ⊓ ∃teaches.Product
A student and a university.,Student ⊓ University
All schools are artists.,School ⊑ Artist
Nothing that is a supplier is a project.,Supplier ⊑ ¬Project
Anything that funds only hardwares.,∀funds.Hardware
Anything that likes a organization also likes a animal.,∃likes.Organization ⊑ ∃likes.Animal
A student is neither a movie nor a service.,Student ⊑ ¬(Movie ⊔ Service)
Every university likes only movies.,University ⊑ ∀likes.Movie
A department funds exclusively musics.,Department ⊑ ∀funds.Music
All invoices are doctors as well as managers.,Invoice ⊑ Doctor ⊓ Manager
Every order is a machine.,Order ⊑ Machine
Every scientist that authors only customers is a researcher.,Scientist ⊓ ∀authors.Customer ⊑ Researcher
Every building has child something that is both a supplier and a publication.,Building ⊑ ∃hasChild.(Supplier ⊓ Publication)
"If a teacher has child anything, it must be a school.",Teacher ⊑ ∀hasChild.School
Every service is both a engineer and a researcher.,Service ⊑ Engineer ⊓ Researcher
Every department is a invoice that creates at least one book.,Department ⊑ Invoice ⊓ ∃creates.Book
Whatever is both a country and a company likes a vehicle.,Country ⊓ Company ⊑ ∃likes.Vehicle
Every scientist funds something that is both a customer and a artist.,Scientist ⊑ ∃funds.(Customer ⊓ Artist)
Nothing that is a music is a country.,Music ⊑ ¬Country
Every hospital is a person that authors only doctors.,Hospital ⊑ Person ⊓ ∀authors.Doctor
Every organization is a movie.,Organization ⊑ Movie
Nothing that is a movie is a food.,Movie ⊑ ¬Food
Anything that treats only machines.,∀treats.Machine
Every city is both a service and a food.,City ⊑ Service ⊓ Food
Nothing that is a hardware is a company.,Hardware ⊑ ¬Company
Every account maintains at least one employee.,Account ⊑ ∃maintains.Employee
Every music treats at least one product.,Music ⊑ ∃treats.Product
A organization is neither a city nor a customer.,Organization ⊑ ¬(City ⊔ Customer)
A bank cannot be a animal.,Bank ⊑ ¬Animal
All orders are defined as a car or a bank.,Order ⊑ Car ⊔ Bank
Every doctor buys only banks.,Doctor ⊑ ∀buys.Bank
Every food has child something that is both a company and a library.,Food ⊑ ∃hasChild.(Company ⊓ Library)
Every company is both a supplier and a bank.,Company ⊑ Supplier ⊓ Bank
"If a project delivers anything, it must be a researcher.",Project ⊑ ∀delivers.Researcher
A product uses exclusively hospitals.,Product ⊑ ∀uses.Hospital
All suppliers are defined as a company or a account.,Supplier ⊑ Company ⊔ Account
A book cannot be a publication.,Book ⊑ ¬Publication
All customers are suppliers.,Customer ⊑ Supplier
A engineer is neither a school nor a invoice.,Engineer ⊑ ¬(School ⊔ Invoice)
A manager develops exclusively publications.,Manager ⊑ ∀develops.Publication
A device or a hospital.,Device ⊔ Hospital
A employee cannot be a country.,Employee ⊑ ¬Country
Every customer reads only departments.,Customer ⊑ ∀reads.Department
A engineer supervises exclusively publications.,Engineer ⊑ ∀supervises.Publication
A supplier is something that develops a manager.,Supplier ⊑ ∃develops.Manager
A invoice knows exclusively departments.,Invoice ⊑ ∀knows.Department
Every engineer creates at least one machine.,Engineer ⊑ ∃creates.Machine
Every project designs only things that are either a machine or a scientist.,Project ⊑ ∀designs.(Machine ⊔ Scientist)
"If a city operates anything, it must be a vehicle.",City ⊑ ∀operates.Vehicle
Every building that uses only suppliers is a hardware.,Building ⊓ ∀uses.Supplier ⊑ Hardware
Each account maintains a hospital.,Account ⊑ ∃maintains.Hospital
Nothing that is a food is a order.,Food ⊑ ¬Order
No city is a country.,City ⊑ ¬Country
All schools are countrys.,School ⊑ Country
No dog is a book.,Dog ⊑ ¬Book
Every book that treats only scientists is a doctor.,Book ⊓ ∀treats.Scientist ⊑ Doctor
A supplier cannot be a person.,Supplier ⊑ ¬Person
Whatever is both a manager and a organization teaches a animal.,Manager ⊓ Organization ⊑ ∃teaches.Animal
Every movie is a bank that supervises at least one service.,Movie ⊑ Bank ⊓ ∃supervises.Service
A engineer cannot be a transaction.,Engineer ⊑ ¬Transaction
Every music that teaches only movies is a car.,Music ⊓ ∀teaches.Movie ⊑ Car
Anything that works for a organization also works for a transaction.,∃worksFor.Organization ⊑ ∃worksFor.Transaction
A animal and a researcher.,Animal ⊓ Researcher
Every device treats only hospitals.,Device ⊑ ∀treats.Hospital
Whatever is both a artist and a software treats a building.,Artist ⊓ Software ⊑ ∃treats.Building
All machines are engineers.,Machine ⊑ Engineer
Every dog is a movie that produces at least one customer.,Dog ⊑ Movie ⊓ ∃produces.Customer
Nothing that is a movie is a bank.,Movie ⊑ ¬Bank
Every cat is a engineer.,Cat ⊑ Engineer
A employee cannot be a school.,Employee ⊑ ¬School
Every device is either a car or a student.,Device ⊑ Car ⊔ Student
A order is something that maintains a scientist.,Order ⊑ ∃maintains.Scientist
All suppliers are hardwares as well as engineers.,Supplier ⊑ Hardware ⊓ Engineer
A software knows exclusively teachers.,Software ⊑ ∀knows.Teacher
Every software works for at least one publication.,Software ⊑ ∃worksFor.Publication
Anything that funds a food.,∃funds.Food
Every product is a engineer.,Product ⊑ Engineer
No school is a order.,School ⊑ ¬Order
Anything that funds a music.,∃funds.Music
A organization is neither a person nor a animal.,Organization ⊑ ¬(Person ⊔ Animal)
Every animal manages something that is both a hospital and a country.,Animal ⊑ ∃manages.(Hospital ⊓ Country)
Every course that works for a dog is a car.,Course ⊓ ∃worksFor.Dog ⊑ Car
Every book is a building that maintains only movies.,Book ⊑ Building ⊓ ∀maintains.Movie
Every person is either a supplier or a patient.,Person ⊑ Supplier ⊔ Patient
Anything that authors a book.,∃authors.Book
A hospital is always a plant.,Hospital ⊑ Plant
A doctor is something that authors a device.,Doctor ⊑ ∃authors.Device
All projects are banks.,Project ⊑ Bank
Every machine that works for only scientists is a transaction.,Machine ⊓ ∀worksFor.Scientist ⊑ Transaction
A book attends exclusively schools.,Book ⊑ ∀attends.School
A service and a teacher.,Service ⊓ Teacher
Every department that is located in only organizations is a animal.,Department ⊓ ∀locatedIn.Organization ⊑ Animal
Anything that maintains a product also maintains a organization.,∃maintains.Product ⊑ ∃maintains.Organization
Every company is a hospital.,Company ⊑ Hospital
Each software owns a invoice.,Software ⊑ ∃owns.Invoice
Every bank is either a manager or a person.,Bank ⊑ Manager ⊔ Person
A dog is something that works for a manager.,Dog ⊑ ∃worksFor.Manager
Every building delivers something that is both a artist and a teacher.,Building ⊑ ∃delivers.(Artist ⊓ Teacher)
"If a plant delivers anything, it must be a doctor.",Plant ⊑ ∀delivers.Doctor
Every software is both a movie and a course.,Software ⊑ Movie ⊓ Course
All plants are defined as a doctor or a company.,Plant ⊑ Doctor ⊔ Company
A country and a teacher.,Country ⊓ Teacher
"If a plant knows anything, it must be a university.",Plant ⊑ ∀knows.University
All transactions are defined as a software or a doctor.,Transaction ⊑ Software ⊔ Doctor
Every patient is located in something that is both a dog and a product.,Patient ⊑ ∃locatedIn.(Dog ⊓ Product)
All suppliers are accounts as well as engineers.,Supplier ⊑ Account ⊓ Engineer
All movies are defined as a city or a scientist.,Movie ⊑ City ⊔ Scientist
Every employee sells at least one music.,Employee ⊑ ∃sells.Music
Every employee is a organization.,Employee ⊑ Organization
Every animal is both a person and a account.,Animal ⊑ Person ⊓ Account
Whatever is both a animal and a researcher is located in a software.,Animal ⊓ Researcher ⊑ ∃locatedIn.Software
Every city is a scientist.,City ⊑ Scientist
A department cannot be a doctor.,Department ⊑ ¬Doctor
Every vehicle is a machine that supervises only customers.,Vehicle ⊑ Machine ⊓ ∀supervises.Customer
A course is neither a transaction nor a teacher.,Course ⊑ ¬(Transaction ⊔ Teacher)
Every food supervises only softwares.,Food ⊑ ∀supervises.Software
Every company is a artist that designs only banks.,Company ⊑ Artist ⊓ ∀designs.Bank
Every project is a supplier.,Project ⊑ Supplier
Anything that supervises only cats.,∀supervises.Cat
A bank or a order.,Bank ⊔ Order
A vehicle and a transaction.,Vehicle ⊓ Transaction
Every invoice that teaches only publications is a book.,Invoice ⊓ ∀teaches.Publication ⊑ Book
A scientist and a service.,Scientist ⊓ Service
Anything that reads a student also reads a university.,∃reads.Student ⊑ ∃reads.University
Anything that maintains a university.,∃maintains.University
"If a building authors anything, it must be a teacher.",Building ⊑ ∀authors.Teacher
All librarys are accounts.,Library ⊑ Account
Every engineer that designs a doctor is a software.,Engineer ⊓ ∃designs.Doctor ⊑ Software
Every bank owns only things that are either a artist or a organization.,Bank ⊑ ∀owns.(Artist ⊔ Organization)
A doctor is always a book.,Doctor ⊑ Book
Every customer operates something that is both a patient and a cat.,Customer ⊑ ∃operates.(Patient ⊓ Cat)
All employees are hardwares as well as cats.,Employee ⊑ Hardware ⊓ Cat
Nothing that is a supplier is a city.,Supplier ⊑ ¬City
No researcher is a scientist.,Researcher ⊑ ¬Scientist
All organizations are services.,Organization ⊑ Service
Nothing that is a project is a student.,Project ⊑ ¬Student
Anything that sells only librarys.,∀sells.Library
Anything that is located in a food.,∃locatedIn.Food
A building or a transaction.,Building ⊔ Transaction
Anything that funds a software also funds a library.,∃funds.Software ⊑ ∃funds.Library
Whatever is both a book and a doctor works for a product.,Book ⊓ Doctor ⊑ ∃worksFor.Product
A customer or a manager.,Customer ⊔ Manager
Every device is either a transaction or a city.,Device ⊑ Transaction ⊔ City
A hospital is something that treats a customer.,Hospital ⊑ ∃treats.Customer
Anything that likes a invoice also likes a department.,∃likes.Invoice ⊑ ∃likes.Department
Every device that knows a customer is a person.,Device ⊓ ∃knows.Customer ⊑ Person
Every customer is both a person and a publication.,Customer ⊑ Person ⊓ Publication
Every software that treats only animals is a student.,Software ⊓ ∀treats.Animal ⊑ Student
All products are defined as a hospital or a hardware.,Product ⊑ Hospital ⊔ Hardware
A customer and a school.,Customer ⊓ School
Every city is either a employee or a supplier.,City ⊑ Employee ⊔ Supplier
Every supplier has child at least one city.,Supplier ⊑ ∃hasChild.City
All transactions are defined as a teacher or a publication.,Transaction ⊑ Teacher ⊔ Publication
Whatever is both a music and a doctor reads a artist.,Music ⊓ Doctor ⊑ ∃reads.Artist
All softwares are persons as well as engineers.,Software ⊑ Person ⊓ Engineer
No person is a vehicle.,Person ⊑ ¬Vehicle
A researcher designs exclusively courses.,Researcher ⊑ ∀designs.Course
Every project is both a artist and a student.,Project ⊑ Artist ⊓ Student
A student cannot be a scientist.,Student ⊑ ¬Scientist
Nothing that is a bank is a book.,Bank ⊑ ¬Book
A service knows exclusively banks.,Service ⊑ ∀knows.Bank
Every music is both a researcher and a device.,Music ⊑ Researcher ⊓ Device
Every teacher delivers at least one employee.,Teacher ⊑ ∃delivers.Employee
"If a order buys anything, it must be a teacher.",Order ⊑ ∀buys.Teacher
All movies are defined as a hospital or a organization.,Movie ⊑ Hospital ⊔ Organization
All machines are companys as well as artists.,Machine ⊑ Company ⊓ Artist
All dogs are organizations.,Dog ⊑ Organization
A bank or a organization.,Bank ⊔ Organization
Every doctor has child only researchers.,Doctor ⊑ ∀hasChild.Researcher
Every hardware is a researcher that operates at least one account.,Hardware ⊑ Researcher ⊓ ∃operates.Account
Anything that knows only plants.,∀knows.Plant
Every vehicle supervises only organizations.,Vehicle ⊑ ∀supervises.Organization
Every course knows at least one scientist.,Course ⊑ ∃knows.Scientist
A researcher cannot be a hospital.,Researcher ⊑ ¬Hospital
Every city is a invoice.,City ⊑ Invoice
Every publication reads only things that are either a animal or a software.,Publication ⊑ ∀reads.(Animal ⊔ Software)
Anything that supervises a artist also supervises a project.,∃supervises.Artist ⊑ ∃supervises.Project
Every publication is a book.,Publication ⊑ Book
All students are defined as a university or a food.,Student ⊑ University ⊔ Food
All persons are defined as a book or a library.,Person ⊑ Book ⊔ Library
Each car funds a library.,Car ⊑ ∃funds.Library
A order is always a hospital.,Order ⊑ Hospital
A employee is something that buys a plant.,Employee ⊑ ∃buys.Plant
A employee authors exclusively foods.,Employee ⊑ ∀authors.Food
All vehicles are animals as well as managers.,Vehicle ⊑ Animal ⊓ Manager
A dog develops exclusively animals.,Dog ⊑ ∀develops.Animal
All customers are employees as well as accounts.,Customer ⊑ Employee ⊓ Account
Every food that creates only vehicles is a patient.,Food ⊓ ∀creates.Vehicle ⊑ Patient
Every dog develops something that is both a bank and a service.,Dog ⊑ ∃develops.(Bank ⊓ Service)
All dogs are transactions.,Dog ⊑ Transaction
A doctor funds exclusively musics.,Doctor ⊑ ∀funds.Music
A software designs exclusively suppliers.,Software ⊑ ∀designs.Supplier
A account or a supplier.,Account ⊔ Supplier
A cat is something that operates a customer.,Cat ⊑ ∃operates.Customer
Every account is both a book and a dog.,Account ⊑ Book ⊓ Dog
Each supplier knows a hardware.,Supplier ⊑ ∃knows.Hardware
Every service is a employee that owns only departments.,Service ⊑ Employee ⊓ ∀owns.Department
Every bank that works for only buildings is a transaction.,Bank ⊓ ∀worksFor.Building ⊑ Transaction
"If a country funds anything, it must be a city.",Country ⊑ ∀funds.City
No device is a department.,Device ⊑ ¬Department
Anything that owns only orders.,∀owns.Order
A book and a project.,Book ⊓ Project
Anything that creates only buildings.,∀creates.Building
A vehicle cannot be a device.,Vehicle ⊑ ¬Device
All hardwares are teachers as well as departments.,Hardware ⊑ Teacher ⊓ Department
Every supplier is either a city or a course.,Supplier ⊑ City ⊔ Course
Every engineer authors at least one machine.,Engineer ⊑ ∃authors.Machine
All buildings are courses as well as products.,Building ⊑ Course ⊓ Product
"If a cat teaches anything, it must be a music.",Cat ⊑ ∀teaches.Music
A city cannot be a library.,City ⊑ ¬Library
A patient has child exclusively countrys.,Patient ⊑ ∀hasChild.Country
A order is always a engineer.,Order ⊑ Engineer
A department is neither a school nor a company.,Department ⊑ ¬(School ⊔ Company)
A vehicle cannot be a animal.,Vehicle ⊑ ¬Animal
A scientist is always a machine.,Scientist ⊑ Machine
Whatever is both a scientist and a person sells a library.,Scientist ⊓ Person ⊑ ∃sells.Library
Every cat is either a dog or a doctor.,Cat ⊑ Dog ⊔ Doctor
Every cat that teaches a publication is a customer.,Cat ⊓ ∃teaches.Publication ⊑ Customer
Each dog delivers a order.,Dog ⊑ ∃delivers.Order
Every person is both a researcher and a student.,Person ⊑ Researcher ⊓ Student
Every supplier attends only things that are either a organization or a city.,Supplier ⊑ ∀attends.(Organization ⊔ City)
Every project is a department that funds only orders.,Project ⊑ Department ⊓ ∀funds.Order
Every project that buys only publications is a hospital.,Project ⊓ ∀buys.Publication ⊑ Hospital
Each service reads a vehicle.,Service ⊑ ∃reads.Vehicle
Whatever is both a transaction and a university teaches a bank.,Transaction ⊓ University ⊑ ∃teaches.Bank
Every supplier sells at least one animal.,Supplier ⊑ ∃sells.Animal
All customers are defined as a employee or a city.,Customer ⊑ Employee ⊔ City
Every course is either a engineer or a dog.,Course ⊑ Engineer ⊔ Dog
Every animal produces only publications.,Animal ⊑ ∀produces.Publication
A transaction is always a teacher.,Transaction ⊑ Teacher
Every account teaches something that is both a animal and a transaction.,Account ⊑ ∃teaches.(Animal ⊓ Transaction)
A hospital cannot be a company.,Hospital ⊑ ¬Company
Every order is a building that uses at least one food.,Order ⊑ Building ⊓ ∃uses.Food
Nothing that is a order is a service.,Order ⊑ ¬Service
All orders are defined as a device or a person.,Order ⊑ Device ⊔ Person
A university and a movie.,University ⊓ Movie
Anything that designs a supplier also designs a country.,∃designs.Supplier ⊑ ∃designs.Country
A organization is always a device.,Organization ⊑ Device
Every music is either a scientist or a hospital.,Music ⊑ Scientist ⊔ Hospital
A patient and a school.,Patient ⊓ School
Every device that designs a library is a hospital.,Device ⊓ ∃designs.Library ⊑ Hospital
A software maintains exclusively accounts.,Software ⊑ ∀maintains.Account
Every manager delivers something that is both a country and a scientist.,Manager ⊑ ∃delivers.(Country ⊓ Scientist)
Every order designs only teachers.,Order ⊑ ∀designs.Teacher
Anything that maintains only persons.,∀maintains.Person
Every movie that reads a vehicle is a project.,Movie ⊓ ∃reads.Vehicle ⊑ Project
A order is neither a organization nor a vehicle.,Order ⊑ ¬(Organization ⊔ Vehicle)
No publication is a patient.,Publication ⊑ ¬Patient
"If a machine funds anything, it must be a account.",Machine ⊑ ∀funds.Account
A movie is always a patient.,Movie ⊑ Patient
A hardware or a cat.,Hardware ⊔ Cat
Every person is a bank.,Person ⊑ Bank
Every product is a order that authors only banks.,Product ⊑ Order ⊓ ∀authors.Bank
A book cannot be a machine.,Book ⊑ ¬Machine
A hospital or a animal.,Hospital ⊔ Animal
Nothing that is a cat is a supplier.,Cat ⊑ ¬Supplier
Every university that works for only banks is a hospital.,University ⊓ ∀worksFor.Bank ⊑ Hospital
Anything that treats a university also treats a school.,∃treats.University ⊑ ∃treats.School
A product and a school.,Product ⊓ School
Every building is a employee that creates at least one cat.,Building ⊑ Employee ⊓ ∃creates.Cat
"If a organization uses anything, it must be a manager.",Organization ⊑ ∀uses.Manager
All customers are banks.,Customer ⊑ Bank
Every food is a supplier that buys at least one animal.,Food ⊑ Supplier ⊓ ∃buys.Animal
Every device that is located in only scientists is a software.,Device ⊓ ∀locatedIn.Scientist ⊑ Software
Every student uses at least one library.,Student ⊑ ∃uses.Library
A library is something that is located in a product.,Library ⊑ ∃locatedIn.Product
A customer operates exclusively books.,Customer ⊑ ∀operates.Book
Every product is both a person and a engineer.,Product ⊑ Person ⊓ Engineer
A supplier and a researcher.,Supplier ⊓ Researcher
All devices are projects.,Device ⊑ Project
Every supplier manages at least one publication.,Supplier ⊑ ∃manages.Publication
A dog is something that buys a plant.,Dog ⊑ ∃buys.Plant
Every university is a invoice that likes only companys.,University ⊑ Invoice ⊓ ∀likes.Company
Every patient is either a plant or a hospital.,Patient ⊑ Plant ⊔ Hospital
All companys are buildings as well as orders.,Company ⊑ Building ⊓ Order
Every publication is either a school or a invoice.,Publication ⊑ School ⊔ Invoice
Every employee is a plant that reads only managers.,Employee ⊑ Plant ⊓ ∀reads.Manager
Every plant manages at least one country.,Plant ⊑ ∃manages.Country
A department cannot be a country.,Department ⊑ ¬Country
A university is always a machine.,University ⊑ Machine
A person or a project.,Person ⊔ Project
Every invoice has child only softwares.,Invoice ⊑ ∀hasChild.Software
Every car teaches only dogs.,Car ⊑ ∀teaches.Dog
Every manager that owns only products is a student.,Manager ⊓ ∀owns.Product ⊑ Student
A book is something that produces a teacher.,Book ⊑ ∃produces.Teacher
Every company uses something that is both a project and a vehicle.,Company ⊑ ∃uses.(Project ⊓ Vehicle)
Every invoice is a employee that teaches at least one department.,Invoice ⊑ Employee ⊓ ∃teaches.Department
Every bank teaches something that is both a cat and a transaction.,Bank ⊑ ∃teaches.(Cat ⊓ Transaction)
"If a engineer has child anything, it must be a software.",Engineer ⊑ ∀hasChild.Software
Every machine is a person that funds only orders.,Machine ⊑ Person ⊓ ∀funds.Order
A scientist is always a building.,Scientist ⊑ Building
Whatever is both a hospital and a publication likes a company.,Hospital ⊓ Publication ⊑ ∃likes.Company
A hardware cannot be a company.,Hardware ⊑ ¬Company
All companys are defined as a customer or a engineer.,Company ⊑ Customer ⊔ Engineer
Every animal is a dog.,Animal ⊑ Dog
A plant and a customer.,Plant ⊓ Customer
A university or a person.,University ⊔ Person
Anything that is located in a car.,∃locatedIn.Car
Every student is a cat that funds only machines.,Student ⊑ Cat ⊓ ∀funds.Machine
A hardware is neither a teacher nor a publication.,Hardware ⊑ ¬(Teacher ⊔ Publication)
A person is something that maintains a course.,Person ⊑ ∃maintains.Course
All musics are companys as well as projects.,Music ⊑ Company ⊓ Project
Every car uses something that is both a doctor and a plant.,Car ⊑ ∃uses.(Doctor ⊓ Plant)
Anything that produces only services.,∀produces.Service
A teacher cannot be a car.,Teacher ⊑ ¬Car
Every product that sells only movies is a service.,Product ⊓ ∀sells.Movie ⊑ Service
Anything that produces only researchers.,∀produces.Researcher
A university is always a order.,University ⊑ Order
Every transaction has child only courses.,Transaction ⊑ ∀hasChild.Course
Every school maintains only transactions.,School ⊑ ∀maintains.Transaction
Every supplier is either a music or a school.,Supplier ⊑ Music ⊔ School
Every company reads only patients.,Company ⊑ ∀reads.Patient
Nothing that is a city is a music.,City ⊑ ¬Music
Whatever is both a order and a student knows a music.,Order ⊓ Student ⊑ ∃knows.Music
Every hardware that maintains only customers is a account.,Hardware ⊓ ∀maintains.Customer ⊑ Account
A company is neither a course nor a service.,Company ⊑ ¬(Course ⊔ Service)
Every building attends only things that are either a organization or a school.,Building ⊑ ∀attends.(Organization ⊔ School)
No product is a book.,Product ⊑ ¬Book
Every supplier attends at least one department.,Supplier ⊑ ∃attends.Department
Every music is a library that knows only doctors.,Music ⊑ Library ⊓ ∀knows.Doctor
A school is always a doctor.,School ⊑ Doctor
Every project knows only organizations.,Project ⊑ ∀knows.Organization
Every cat reads only things that are either a device or a animal.,Cat ⊑ ∀reads.(Device ⊔ Animal)
Anything that reads only machines.,∀reads.Machine
A city cannot be a publication.,City ⊑ ¬Publication
A car cannot be a music.,Car ⊑ ¬Music
Each engineer has child a university.,Engineer ⊑ ∃hasChild.University
A course cannot be a car.,Course ⊑ ¬Car
Every device delivers only things that are either a employee or a teacher.,Device ⊑ ∀delivers.(Employee ⊔ Teacher)
Every order delivers only things that are either a dog or a company.,Order ⊑ ∀delivers.(Dog ⊔ Company)
"If a artist creates anything, it must be a product.",Artist ⊑ ∀creates.Product
Whatever is both a hardware and a company buys a service.,Hardware ⊓ Company ⊑ ∃buys.Service
A dog works for exclusively accounts.,Dog ⊑ ∀worksFor.Account
Every product is a invoice that likes at least one hospital.,Product ⊑ Invoice ⊓ ∃likes.Hospital
Every school is either a book or a machine.,School ⊑ Book ⊔ Machine
Every software teaches only things that are either a engineer or a library.,Software ⊑ ∀teaches.(Engineer ⊔ Library)
Every product uses only things that are either a vehicle or a service.,Product ⊑ ∀uses.(Vehicle ⊔ Service)
A plant is always a machine.,Plant ⊑ Machine
Anything that develops a employee.,∃develops.Employee
A food or a university.,Food ⊔ University
Every customer is a course that operates at least one supplier.,Customer ⊑ Course ⊓ ∃operates.Supplier
A university and a country.,University ⊓ Country
Each invoice has child a vehicle.,Invoice ⊑ ∃hasChild.Vehicle
Anything that sells a project also sells a student.,∃sells.Project ⊑ ∃sells.Student
Every doctor develops at least one project.,Doctor ⊑ ∃develops.Project
Every library manages at least one patient.,Library ⊑ ∃manages.Patient
Every movie is a scientist that funds at least one student.,Movie ⊑ Scientist ⊓ ∃funds.Student
Anything that operates a cat also operates a doctor.,∃operates.Cat ⊑ ∃operates.Doctor
No project is a device.,Project ⊑ ¬Device
Every music uses only customers.,Music ⊑ ∀uses.Customer
A publication is neither a student nor a music.,Publication ⊑ ¬(Student ⊔ Music)
Every supplier is a customer.,Supplier ⊑ Customer
A car cannot be a building.,Car ⊑ ¬Building
"If a project maintains anything, it must be a customer.",Project ⊑ ∀maintains.Customer
Whatever is both a car and a company uses a account.,Car ⊓ Company ⊑ ∃uses.Account
Every order is a movie that maintains only animals.,Order ⊑ Movie ⊓ ∀maintains.Animal
Whatever is both a service and a teacher delivers a city.,Service ⊓ Teacher ⊑ ∃delivers.City
Every hospital is either a teacher or a invoice.,Hospital ⊑ Teacher ⊔ Invoice
Each university uses a engineer.,University ⊑ ∃uses.Engineer
Every transaction likes something that is both a car and a book.,Transaction ⊑ ∃likes.(Car ⊓ Book)
All persons are defined as a bank or a product.,Person ⊑ Bank ⊔ Product
Each city creates a patient.,City ⊑ ∃creates.Patient
Whatever is both a vehicle and a patient likes a dog.,Vehicle ⊓ Patient ⊑ ∃likes.Dog
Every library is either a artist or a teacher.,Library ⊑ Artist ⊔ Teacher
Each library treats a teacher.,Library ⊑ ∃treats.Teacher
Every doctor is a school that maintains at least one building.,Doctor ⊑ School ⊓ ∃maintains.Building
Anything that is located in only cars.,∀locatedIn.Car
Every company that produces a country is a teacher.,Company ⊓ ∃produces.Country ⊑ Teacher
All vehicles are defined as a university or a software.,Vehicle ⊑ University ⊔ Software
A animal is always a manager.,Animal ⊑ Manager
Every bank is a patient that owns at least one project.,Bank ⊑ Patient ⊓ ∃owns.Project
Every dog is a employee that supervises at least one book.,Dog ⊑ Employee ⊓ ∃supervises.Book
"If a product funds anything, it must be a researcher.",Product ⊑ ∀funds.Researcher
A supplier is neither a software nor a scientist.,Supplier ⊑ ¬(Software ⊔ Scientist)
Every teacher that buys only machines is a artist.,Teacher ⊓ ∀buys.Machine ⊑ Artist
Whatever is both a product and a engineer teaches a software.,Product ⊓ Engineer ⊑ ∃teaches.Software
Anything that produces a project also produces a car.,∃produces.Project ⊑ ∃produces.Car
Every artist reads something that is both a company and a plant.,Artist ⊑ ∃reads.(Company ⊓ Plant)
Every organization sells only countrys.,Organization ⊑ ∀sells.Country
A organization reads exclusively students.,Organization ⊑ ∀reads.Student
Every order that works for only animals is a student.,Order ⊓ ∀worksFor.Animal ⊑ Student
A vehicle is something that likes a publication.,Vehicle ⊑ ∃likes.Publication
Anything that creates a hospital.,∃creates.Hospital
A researcher and a plant.,Researcher ⊓ Plant
All courses are defined as a product or a account.,Course ⊑ Product ⊔ Account
Every movie that owns a project is a product.,Movie ⊓ ∃owns.Project ⊑ Product
No university is a supplier.,University ⊑ ¬Supplier
A account and a teacher.,Account ⊓ Teacher
Every doctor knows only things that are either a cat or a hardware.,Doctor ⊑ ∀knows.(Cat ⊔ Hardware)
Every movie that authors a animal is a music.,Movie ⊓ ∃authors.Animal ⊑ Music
Every car works for only things that are either a department or a animal.,Car ⊑ ∀worksFor.(Department ⊔ Animal)
Every food knows at least one manager.,Food ⊑ ∃knows.Manager
Every country is a software that develops at least one city.,Country ⊑ Software ⊓ ∃develops.City
A customer is something that attends a student.,Customer ⊑ ∃attends.Student
A organization or a customer.,Organization ⊔ Customer
All transactions are customers as well as departments.,Transaction ⊑ Customer ⊓ Department
All plants are defined as a artist or a device.,Plant ⊑ Artist ⊔ Device
A music or a doctor.,Music ⊔ Doctor
All orders are engineers as well as researchers.,Order ⊑ Engineer ⊓ Researcher
Each person authors a cat.,Person ⊑ ∃authors.Cat
A university is always a movie.,University ⊑ Movie
A hardware produces exclusively managers.,Hardware ⊑ ∀produces.Manager
Whatever is both a patient and a car is located in a animal.,Patient ⊓ Car ⊑ ∃locatedIn.Animal
Every building is a customer that teaches only banks.,Building ⊑ Customer ⊓ ∀teaches.Bank
Every machine that attends a country is a hardware.,Machine ⊓ ∃attends.Country ⊑ Hardware
Every hospital that has child a product is a organization.,Hospital ⊓ ∃hasChild.Product ⊑ Organization
Every publication that treats only machines is a transaction.,Publication ⊓ ∀treats.Machine ⊑ Transaction
"If a supplier funds anything, it must be a organization.",Supplier ⊑ ∀funds.Organization
Every project is both a book and a student.,Project ⊑ Book ⊓ Student
Anything that develops a artist also develops a plant.,∃develops.Artist ⊑ ∃develops.Plant
Every music that delivers only machines is a customer.,Music ⊓ ∀delivers.Machine ⊑ Customer
Every department attends only things that are either a researcher or a hardware.,Department ⊑ ∀attends.(Researcher ⊔ Hardware)
A customer is something that manages a product.,Customer ⊑ ∃manages.Product
Anything that works for only invoices.,∀worksFor.Invoice
Every publication is a dog.,Publication ⊑ Dog
All publications are departments as well as teachers.,Publication ⊑ Department ⊓ Teacher
A library cannot be a bank.,Library ⊑ ¬Bank
Anything that works for only softwares.,∀worksFor.Software
Whatever is both a vehicle and a transaction reads a product.,Vehicle ⊓ Transaction ⊑ ∃reads.Product
"If a car knows anything, it must be a invoice.",Car ⊑ ∀knows.Invoice
Anything that buys only patients.,∀buys.Patient
A company or a supplier.,Company ⊔ Supplier
A student or a engineer.,Student ⊔ Engineer
Every service is both a plant and a manager.,Service ⊑ Plant ⊓ Manager
Anything that produces a supplier also produces a food.,∃produces.Supplier ⊑ ∃produces.Food
A customer cannot be a employee.,Customer ⊑ ¬Employee
Every city supervises at least one hospital.,City ⊑ ∃supervises.Hospital
A manager and a device.,Manager ⊓ Device
Every music that funds only customers is a engineer.,Music ⊓ ∀funds.Customer ⊑ Engineer
Every course is either a plant or a machine.,Course ⊑ Plant ⊔ Machine
Nothing that is a hospital is a library.,Hospital ⊑ ¬Library
Anything that maintains a country also maintains a doctor.,∃maintains.Country ⊑ ∃maintains.Doctor
All students are vehicles.,Student ⊑ Vehicle
Every vehicle that creates only companys is a organization.,Vehicle ⊓ ∀creates.Company ⊑ Organization
All buildings are hardwares as well as suppliers.,Building ⊑ Hardware ⊓ Supplier
A building or a city.,Building ⊔ City
All customers are foods as well as companys.,Customer ⊑ Food ⊓ Company
Every bank that creates only doctors is a food.,Bank ⊓ ∀creates.Doctor ⊑ Food
Anything that treats a machine.,∃treats.Machine
All countrys are defined as a doctor or a researcher.,Country ⊑ Doctor ⊔ Researcher
Every machine uses something that is both a service and a school.,Machine ⊑ ∃uses.(Service ⊓ School)
Each machine works for a dog.,Machine ⊑ ∃worksFor.Dog
A bank cannot be a person.,Bank ⊑ ¬Person
A dog buys exclusively organizations.,Dog ⊑ ∀buys.Organization
Anything that uses a order.,∃uses.Order
A employee and a bank.,Employee ⊓ Bank
Every employee delivers only patients.,Employee ⊑ ∀delivers.Patient
"If a building produces anything, it must be a city.",Building ⊑ ∀produces.City
A machine and a doctor.,Machine ⊓ Doctor
A country is always a car.,Country ⊑ Car
"If a invoice manages anything, it must be a course.",Invoice ⊑ ∀manages.Course
Every person works for something that is both a hospital and a hardware.,Person ⊑ ∃worksFor.(Hospital ⊓ Hardware)
"If a service maintains anything, it must be a patient.",Service ⊑ ∀maintains.Patient
Every supplier is a artist that likes only schools.,Supplier ⊑ Artist ⊓ ∀likes.School
A animal is something that buys a publication.,Animal ⊑ ∃buys.Publication
Every employee operates only things that are either a invoice or a music.,Employee ⊑ ∀operates.(Invoice ⊔ Music)
Every person is a project that develops at least one order.,Person ⊑ Project ⊓ ∃develops.Order
Every book is a city that works for only transactions.,Book ⊑ City ⊓ ∀worksFor.Transaction
All accounts are defined as a country or a department.,Account ⊑ Country ⊔ Department
A person and a supplier.,Person ⊓ Supplier
Nothing that is a book is a employee.,Book ⊑ ¬Employee
A cat is something that likes a music.,Cat ⊑ ∃likes.Music
Every student that treats a library is a dog.,Student ⊓ ∃treats.Library ⊑ Dog
Every invoice manages at least one building.,Invoice ⊑ ∃manages.Building
Every dog is either a manager or a country.,Dog ⊑ Manager ⊔ Country
A device manages exclusively projects.,Device ⊑ ∀manages.Project
Anything that attends a supplier also attends a order.,∃attends.Supplier ⊑ ∃attends.Order
Anything that treats a school also treats a project.,∃treats.School ⊑ ∃treats.Project
Anything that teaches a publication also teaches a company.,∃teaches.Publication ⊑ ∃teaches.Company
Every publication is either a car or a machine.,Publication ⊑ Car ⊔ Machine
Every department is a employee that supervises only foods.,Department ⊑ Employee ⊓ ∀supervises.Food
A music cannot be a student.,Music ⊑ ¬Student
Every engineer that manages only teachers is a manager.,Engineer ⊓ ∀manages.Teacher ⊑ Manager
A vehicle is neither a country nor a software.,Vehicle ⊑ ¬(Country ⊔ Software)
A car and a device.,Car ⊓ Device
Every food is both a music and a department.,Food ⊑ Music ⊓ Department
Every customer authors only researchers.,Customer ⊑ ∀authors.Researcher
Every country is both a transaction and a scientist.,Country ⊑ Transaction ⊓ Scientist
Every invoice likes only things that are either a library or a organization.,Invoice ⊑ ∀likes.(Library ⊔ Organization)
Every animal reads at least one engineer.,Animal ⊑ ∃reads.Engineer
Every person develops something that is both a department and a country.,Person ⊑ ∃develops.(Department ⊓ Country)
Every order authors only books.,Order ⊑ ∀authors.Book
Every employee that knows only transactions is a machine.,Employee ⊓ ∀knows.Transaction ⊑ Machine
Every artist is both a order and a service.,Artist ⊑ Order ⊓ Service
Anything that creates a city.,∃creates.City
A hardware authors exclusively artists.,Hardware ⊑ ∀authors.Artist
Every doctor authors only things that are either a cat or a bank.,Doctor ⊑ ∀authors.(Cat ⊔ Bank)
Every supplier develops at least one food.,Supplier ⊑ ∃develops.Food
Anything that supervises a manager also supervises a company.,∃supervises.Manager ⊑ ∃supervises.Company
Nothing that is a food is a city.,Food ⊑ ¬City
All engineers are invoices.,Engineer ⊑ Invoice
All cars are buildings as well as foods.,Car ⊑ Building ⊓ Food
Every machine authors at least one bank.,Machine ⊑ ∃authors.Bank
A product or a company.,Product ⊔ Company
Every dog that likes only movies is a car.,Dog ⊓ ∀likes.Movie ⊑ Car
A hardware and a machine.,Hardware ⊓ Machine
Every invoice that develops a publication is a artist.,Invoice ⊓ ∃develops.Publication ⊑ Artist
"If a cat produces anything, it must be a city.",Cat ⊑ ∀produces.City
A animal cannot be a patient.,Animal ⊑ ¬Patient
A course is always a music.,Course ⊑ Music
Every invoice that operates a book is a artist.,Invoice ⊓ ∃operates.Book ⊑ Artist
Every vehicle is both a dog and a company.,Vehicle ⊑ Dog ⊓ Company
A invoice or a hardware.,Invoice ⊔ Hardware
Every order that develops only citys is a movie.,Order ⊓ ∀develops.City ⊑ Movie
Every invoice is a patient.,Invoice ⊑ Patient
"If a project sells anything, it must be a organization.",Project ⊑ ∀sells.Organization
A artist maintains exclusively citys.,Artist ⊑ ∀maintains.City
A software is neither a movie nor a manager.,Software ⊑ ¬(Movie ⊔ Manager)
No plant is a car.,Plant ⊑ ¬Car
A patient is always a supplier.,Patient ⊑ Supplier
A bank and a service.,Bank ⊓ Service
Every vehicle is both a student and a hospital.,Vehicle ⊑ Student ⊓ Hospital
Nothing that is a person is a patient.,Person ⊑ ¬Patient
Anything that delivers only buildings.,∀delivers.Building
Every hardware is a publication.,Hardware ⊑ Publication
All researchers are devices as well as vehicles.,Researcher ⊑ Device ⊓ Vehicle
No organization is a supplier.,Organization ⊑ ¬Supplier
A animal is neither a product nor a supplier.,Animal ⊑ ¬(Product ⊔ Supplier)
Every project is either a music or a company.,Project ⊑ Music ⊔ Company
A artist delivers exclusively courses.,Artist ⊑ ∀delivers.Course
A plant or a supplier.,Plant ⊔ Supplier
Anything that designs only services.,∀designs.Service
A machine has child exclusively artists.,Machine ⊑ ∀hasChild.Artist
A supplier and a device.,Supplier ⊓ Device
Anything that authors a movie also authors a doctor.,∃authors.Movie ⊑ ∃authors.Doctor
Every invoice is a bank that delivers at least one customer.,Invoice ⊑ Bank ⊓ ∃delivers.Customer
A device or a service.,Device ⊔ Service
A product is something that reads a library.,Product ⊑ ∃reads.Library
Every hardware is a car that likes only vehicles.,Hardware ⊑ Car ⊓ ∀likes.Vehicle
Every teacher is both a scientist and a researcher.,Teacher ⊑ Scientist ⊓ Researcher
Every patient develops at least one course.,Patient ⊑ ∃develops.Course
Every researcher is a supplier.,Researcher ⊑ Supplier
A scientist develops exclusively companys.,Scientist ⊑ ∀develops.Company
All doctors are books.,Doctor ⊑ Book
All buildings are companys as well as vehicles.,Building ⊑ Company ⊓ Vehicle
A building is something that creates a movie.,Building ⊑ ∃creates.Movie
All organizations are softwares as well as patients.,Organization ⊑ Software ⊓ Patient
Every device is located in only things that are either a software or a bank.,Device ⊑ ∀locatedIn.(Software ⊔ Bank)
A transaction is always a employee.,Transaction ⊑ Employee
Anything that works for a vehicle.,∃worksFor.Vehicle
All patients are softwares as well as doctors.,Patient ⊑ Software ⊓ Doctor
Every organization is a machine.,Organization ⊑ Machine
A movie teaches exclusively doctors.,Movie ⊑ ∀teaches.Doctor
Anything that teaches a animal also teaches a music.,∃teaches.Animal ⊑ ∃teaches.Music
A school cannot be a hardware.,School ⊑ ¬Hardware
No supplier is a software.,Supplier ⊑ ¬Software
A engineer is always a scientist.,Engineer ⊑ Scientist
A project or a researcher.,Project ⊔ Researcher
Every cat is located in only animals.,Cat ⊑ ∀locatedIn.Animal
Whatever is both a project and a employee likes a vehicle.,Project ⊓ Employee ⊑ ∃likes.Vehicle
A manager and a order.,Manager ⊓ Order
Anything that sells a movie.,∃sells.Movie
Every machine operates only things that are either a patient or a vehicle.,Machine ⊑ ∀operates.(Patient ⊔ Vehicle)
Every employee sells at least one doctor.,Employee ⊑ ∃sells.Doctor
No bank is a doctor.,Bank ⊑ ¬Doctor
A publication and a account.,Publication ⊓ Account
Every animal is a student that produces only publications.,Animal ⊑ Student ⊓ ∀produces.Publication
Whatever is both a service and a movie authors a person.,Service ⊓ Movie ⊑ ∃authors.Person
Every hardware produces only musics.,Hardware ⊑ ∀produces.Music
A researcher is always a publication.,Researcher ⊑ Publication
Anything that treats a artist also treats a animal.,∃treats.Artist ⊑ ∃treats.Animal
Anything that attends a manager.,∃attends.Manager
A building is something that sells a university.,Building ⊑ ∃sells.University
Every organization maintains at least one order.,Organization ⊑ ∃maintains.Order
A city is always a hardware.,City ⊑ Hardware
Every hospital is a animal that manages at least one engineer.,Hospital ⊑ Animal ⊓ ∃manages.Engineer
Every customer is a researcher that produces only devices.,Customer ⊑ Researcher ⊓ ∀produces.Device
All managers are defined as a organization or a employee.,Manager ⊑ Organization ⊔ Employee
Every vehicle is both a doctor and a cat.,Vehicle ⊑ Doctor ⊓ Cat
All invoices are scientists.,Invoice ⊑ Scientist
Every department is a customer that reads only managers.,Department ⊑ Customer ⊓ ∀reads.Manager
"If a country authors anything, it must be a plant.",Country ⊑ ∀authors.Plant
Every hospital is either a department or a music.,Hospital ⊑ Department ⊔ Music
A manager or a person.,Manager ⊔ Person
All transactions are defined as a organization or a hospital.,Transaction ⊑ Organization ⊔ Hospital
Every service that maintains a machine is a software.,Service ⊓ ∃maintains.Machine ⊑ Software
Every engineer that uses a company is a school.,Engineer ⊓ ∃uses.Company ⊑ School
All scientists are defined as a order or a customer.,Scientist ⊑ Order ⊔ Customer
Every device teaches only scientists.,Device ⊑ ∀teaches.Scientist
Every food is a patient.,Food ⊑ Patient
Every transaction that buys a cat is a order.,Transaction ⊓ ∃buys.Cat ⊑ Order
All vehicles are defined as a movie or a supplier.,Vehicle ⊑ Movie ⊔ Supplier
All projects are defined as a university or a organization.,Project ⊑ University ⊔ Organization
Each artist buys a transaction.,Artist ⊑ ∃buys.Transaction
A customer cannot be a supplier.,Customer ⊑ ¬Supplier
All students are defined as a supplier or a food.,Student ⊑ Supplier ⊔ Food
Every person creates at least one building.,Person ⊑ ∃creates.Building
All doctors are organizations.,Doctor ⊑ Organization
No car is a person.,Car ⊑ ¬Person
Every invoice is a department that teaches at least one country.,Invoice ⊑ Department ⊓ ∃teaches.Country
Every bank manages something that is both a university and a product.,Bank ⊑ ∃manages.(University ⊓ Product)
Whatever is both a person and a artist reads a invoice.,Person ⊓ Artist ⊑ ∃reads.Invoice
"If a scientist is located in anything, it must be a employee.",Scientist ⊑ ∀locatedIn.Employee
Every patient operates something that is both a hospital and a publication.,Patient ⊑ ∃operates.(Hospital ⊓ Publication)
A person cannot be a building.,Person ⊑ ¬Building
A university and a transaction.,University ⊓ Transaction
All publications are defined as a movie or a course.,Publication ⊑ Movie ⊔ Course
A hardware cannot be a project.,Hardware ⊑ ¬Project
"If a project operates anything, it must be a organization.",Project ⊑ ∀operates.Organization
All projects are buildings as well as dogs.,Project ⊑ Building ⊓ Dog
A plant and a scientist.,Plant ⊓ Scientist
A teacher or a person.,Teacher ⊔ Person
All transactions are hardwares.,Transaction ⊑ Hardware
Anything that manages only cars.,∀manages.Car
Every researcher that creates a city is a plant.,Researcher ⊓ ∃creates.City ⊑ Plant
Every dog is a book.,Dog ⊑ Book
Nothing that is a music is a school.,Music ⊑ ¬School
Every person manages only things that are either a order or a organization.,Person ⊑ ∀manages.(Order ⊔ Organization)
Every bank is a movie that sells at least one food.,Bank ⊑ Movie ⊓ ∃sells.Food
"If a teacher uses anything, it must be a scientist.",Teacher ⊑ ∀uses.Scientist
Every software is both a student and a publication.,Software ⊑ Student ⊓ Publication
Anything that manages a manager also manages a student.,∃manages.Manager ⊑ ∃manages.Student
A manager or a engineer.,Manager ⊔ Engineer
Every university is located in something that is both a patient and a music.,University ⊑ ∃locatedIn.(Patient ⊓ Music)
A building or a hardware.,Building ⊔ Hardware
A transaction or a artist.,Transaction ⊔ Artist
All departments are doctors.,Department ⊑ Doctor
Every hardware is a engineer that has child only cars.,Hardware ⊑ Engineer ⊓ ∀hasChild.Car
Every car operates at least one plant.,Car ⊑ ∃operates.Plant
Every account is a student that owns at least one library.,Account ⊑ Student ⊓ ∃owns.Library
Each hardware creates a machine.,Hardware ⊑ ∃creates.Machine
A patient cannot be a car.,Patient ⊑ ¬Car
Every account that owns only products is a country.,Account ⊓ ∀owns.Product ⊑ Country
Every transaction develops only things that are either a supplier or a scientist.,Transaction ⊑ ∀develops.(Supplier ⊔ Scientist)
Every dog is a cat.,Dog ⊑ Cat
All machines are defined as a hospital or a food.,Machine ⊑ Hospital ⊔ Food
A bank or a student.,Bank ⊔ Student
Nothing that is a device is a person.,Device ⊑ ¬Person
A device is something that delivers a artist.,Device ⊑ ∃delivers.Artist
A plant or a project.,Plant ⊔ Project
Every software supervises something that is both a order and a person.,Software ⊑ ∃supervises.(Order ⊓ Person)
A service is something that buys a city.,Service ⊑ ∃buys.City
A company is neither a food nor a product.,Company ⊑ ¬(Food ⊔ Product)
A supplier is always a dog.,Supplier ⊑ Dog
A doctor is something that creates a car.,Doctor ⊑ ∃creates.Car
"If a manager operates anything, it must be a animal.",Manager ⊑ ∀operates.Animal
All publications are plants.,Publication ⊑ Plant
Every supplier that funds only engineers is a course.,Supplier ⊓ ∀funds.Engineer ⊑ Course
Anything that produces only organizations.,∀produces.Organization
Each hospital has child a department.,Hospital ⊑ ∃hasChild.Department
"If a organization owns anything, it must be a library.",Organization ⊑ ∀owns.Library
Every project that attends only countrys is a department.,Project ⊓ ∀attends.Country ⊑ Department
A service is always a account.,Service ⊑ Account
No transaction is a cat.,Transaction ⊑ ¬Cat
Every machine is either a service or a organization.,Machine ⊑ Service ⊔ Organization
Every department supervises at least one hospital.,Department ⊑ ∃supervises.Hospital
Every course is a company.,Course ⊑ Company
All citys are vehicles.,City ⊑ Vehicle
A engineer cannot be a cat.,Engineer ⊑ ¬Cat
A plant or a department.,Plant ⊔ Department
Every publication is either a artist or a software.,Publication ⊑ Artist ⊔ Software
Every car has child at least one teacher.,Car ⊑ ∃hasChild.Teacher
Every publication supervises only things that are either a scientist or a order.,Publication ⊑ ∀supervises.(Scientist ⊔ Order)
Nothing that is a bank is a engineer.,Bank ⊑ ¬Engineer
Each course produces a patient.,Course ⊑ ∃produces.Patient
Nothing that is a scientist is a publication.,Scientist ⊑ ¬Publication
A invoice is always a service.,Invoice ⊑ Service
Whatever is both a researcher and a plant owns a library.,Researcher ⊓ Plant ⊑ ∃owns.Library
A department maintains exclusively suppliers.,Department ⊑ ∀maintains.Supplier
A building and a person.,Building ⊓ Person
A plant cannot be a teacher.,Plant ⊑ ¬Teacher
Every car uses only things that are either a machine or a course.,Car ⊑ ∀uses.(Machine ⊔ Course)
All animals are softwares.,Animal ⊑ Software
Nothing that is a project is a teacher.,Project ⊑ ¬Teacher
Every machine is a employee that develops only patients.,Machine ⊑ Employee ⊓ ∀develops.Patient
Every vehicle is both a music and a city.,Vehicle ⊑ Music ⊓ City
Anything that sells only hospitals.,∀sells.Hospital
A scientist is always a employee.,Scientist ⊑ Employee
Every student is a department that develops at least one account.,Student ⊑ Department ⊓ ∃develops.Account
Every cat is a order that supervises at least one patient.,Cat ⊑ Order ⊓ ∃supervises.Patient
A department cannot be a cat.,Department ⊑ ¬Cat
Every library that sells a company is a bank.,Library ⊓ ∃sells.Company ⊑ Bank
A university is always a food.,University ⊑ Food
A person or a transaction.,Person ⊔ Transaction
Anything that produces only cars.,∀produces.Car
Every plant treats something that is both a transaction and a vehicle.,Plant ⊑ ∃treats.(Transaction ⊓ Vehicle)
Every car that funds only doctors is a customer.,Car ⊓ ∀funds.Doctor ⊑ Customer
Every service is a software that produces at least one manager.,Service ⊑ Software ⊓ ∃produces.Manager
Every product is either a customer or a organization.,Product ⊑ Customer ⊔ Organization
A city or a product.,City ⊔ Product
No engineer is a organization.,Engineer ⊑ ¬Organization
Every engineer is a bank that works for only patients.,Engineer ⊑ Bank ⊓ ∀worksFor.Patient
Every product is a hospital that reads only orders.,Product ⊑ Hospital ⊓ ∀reads.Order
Every order that knows a cat is a employee.,Order ⊓ ∃knows.Cat ⊑ Employee
Nothing that is a movie is a building.,Movie ⊑ ¬Building
A publication is always a student.,Publication ⊑ Student
"If a doctor likes anything, it must be a bank.",Doctor ⊑ ∀likes.Bank
Anything that creates a employee.,∃creates.Employee
A transaction is always a engineer.,Transaction ⊑ Engineer
A city cannot be a manager.,City ⊑ ¬Manager
Every building creates at least one artist.,Building ⊑ ∃creates.Artist
Each student sells a customer.,Student ⊑ ∃sells.Customer
Every order is a vehicle that owns at least one cat.,Order ⊑ Vehicle ⊓ ∃owns.Cat
A project cannot be a book.,Project ⊑ ¬Book
No software is a plant.,Software ⊑ ¬Plant
A publication is always a customer.,Publication ⊑ Customer
Every organization that knows only musics is a university.,Organization ⊓ ∀knows.Music ⊑ University
A car is something that works for a hospital.,Car ⊑ ∃worksFor.Hospital
A project or a scientist.,Project ⊔ Scientist
Every teacher is a student.,Teacher ⊑ Student
Every cat operates only things that are either a city or a device.,Cat ⊑ ∀operates.(City ⊔ Device)
A bank delivers exclusively projects.,Bank ⊑ ∀delivers.Project
Every manager that is located in a vehicle is a project.,Manager ⊓ ∃locatedIn.Vehicle ⊑ Project
A plant is something that funds a scientist.,Plant ⊑ ∃funds.Scientist
Every customer treats only engineers.,Customer ⊑ ∀treats.Engineer
Anything that works for a cat.,∃worksFor.Cat
Whatever is both a cat and a vehicle treats a school.,Cat ⊓ Vehicle ⊑ ∃treats.School
All patients are companys.,Patient ⊑ Company
Every customer delivers only things that are either a plant or a course.,Customer ⊑ ∀delivers.(Plant ⊔ Course)
A supplier is something that reads a organization.,Supplier ⊑ ∃reads.Organization
Each car treats a food.,Car ⊑ ∃treats.Food
Anything that knows a company.,∃knows.Company
Every food is both a city and a hospital.,Food ⊑ City ⊓ Hospital
Every dog sells at least one customer.,Dog ⊑ ∃sells.Customer
A country is something that uses a school.,Country ⊑ ∃uses.School
A machine or a order.,Machine ⊔ Order
All accounts are devices as well as organizations.,Account ⊑ Device ⊓ Organization
Every researcher reads only things that are either a student or a animal.,Researcher ⊑ ∀reads.(Student ⊔ Animal)
Every publication is a dog that reads at least one person.,Publication ⊑ Dog ⊓ ∃reads.Person
A publication likes exclusively devices.,Publication ⊑ ∀likes.Device
Every software treats at least one cat.,Software ⊑ ∃treats.Cat
Every library treats only things that are either a employee or a invoice.,Library ⊑ ∀treats.(Employee ⊔ Invoice)
A product is neither a invoice nor a account.,Product ⊑ ¬(Invoice ⊔ Account)
Nothing that is a scientist is a car.,Scientist ⊑ ¬Car
All publications are librarys as well as companys.,Publication ⊑ Library ⊓ Company
A device cannot be a researcher.,Device ⊑ ¬Researcher
Anything that authors a movie also authors a food.,∃authors.Movie ⊑ ∃authors.Food
A book cannot be a organization.,Book ⊑ ¬Organization
"If a bank delivers anything, it must be a movie.",Bank ⊑ ∀delivers.Movie
Every organization is a plant.,Organization ⊑ Plant
A service manages exclusively publications.,Service ⊑ ∀manages.Publication
Anything that funds a school also funds a organization.,∃funds.School ⊑ ∃funds.Organization
Every engineer is a school that works for at least one publication.,Engineer ⊑ School ⊓ ∃worksFor.Publication
A product or a hardware.,Product ⊔ Hardware
A city is neither a book nor a product.,City ⊑ ¬(Book ⊔ Product)
Every project that develops only banks is a employee.,Project ⊓ ∀develops.Bank ⊑ Employee
Every account that works for a company is a dog.,Account ⊓ ∃worksFor.Company ⊑ Dog
Every supplier that buys a hospital is a transaction.,Supplier ⊓ ∃buys.Hospital ⊑ Transaction
Every school is both a movie and a publication.,School ⊑ Movie ⊓ Publication
A person and a researcher.,Person ⊓ Researcher
Whatever is both a project and a student designs a employee.,Project ⊓ Student ⊑ ∃designs.Employee
Every school is a organization that is located in only universitys.,School ⊑ Organization ⊓ ∀locatedIn.University
A customer cannot be a country.,Customer ⊑ ¬Country
A vehicle and a order.,Vehicle ⊓ Order
A customer authors exclusively students.,Customer ⊑ ∀authors.Student
Every software that sells a scientist is a supplier.,Software ⊓ ∃sells.Scientist ⊑ Supplier
Every artist that attends only doctors is a bank.,Artist ⊓ ∀attends.Doctor ⊑ Bank
Every person creates at least one cat.,Person ⊑ ∃creates.Cat
All orders are scientists as well as organizations.,Order ⊑ Scientist ⊓ Organization
A student cannot be a hardware.,Student ⊑ ¬Hardware
All employees are devices as well as accounts.,Employee ⊑ Device ⊓ Account
Anything that maintains a book also maintains a project.,∃maintains.Book ⊑ ∃maintains.Project
All vehicles are defined as a doctor or a device.,Vehicle ⊑ Doctor ⊔ Device
All musics are persons.,Music ⊑ Person
Whatever is both a cat and a organization manages a supplier.,Cat ⊓ Organization ⊑ ∃manages.Supplier
Whatever is both a account and a music operates a employee.,Account ⊓ Music ⊑ ∃operates.Employee
Whatever is both a employee and a vehicle designs a school.,Employee ⊓ Vehicle ⊑ ∃designs.School
Every device designs only artists.,Device ⊑ ∀designs.Artist
All organizations are countrys.,Organization ⊑ Country
All organizations are employees.,Organization ⊑ Employee
A plant is always a supplier.,Plant ⊑ Supplier
Every vehicle is either a manager or a library.,Vehicle ⊑ Manager ⊔ Library
A school and a artist.,School ⊓ Artist
All vehicles are universitys as well as musics.,Vehicle ⊑ University ⊓ Music
A service or a dog.,Service ⊔ Dog
All books are teachers.,Book ⊑ Teacher
Every patient is a supplier.,Patient ⊑ Supplier
Every organization sells at least one product.,Organization ⊑ ∃sells.Product
Every product teaches only things that are either a hardware or a country.,Product ⊑ ∀teaches.(Hardware ⊔ Country)
A scientist is always a teacher.,Scientist ⊑ Teacher
Every movie maintains something that is both a patient and a supplier.,Movie ⊑ ∃maintains.(Patient ⊓ Supplier)
Every bank delivers only hardwares.,Bank ⊑ ∀delivers.Hardware
A building and a bank.,Building ⊓ Bank
A patient is always a food.,Patient ⊑ Food
A school is something that works for a order.,School ⊑ ∃worksFor.Order
A device buys exclusively buildings.,Device ⊑ ∀buys.Building
All schools are defined as a machine or a account.,School ⊑ Machine ⊔ Account
Every book is a course that works for only invoices.,Book ⊑ Course ⊓ ∀worksFor.Invoice
Anything that has child a transaction.,∃hasChild.Transaction
Every food is either a software or a vehicle.,Food ⊑ Software ⊔ Vehicle
All softwares are plants as well as musics.,Software ⊑ Plant ⊓ Music
A plant buys exclusively orders.,Plant ⊑ ∀buys.Order
Every project that owns a software is a food.,Project ⊓ ∃owns.Software ⊑ Food
All musics are defined as a city or a machine.,Music ⊑ City ⊔ Machine
A university is neither a course nor a organization.,University ⊑ ¬(Course ⊔ Organization)
Every supplier manages at least one movie.,Supplier ⊑ ∃manages.Movie
Each bank operates a building.,Bank ⊑ ∃operates.Building
Every company sells only things that are either a order or a hardware.,Company ⊑ ∀sells.(Order ⊔ Hardware)
Anything that has child only persons.,∀hasChild.Person
A university cannot be a cat.,University ⊑ ¬Cat
Whatever is both a service and a department supervises a building.,Service ⊓ Department ⊑ ∃supervises.Building
A machine is something that owns a hardware.,Machine ⊑ ∃owns.Hardware
All artists are dogs as well as managers.,Artist ⊑ Dog ⊓ Manager
Every account likes something that is both a employee and a course.,Account ⊑ ∃likes.(Employee ⊓ Course)
A school cannot be a food.,School ⊑ ¬Food
Every book develops only things that are either a person or a software.,Book ⊑ ∀develops.(Person ⊔ Software)
Anything that funds a transaction.,∃funds.Transaction
Each car authors a hardware.,Car ⊑ ∃authors.Hardware
Anything that manages a service.,∃manages.Service
Whatever is both a university and a organization likes a publication.,University ⊓ Organization ⊑ ∃likes.Publication
Every customer maintains only books.,Customer ⊑ ∀maintains.Book
A employee is always a project.,Employee ⊑ Project
Anything that knows a library.,∃knows.Library
Every movie that creates only buildings is a bank.,Movie ⊓ ∀creates.Building ⊑ Bank
Each building delivers a patient.,Building ⊑ ∃delivers.Patient
Whatever is both a order and a researcher develops a library.,Order ⊓ Researcher ⊑ ∃develops.Library
A artist supervises exclusively buildings.,Artist ⊑ ∀supervises.Building
All orders are defined as a account or a engineer.,Order ⊑ Account ⊔ Engineer
A supplier is neither a service nor a invoice.,Supplier ⊑ ¬(Service ⊔ Invoice)
All scientists are engineers.,Scientist ⊑ Engineer
Every school produces at least one city.,School ⊑ ∃produces.City
A company is neither a student nor a engineer.,Company ⊑ ¬(Student ⊔ Engineer)
All organizations are defined as a project or a course.,Organization ⊑ Project ⊔ Course
Every customer is a library that knows only accounts.,Customer ⊑ Library ⊓ ∀knows.Account
A service and a engineer.,Service ⊓ Engineer
Nothing that is a publication is a doctor.,Publication ⊑ ¬Doctor
A country is neither a city nor a engineer.,Country ⊑ ¬(City ⊔ Engineer)
Every service is a student.,Service ⊑ Student
A building or a movie.,Building ⊔ Movie
All researchers are cats.,Researcher ⊑ Cat
A researcher teaches exclusively doctors.,Researcher ⊑ ∀teaches.Doctor
Every bank that works for only patients is a teacher.,Bank ⊓ ∀worksFor.Patient ⊑ Teacher
Every account has child at least one project.,Account ⊑ ∃hasChild.Project
Every university is a teacher.,University ⊑ Teacher
All accounts are defined as a hardware or a device.,Account ⊑ Hardware ⊔ Device
Every country is a service that maintains only cats.,Country ⊑ Service ⊓ ∀maintains.Cat
Each hardware likes a vehicle.,Hardware ⊑ ∃likes.Vehicle
A university or a account.,University ⊔ Account
Anything that manages a scientist.,∃manages.Scientist
A country is always a customer.,Country ⊑ Customer
Every invoice produces only artists.,Invoice ⊑ ∀produces.Artist
Every city is a project that attends only students.,City ⊑ Project ⊓ ∀attends.Student
A hospital is always a bank.,Hospital ⊑ Bank
A order is something that uses a food.,Order ⊑ ∃uses.Food
A animal cannot be a supplier.,Animal ⊑ ¬Supplier
All transactions are machines as well as courses.,Transaction ⊑ Machine ⊓ Course
Every publication is a organization that teaches only persons.,Publication ⊑ Organization ⊓ ∀teaches.Person
Every teacher creates something that is both a bank and a library.,Teacher ⊑ ∃creates.(Bank ⊓ Library)
A student cannot be a software.,Student ⊑ ¬Software
All doctors are animals.,Doctor ⊑ Animal
Every student develops at least one dog.,Student ⊑ ∃develops.Dog
Every hardware is a cat.,Hardware ⊑ Cat
Every project supervises only things that are either a hospital or a researcher.,Project ⊑ ∀supervises.(Hospital ⊔ Researcher)
Every book is a transaction that funds at least one employee.,Book ⊑ Transaction ⊓ ∃funds.Employee
Every transaction that likes a book is a city.,Transaction ⊓ ∃likes.Book ⊑ City
Whatever is both a invoice and a music supervises a vehicle.,Invoice ⊓ Music ⊑ ∃supervises.Vehicle
Anything that works for only books.,∀worksFor.Book
All employees are transactions.,Employee ⊑ Transaction
All schools are scientists.,School ⊑ Scientist
A hardware is always a product.,Hardware ⊑ Product
Every person that teaches only animals is a software.,Person ⊓ ∀teaches.Animal ⊑ Software
Nothing that is a school is a music.,School ⊑ ¬Music
Every company that operates a manager is a cat.,Company ⊓ ∃operates.Manager ⊑ Cat
Whatever is both a scientist and a department creates a engineer.,Scientist ⊓ Department ⊑ ∃creates.Engineer
All engineers are cars.,Engineer ⊑ Car
Every car that reads a artist is a product.,Car ⊓ ∃reads.Artist ⊑ Product
A doctor is something that supervises a city.,Doctor ⊑ ∃supervises.City
Nothing that is a software is a music.,Software ⊑ ¬Music
Every doctor funds something that is both a publication and a library.,Doctor ⊑ ∃funds.(Publication ⊓ Library)
A school is something that develops a manager.,School ⊑ ∃develops.Manager
A service or a bank.,Service ⊔ Bank
Anything that owns a person also owns a plant.,∃owns.Person ⊑ ∃owns.Plant
A doctor is always a teacher.,Doctor ⊑ Teacher
"If a vehicle has child anything, it must be a library.",Vehicle ⊑ ∀hasChild.Library
Anything that attends a engineer also attends a order.,∃attends.Engineer ⊑ ∃attends.Order
Anything that produces only engineers.,∀produces.Engineer
Every animal that reads only publications is a movie.,Animal ⊓ ∀reads.Publication ⊑ Movie
Anything that designs only buildings.,∀designs.Building
Anything that designs a plant also designs a music.,∃designs.Plant ⊑ ∃designs.Music
No supplier is a hospital.,Supplier ⊑ ¬Hospital
Every patient that sells a university is a hospital.,Patient ⊓ ∃sells.University ⊑ Hospital
Every publication operates at least one movie.,Publication ⊑ ∃operates.Movie
Every vehicle reads something that is both a invoice and a city.,Vehicle ⊑ ∃reads.(Invoice ⊓ City)
"If a school has child anything, it must be a movie.",School ⊑ ∀hasChild.Movie
A transaction is always a music.,Transaction ⊑ Music
Nothing that is a service is a supplier.,Service ⊑ ¬Supplier
Nothing that is a department is a order.,Department ⊑ ¬Order
Every bank develops only things that are either a university or a person.,Bank ⊑ ∀develops.(University ⊔ Person)
Every bank that funds a book is a product.,Bank ⊓ ∃funds.Book ⊑ Product
Nothing that is a hardware is a music.,Hardware ⊑ ¬Music
Whatever is both a account and a software has child a scientist.,Account ⊓ Software ⊑ ∃hasChild.Scientist
Each organization likes a machine.,Organization ⊑ ∃likes.Machine
A software likes exclusively patients.,Software ⊑ ∀likes.Patient
Every service is either a engineer or a building.,Service ⊑ Engineer ⊔ Building
A dog is something that supervises a scientist.,Dog ⊑ ∃supervises.Scientist
A student or a hardware.,Student ⊔ Hardware
All dogs are defined as a software or a student.,Dog ⊑ Software ⊔ Student
A account is always a organization.,Account ⊑ Organization
No customer is a cat.,Customer ⊑ ¬Cat
A book treats exclusively devices.,Book ⊑ ∀treats.Device
A plant operates exclusively suppliers.,Plant ⊑ ∀operates.Supplier
"If a product manages anything, it must be a doctor.",Product ⊑ ∀manages.Doctor
Every animal teaches only things that are either a school or a order.,Animal ⊑ ∀teaches.(School ⊔ Order)
All musics are foods.,Music ⊑ Food
Every scientist that is located in a department is a country.,Scientist ⊓ ∃locatedIn.Department ⊑ Country
Anything that uses only artists.,∀uses.Artist
Each hardware funds a hospital.,Hardware ⊑ ∃funds.Hospital
Each employee funds a artist.,Employee ⊑ ∃funds.Artist
Every person is a manager that uses at least one music.,Person ⊑ Manager ⊓ ∃uses.Music
Every artist is located in at least one teacher.,Artist ⊑ ∃locatedIn.Teacher
Nothing that is a device is a student.,Device ⊑ ¬Student
Every scientist is a plant that authors at least one project.,Scientist ⊑ Plant ⊓ ∃authors.Project
Nothing that is a car is a book.,Car ⊑ ¬Book
A researcher and a artist.,Researcher ⊓ Artist
Every course sells at least one teacher.,Course ⊑ ∃sells.Teacher
Every book is a student that is located in at least one publication.,Book ⊑ Student ⊓ ∃locatedIn.Publication
Every department delivers something that is both a customer and a music.,Department ⊑ ∃delivers.(Customer ⊓ Music)
A publication is something that develops a country.,Publication ⊑ ∃develops.Country
Each food designs a city.,Food ⊑ ∃designs.City
Every organization is a student that likes at least one bank.,Organization ⊑ Student ⊓ ∃likes.Bank
Anything that is located in a doctor.,∃locatedIn.Doctor
Whatever is both a invoice and a library is located in a hospital.,Invoice ⊓ Library ⊑ ∃locatedIn.Hospital
All transactions are customers.,Transaction ⊑ Customer
Every vehicle produces something that is both a food and a music.,Vehicle ⊑ ∃produces.(Food ⊓ Music)
All countrys are foods as well as cars.,Country ⊑ Food ⊓ Car
Every manager that funds only companys is a customer.,Manager ⊓ ∀funds.Company ⊑ Customer
A hardware is something that reads a software.,Hardware ⊑ ∃reads.Software
All movies are defined as a university or a book.,Movie ⊑ University ⊔ Book
Anything that produces a company also produces a university.,∃produces.Company ⊑ ∃produces.University
"If a car funds anything, it must be a movie.",Car ⊑ ∀funds.Movie
"If a order reads anything, it must be a artist.",Order ⊑ ∀reads.Artist
Every hospital supervises only things that are either a vehicle or a order.,Hospital ⊑ ∀supervises.(Vehicle ⊔ Order)
Every animal owns only things that are either a school or a dog.,Animal ⊑ ∀owns.(School ⊔ Dog)
A student cannot be a movie.,Student ⊑ ¬Movie
All persons are defined as a school or a building.,Person ⊑ School ⊔ Building
Whatever is both a scientist and a organization authors a city.,Scientist ⊓ Organization ⊑ ∃authors.City
A music is neither a invoice nor a engineer.,Music ⊑ ¬(Invoice ⊔ Engineer)
A movie and a music.,Movie ⊓ Music
Every scientist is both a transaction and a order.,Scientist ⊑ Transaction ⊓ Order
Every plant is either a software or a teacher.,Plant ⊑ Software ⊔ Teacher
A transaction is neither a animal nor a dog.,Transaction ⊑ ¬(Animal ⊔ Dog)
All scientists are defined as a transaction or a teacher.,Scientist ⊑ Transaction ⊔ Teacher
"If a company authors anything, it must be a supplier.",Company ⊑ ∀authors.Supplier
Every person that attends only employees is a service.,Person ⊓ ∀attends.Employee ⊑ Service
All books are departments as well as scientists.,Book ⊑ Department ⊓ Scientist
All banks are services.,Bank ⊑ Service
Every hospital that likes only projects is a machine.,Hospital ⊓ ∀likes.Project ⊑ Machine
All movies are artists as well as plants.,Movie ⊑ Artist ⊓ Plant
Every person is a city that has child only hardwares.,Person ⊑ City ⊓ ∀hasChild.Hardware
A invoice is always a publication.,Invoice ⊑ Publication
All teachers are defined as a researcher or a plant.,Teacher ⊑ Researcher ⊔ Plant
A bank cannot be a artist.,Bank ⊑ ¬Artist
Every department is either a student or a movie.,Department ⊑ Student ⊔ Movie
No animal is a vehicle.,Animal ⊑ ¬Vehicle
Whatever is both a manager and a publication maintains a service.,Manager ⊓ Publication ⊑ ∃maintains.Service
All hospitals are librarys as well as cars.,Hospital ⊑ Library ⊓ Car
Anything that designs a cat also designs a book.,∃designs.Cat ⊑ ∃designs.Book
Every patient that owns only researchers is a project.,Patient ⊓ ∀owns.Researcher ⊑ Project
Every plant is a device that is located in only students.,Plant ⊑ Device ⊓ ∀locatedIn.Student
Anything that authors a course also authors a supplier.,∃authors.Course ⊑ ∃authors.Supplier
Whatever is both a service and a country operates a project.,Service ⊓ Country ⊑ ∃operates.Project
A library is something that creates a customer.,Library ⊑ ∃creates.Customer
All employees are defined as a researcher or a bank.,Employee ⊑ Researcher ⊔ Bank
All schools are defined as a hospital or a car.,School ⊑ Hospital ⊔ Car
"If a account knows anything, it must be a library.",Account ⊑ ∀knows.Library
A cat or a doctor.,Cat ⊔ Doctor
A order is neither a teacher nor a scientist.,Order ⊑ ¬(Teacher ⊔ Scientist)
A machine is always a car.,Machine ⊑ Car
A building is always a movie.,Building ⊑ Movie
Every plant owns only things that are either a dog or a library.,Plant ⊑ ∀owns.(Dog ⊔ Library)
Every service that reads a bank is a teacher.,Service ⊓ ∃reads.Bank ⊑ Teacher
A building cannot be a department.,Building ⊑ ¬Department
A service is something that buys a book.,Service ⊑ ∃buys.Book
All publications are customers as well as patients.,Publication ⊑ Customer ⊓ Patient
Every dog is a building that reads only foods.,Dog ⊑ Building ⊓ ∀reads.Food
Every transaction that is located in only courses is a order.,Transaction ⊓ ∀locatedIn.Course ⊑ Order
Whatever is both a patient and a department has child a order.,Patient ⊓ Department ⊑ ∃hasChild.Order
Every country uses only schools.,Country ⊑ ∀uses.School
Every music authors something that is both a product and a supplier.,Music ⊑ ∃authors.(Product ⊓ Supplier)
Every machine is a engineer.,Machine ⊑ Engineer
A car reads exclusively doctors.,Car ⊑ ∀reads.Doctor
Every engineer is both a student and a city.,Engineer ⊑ Student ⊓ City
Every hospital is either a manager or a order.,Hospital ⊑ Manager ⊔ Order
A cat or a teacher.,Cat ⊔ Teacher
Every engineer that treats only machines is a software.,Engineer ⊓ ∀treats.Machine ⊑ Software
Every publication designs only things that are either a library or a account.,Publication ⊑ ∀designs.(Library ⊔ Account)
A product is something that manages a car.,Product ⊑ ∃manages.Car
Nothing that is a vehicle is a company.,Vehicle ⊑ ¬Company
"If a school uses anything, it must be a teacher.",School ⊑ ∀uses.Teacher
All organizations are defined as a doctor or a movie.,Organization ⊑ Doctor ⊔ Movie
A employee cannot be a project.,Employee ⊑ ¬Project
Every city knows only things that are either a supplier or a animal.,City ⊑ ∀knows.(Supplier ⊔ Animal)
All librarys are projects.,Library ⊑ Project
Every transaction owns something that is both a city and a patient.,Transaction ⊑ ∃owns.(City ⊓ Patient)
All foods are publications as well as buildings.,Food ⊑ Publication ⊓ Building
Each customer maintains a service.,Customer ⊑ ∃maintains.Service
Anything that likes only researchers.,∀likes.Researcher
A machine or a student.,Machine ⊔ Student
All schools are books as well as doctors.,School ⊑ Book ⊓ Doctor
A music and a animal.,Music ⊓ Animal
Whatever is both a engineer and a food works for a car.,Engineer ⊓ Food ⊑ ∃worksFor.Car
Whatever is both a teacher and a library authors a music.,Teacher ⊓ Library ⊑ ∃authors.Music
Every machine is a building that creates only researchers.,Machine ⊑ Building ⊓ ∀creates.Researcher
Every patient is a dog that reads at least one student.,Patient ⊑ Dog ⊓ ∃reads.Student
A library cannot be a machine.,Library ⊑ ¬Machine
Each scientist likes a publication.,Scientist ⊑ ∃likes.Publication
Every manager authors something that is both a product and a vehicle.,Manager ⊑ ∃authors.(Product ⊓ Vehicle)
Every researcher creates only orders.,Researcher ⊑ ∀creates.Order
Anything that uses only employees.,∀uses.Employee
Anything that authors a engineer.,∃authors.Engineer
No machine is a hardware.,Machine ⊑ ¬Hardware
A manager attends exclusively dogs.,Manager ⊑ ∀attends.Dog
Every service is a order that manages only buildings.,Service ⊑ Order ⊓ ∀manages.Building
A student is neither a plant nor a publication.,Student ⊑ ¬(Plant ⊔ Publication)
Each music maintains a organization.,Music ⊑ ∃maintains.Organization
Every engineer that knows only transactions is a doctor.,Engineer ⊓ ∀knows.Transaction ⊑ Doctor
Anything that is located in a book also is located in a employee.,∃locatedIn.Book ⊑ ∃locatedIn.Employee
Every department is either a employee or a person.,Department ⊑ Employee ⊔ Person
A music cannot be a customer.,Music ⊑ ¬Customer
"If a hospital teaches anything, it must be a hardware.",Hospital ⊑ ∀teaches.Hardware
Whatever is both a vehicle and a animal knows a artist.,Vehicle ⊓ Animal ⊑ ∃knows.Artist
Whatever is both a employee and a course likes a scientist.,Employee ⊓ Course ⊑ ∃likes.Scientist
Every supplier owns only products.,Supplier ⊑ ∀owns.Product
Every employee is a company that maintains at least one person.,Employee ⊑ Company ⊓ ∃maintains.Person
A transaction is neither a vehicle nor a company.,Transaction ⊑ ¬(Vehicle ⊔ Company)
Every bank is a service that knows only librarys.,Bank ⊑ Service ⊓ ∀knows.Library
A artist or a manager.,Artist ⊔ Manager
Every project that operates only citys is a order.,Project ⊓ ∀operates.City ⊑ Order
Every patient owns only teachers.,Patient ⊑ ∀owns.Teacher
Every hardware buys only things that are either a movie or a publication.,Hardware ⊑ ∀buys.(Movie ⊔ Publication)
Nothing that is a manager is a employee.,Manager ⊑ ¬Employee
Every customer is both a city and a company.,Customer ⊑ City ⊓ Company
No software is a animal.,Software ⊑ ¬Animal
Every patient is a city.,Patient ⊑ City
"If a course authors anything, it must be a food.",Course ⊑ ∀authors.Food
All hardwares are books.,Hardware ⊑ Book
A library is always a customer.,Library ⊑ Customer
Every artist that reads only invoices is a car.,Artist ⊓ ∀reads.Invoice ⊑ Car
Every person develops only things that are either a city or a software.,Person ⊑ ∀develops.(City ⊔ Software)
Every movie is a library that funds only doctors.,Movie ⊑ Library ⊓ ∀funds.Doctor
Every building that maintains a city is a customer.,Building ⊓ ∃maintains.City ⊑ Customer
Every service is a university.,Service ⊑ University
A music or a hospital.,Music ⊔ Hospital
Nothing that is a teacher is a student.,Teacher ⊑ ¬Student
A country is always a bank.,Country ⊑ Bank
A employee is neither a building nor a person.,Employee ⊑ ¬(Building ⊔ Person)
No order is a city.,Order ⊑ ¬City
All movies are defined as a student or a music.,Movie ⊑ Student ⊔ Music
Every scientist authors only things that are either a dog or a patient.,Scientist ⊑ ∀authors.(Dog ⊔ Patient)
A service and a person.,Service ⊓ Person
A researcher is always a machine.,Researcher ⊑ Machine
All foods are musics as well as animals.,Food ⊑ Music ⊓ Animal
All buildings are defined as a invoice or a scientist.,Building ⊑ Invoice ⊔ Scientist
Anything that supervises only plants.,∀supervises.Plant
Every researcher buys only things that are either a scientist or a department.,Researcher ⊑ ∀buys.(Scientist ⊔ Department)
A hospital is something that buys a doctor.,Hospital ⊑ ∃buys.Doctor
Each transaction delivers a library.,Transaction ⊑ ∃delivers.Library
A library is neither a university nor a invoice.,Library ⊑ ¬(University ⊔ Invoice)
Anything that knows a order also knows a city.,∃knows.Order ⊑ ∃knows.City
Every patient supervises at least one publication.,Patient ⊑ ∃supervises.Publication
A product is neither a software nor a car.,Product ⊑ ¬(Software ⊔ Car)
All vehicles are defined as a food or a hospital.,Vehicle ⊑ Food ⊔ Hospital
No book is a software.,Book ⊑ ¬Software
Every organization that designs only teachers is a course.,Organization ⊓ ∀designs.Teacher ⊑ Course
A vehicle cannot be a library.,Vehicle ⊑ ¬Library
A organization is neither a movie nor a customer.,Organization ⊑ ¬(Movie ⊔ Customer)
A animal or a supplier.,Animal ⊔ Supplier
Anything that attends a vehicle.,∃attends.Vehicle
Every organization is a library.,Organization ⊑ Library
Every service creates something that is both a invoice and a patient.,Service ⊑ ∃creates.(Invoice ⊓ Patient)
All universitys are defined as a department or a organization.,University ⊑ Department ⊔ Organization
No scientist is a supplier.,Scientist ⊑ ¬Supplier
A vehicle is something that sells a invoice.,Vehicle ⊑ ∃sells.Invoice
Every country is a customer.,Country ⊑ Customer
"If a device uses anything, it must be a customer.",Device ⊑ ∀uses.Customer
Whatever is both a building and a student supervises a vehicle.,Building ⊓ Student ⊑ ∃supervises.Vehicle
"If a hardware has child anything, it must be a car.",Hardware ⊑ ∀hasChild.Car
All hospitals are softwares as well as cars.,Hospital ⊑ Software ⊓ Car
Anything that designs only cars.,∀designs.Car
Every plant is both a bank and a doctor.,Plant ⊑ Bank ⊓ Doctor
Nothing that is a project is a account.,Project ⊑ ¬Account
Every music is a course that teaches only buildings.,Music ⊑ Course ⊓ ∀teaches.Building
Every cat is located in at least one scientist.,Cat ⊑ ∃locatedIn.Scientist
A teacher is always a country.,Teacher ⊑ Country
Every library that manages only projects is a machine.,Library ⊓ ∀manages.Project ⊑ Machine
A software is always a product.,Software ⊑ Product
Every course manages only companys.,Course ⊑ ∀manages.Company
Every book operates only students.,Book ⊑ ∀operates.Student
No product is a bank.,Product ⊑ ¬Bank
Every employee is a building that creates at least one cat.,Employee ⊑ Building ⊓ ∃creates.Cat
Each school designs a engineer.,School ⊑ ∃designs.Engineer
Every music sells only countrys.,Music ⊑ ∀sells.Country
Whatever is both a organization and a machine buys a engineer.,Organization ⊓ Machine ⊑ ∃buys.Engineer
Anything that manages a publication also manages a patient.,∃manages.Publication ⊑ ∃manages.Patient
No company is a software.,Company ⊑ ¬Software
A plant is something that operates a school.,Plant ⊑ ∃operates.School
Anything that has child only movies.,∀hasChild.Movie
A manager is something that funds a hospital.,Manager ⊑ ∃funds.Hospital
Every library reads something that is both a account and a dog.,Library ⊑ ∃reads.(Account ⊓ Dog)
Anything that attends a city also attends a patient.,∃attends.City ⊑ ∃attends.Patient
Every patient buys only things that are either a course or a scientist.,Patient ⊑ ∀buys.(Course ⊔ Scientist)
All departments are defined as a plant or a product.,Department ⊑ Plant ⊔ Product
Anything that produces a invoice also produces a patient.,∃produces.Invoice ⊑ ∃produces.Patient
Anything that operates only vehicles.,∀operates.Vehicle
Every manager attends only doctors.,Manager ⊑ ∀attends.Doctor
Every bank funds only accounts.,Bank ⊑ ∀funds.Account
A machine uses exclusively employees.,Machine ⊑ ∀uses.Employee
Nothing that is a bank is a employee.,Bank ⊑ ¬Employee
Every person is a hospital that reads at least one manager.,Person ⊑ Hospital ⊓ ∃reads.Manager
Anything that delivers a book.,∃delivers.Book
Nothing that is a researcher is a customer.,Researcher ⊑ ¬Customer
A teacher maintains exclusively animals.,Teacher ⊑ ∀maintains.Animal
Every employee creates only things that are either a city or a building.,Employee ⊑ ∀creates.(City ⊔ Building)
Nothing that is a scientist is a plant.,Scientist ⊑ ¬Plant
Every cat likes only universitys.,Cat ⊑ ∀likes.University
Every invoice that maintains a city is a library.,Invoice ⊓ ∃maintains.City ⊑ Library
A hardware sells exclusively researchers.,Hardware ⊑ ∀sells.Researcher
Anything that maintains a company also maintains a transaction.,∃maintains.Company ⊑ ∃maintains.Transaction
Every project is a dog that manages at least one cat.,Project ⊑ Dog ⊓ ∃manages.Cat
Each company delivers a manager.,Company ⊑ ∃delivers.Manager
Every department that works for only dogs is a hardware.,Department ⊓ ∀worksFor.Dog ⊑ Hardware
Every country is a hospital that authors at least one invoice.,Country ⊑ Hospital ⊓ ∃authors.Invoice
Whatever is both a patient and a account delivers a department.,Patient ⊓ Account ⊑ ∃delivers.Department
A supplier and a teacher.,Supplier ⊓ Teacher
"If a supplier maintains anything, it must be a car.",Supplier ⊑ ∀maintains.Car
All patients are plants as well as countrys.,Patient ⊑ Plant ⊓ Country
Every hardware that owns only countrys is a dog.,Hardware ⊓ ∀owns.Country ⊑ Dog
No dog is a customer.,Dog ⊑ ¬Customer
Every school maintains at least one movie.,School ⊑ ∃maintains.Movie
All musics are machines.,Music ⊑ Machine
Every animal is a food that operates only machines.,Animal ⊑ Food ⊓ ∀operates.Machine
Each publication designs a artist.,Publication ⊑ ∃designs.Artist
All hardwares are engineers.,Hardware ⊑ Engineer
Every patient that funds a service is a building.,Patient ⊓ ∃funds.Service ⊑ Building
A book is neither a cat nor a music.,Book ⊑ ¬(Cat ⊔ Music)
A supplier is something that works for a university.,Supplier ⊑ ∃worksFor.University
Whatever is both a vehicle and a engineer attends a building.,Vehicle ⊓ Engineer ⊑ ∃attends.Building
A product is something that delivers a student.,Product ⊑ ∃delivers.Student
A researcher cannot be a building.,Researcher ⊑ ¬Building
Every organization that authors a person is a account.,Organization ⊓ ∃authors.Person ⊑ Account
A publication or a music.,Publication ⊔ Music
Nothing that is a company is a patient.,Company ⊑ ¬Patient
Every transaction reads only cars.,Transaction ⊑ ∀reads.Car
Every city is a department that owns only transactions.,City ⊑ Department ⊓ ∀owns.Transaction
A dog is something that manages a animal.,Dog ⊑ ∃manages.Animal
Whatever is both a software and a patient produces a music.,Software ⊓ Patient ⊑ ∃produces.Music
A company or a course.,Company ⊔ Course
Anything that creates a company also creates a project.,∃creates.Company ⊑ ∃creates.Project
Every course is a bank.,Course ⊑ Bank
Every food maintains something that is both a person and a bank.,Food ⊑ ∃maintains.(Person ⊓ Bank)
A product or a invoice.,Product ⊔ Invoice
Whatever is both a doctor and a researcher designs a movie.,Doctor ⊓ Researcher ⊑ ∃designs.Movie
Every order likes only movies.,Order ⊑ ∀likes.Movie
A company is something that develops a person.,Company ⊑ ∃develops.Person
A patient or a animal.,Patient ⊔ Animal
Whatever is both a book and a service likes a teacher.,Book ⊓ Service ⊑ ∃likes.Teacher
A artist or a publication.,Artist ⊔ Publication
Every department creates only customers.,Department ⊑ ∀creates.Customer
Whatever is both a manager and a student attends a music.,Manager ⊓ Student ⊑ ∃attends.Music
Every engineer is either a customer or a dog.,Engineer ⊑ Customer ⊔ Dog
Nothing that is a device is a machine.,Device ⊑ ¬Machine
Every department is a city that supervises at least one building.,Department ⊑ City ⊓ ∃supervises.Building
Every customer that creates a order is a machine.,Customer ⊓ ∃creates.Order ⊑ Machine
A scientist is something that develops a department.,Scientist ⊑ ∃develops.Department
All customers are defined as a car or a software.,Customer ⊑ Car ⊔ Software
A country funds exclusively doctors.,Country ⊑ ∀funds.Doctor
Every software creates only things that are either a book or a scientist.,Software ⊑ ∀creates.(Book ⊔ Scientist)
Every engineer is a car.,Engineer ⊑ Car
All projects are musics as well as artists.,Project ⊑ Music ⊓ Artist
Every book attends only companys.,Book ⊑ ∀attends.Company
A animal and a library.,Animal ⊓ Library
Anything that attends only citys.,∀attends.City
Anything that supervises a patient.,∃supervises.Patient
A engineer is something that teaches a country.,Engineer ⊑ ∃teaches.Country
Every order authors only foods.,Order ⊑ ∀authors.Food
A city or a transaction.,City ⊔ Transaction
Every engineer likes at least one publication.,Engineer ⊑ ∃likes.Publication
Every company is either a student or a product.,Company ⊑ Student ⊔ Product
Every plant is either a student or a device.,Plant ⊑ Student ⊔ Device
A hardware is neither a artist nor a school.,Hardware ⊑ ¬(Artist ⊔ School)
All buildings are defined as a scientist or a company.,Building ⊑ Scientist ⊔ Company
Anything that reads a person also reads a city.,∃reads.Person ⊑ ∃reads.City
Every scientist likes something that is both a order and a organization.,Scientist ⊑ ∃likes.(Order ⊓ Organization)
A dog and a scientist.,Dog ⊓ Scientist
Every cat buys at least one teacher.,Cat ⊑ ∃buys.Teacher
No hardware is a school.,Hardware ⊑ ¬School
All machines are cats.,Machine ⊑ Cat
"If a university is located in anything, it must be a service.",University ⊑ ∀locatedIn.Service
A transaction or a engineer.,Transaction ⊔ Engineer
Every customer is a school that reads only orders.,Customer ⊑ School ⊓ ∀reads.Order
Each machine develops a software.,Machine ⊑ ∃develops.Software
All invoices are services as well as students.,Invoice ⊑ Service ⊓ Student
No service is a bank.,Service ⊑ ¬Bank
Anything that works for a order also works for a machine.,∃worksFor.Order ⊑ ∃worksFor.Machine
Anything that works for a country also works for a engineer.,∃worksFor.Country ⊑ ∃worksFor.Engineer
A student is always a vehicle.,Student ⊑ Vehicle
Every account likes something that is both a product and a patient.,Account ⊑ ∃likes.(Product ⊓ Patient)
Every building reads at least one plant.,Building ⊑ ∃reads.Plant
Every dog that likes only persons is a music.,Dog ⊓ ∀likes.Person ⊑ Music
A software is always a transaction.,Software ⊑ Transaction
Every library is a patient.,Library ⊑ Patient
Every organization is a country that designs only devices.,Organization ⊑ Country ⊓ ∀designs.Device
Every department is a vehicle that delivers only organizations.,Department ⊑ Vehicle ⊓ ∀delivers.Organization
A food and a engineer.,Food ⊓ Engineer
A school is located in exclusively dogs.,School ⊑ ∀locatedIn.Dog
Every cat is either a student or a music.,Cat ⊑ Student ⊔ Music
A account is something that sells a device.,Account ⊑ ∃sells.Device
Every publication is either a animal or a teacher.,Publication ⊑ Animal ⊔ Teacher
Every country that reads only departments is a hardware.,Country ⊓ ∀reads.Department ⊑ Hardware
A building is always a bank.,Building ⊑ Bank
Nothing that is a cat is a product.,Cat ⊑ ¬Product
All publications are cats.,Publication ⊑ Cat
Anything that delivers a city also delivers a software.,∃delivers.City ⊑ ∃delivers.Software
Anything that produces a department.,∃produces.Department
Every manager owns only artists.,Manager ⊑ ∀owns.Artist
Every music owns only organizations.,Music ⊑ ∀owns.Organization
A invoice is neither a hardware nor a employee.,Invoice ⊑ ¬(Hardware ⊔ Employee)
Every book knows at least one dog.,Book ⊑ ∃knows.Dog
Every doctor is both a student and a transaction.,Doctor ⊑ Student ⊓ Transaction
A doctor is neither a project nor a product.,Doctor ⊑ ¬(Project ⊔ Product)
A customer works for exclusively scientists.,Customer ⊑ ∀worksFor.Scientist
Every engineer has child something that is both a music and a vehicle.,Engineer ⊑ ∃hasChild.(Music ⊓ Vehicle)
A organization is neither a music nor a university.,Organization ⊑ ¬(Music ⊔ University)
A account cannot be a hospital.,Account ⊑ ¬Hospital
Every customer attends only buildings.,Customer ⊑ ∀attends.Building
Every dog teaches at least one invoice.,Dog ⊑ ∃teaches.Invoice
A order and a vehicle.,Order ⊓ Vehicle
Every organization is a vehicle that maintains only artists.,Organization ⊑ Vehicle ⊓ ∀maintains.Artist
All scientists are suppliers as well as universitys.,Scientist ⊑ Supplier ⊓ University
Every account that manages only citys is a car.,Account ⊓ ∀manages.City ⊑ Car
"If a manager attends anything, it must be a library.",Manager ⊑ ∀attends.Library
Every library is both a food and a product.,Library ⊑ Food ⊓ Product
A building is always a account.,Building ⊑ Account
Whatever is both a car and a researcher produces a product.,Car ⊓ Researcher ⊑ ∃produces.Product
All orders are plants as well as services.,Order ⊑ Plant ⊓ Service
Every invoice is a publication that owns only customers.,Invoice ⊑ Publication ⊓ ∀owns.Customer
Every product delivers at least one software.,Product ⊑ ∃delivers.Software
Anything that maintains a country.,∃maintains.Country
All musics are librarys as well as organizations.,Music ⊑ Library ⊓ Organization
A plant designs exclusively books.,Plant ⊑ ∀designs.Book
Each country sells a student.,Country ⊑ ∃sells.Student
Every service sells at least one invoice.,Service ⊑ ∃sells.Invoice
A student or a country.,Student ⊔ Country
Anything that knows a building also knows a invoice.,∃knows.Building ⊑ ∃knows.Invoice
A animal and a doctor.,Animal ⊓ Doctor
A building is neither a vehicle nor a music.,Building ⊑ ¬(Vehicle ⊔ Music)
All engineers are machines.,Engineer ⊑ Machine
Every account is a teacher that is located in at least one device.,Account ⊑ Teacher ⊓ ∃locatedIn.Device
Every teacher that supervises only invoices is a food.,Teacher ⊓ ∀supervises.Invoice ⊑ Food
All projects are defined as a transaction or a university.,Project ⊑ Transaction ⊔ University
Every organization that likes only transactions is a country.,Organization ⊓ ∀likes.Transaction ⊑ Country
Every music is both a school and a cat.,Music ⊑ School ⊓ Cat
A food is something that authors a city.,Food ⊑ ∃authors.City
A library and a publication.,Library ⊓ Publication
All artists are librarys.,Artist ⊑ Library
Anything that has child a teacher also has child a country.,∃hasChild.Teacher ⊑ ∃hasChild.Country
Anything that teaches a device also teaches a doctor.,∃teaches.Device ⊑ ∃teaches.Doctor
Every city that creates only animals is a machine.,City ⊓ ∀creates.Animal ⊑ Machine
All doctors are defined as a invoice or a manager.,Doctor ⊑ Invoice ⊔ Manager
Every scientist that develops a university is a device.,Scientist ⊓ ∃develops.University ⊑ Device
Every supplier that works for only dogs is a doctor.,Supplier ⊓ ∀worksFor.Dog ⊑ Doctor
"If a patient uses anything, it must be a library.",Patient ⊑ ∀uses.Library
A product and a company.,Product ⊓ Company
A animal is always a transaction.,Animal ⊑ Transaction
A doctor is something that funds a university.,Doctor ⊑ ∃funds.University
A university is something that has child a hospital.,University ⊑ ∃hasChild.Hospital
All machines are transactions as well as services.,Machine ⊑ Transaction ⊓ Service
Every movie operates at least one music.,Movie ⊑ ∃operates.Music
Whatever is both a project and a account has child a engineer.,Project ⊓ Account ⊑ ∃hasChild.Engineer
Every food that knows only accounts is a publication.,Food ⊓ ∀knows.Account ⊑ Publication
Every cat knows at least one scientist.,Cat ⊑ ∃knows.Scientist
Every school is a music.,School ⊑ Music
All banks are accounts as well as courses.,Bank ⊑ Account ⊓ Course
Every car that authors a person is a transaction.,Car ⊓ ∃authors.Person ⊑ Transaction
A account reads exclusively departments.,Account ⊑ ∀reads.Department
A student or a dog.,Student ⊔ Dog
Every city is a engineer that reads only softwares.,City ⊑ Engineer ⊓ ∀reads.Software
Nothing that is a project is a manager.,Project ⊑ ¬Manager
All doctors are defined as a manager or a vehicle.,Doctor ⊑ Manager ⊔ Vehicle
Every customer sells at least one teacher.,Customer ⊑ ∃sells.Teacher
A product or a city.,Product ⊔ City
A doctor designs exclusively countrys.,Doctor ⊑ ∀designs.Country
Every university that is located in only cats is a course.,University ⊓ ∀locatedIn.Cat ⊑ Course
Each animal attends a publication.,Animal ⊑ ∃attends.Publication
Every organization is either a scientist or a country.,Organization ⊑ Scientist ⊔ Country
Every library is a course.,Library ⊑ Course
Every university owns something that is both a building and a music.,University ⊑ ∃owns.(Building ⊓ Music)
Every plant designs only things that are either a doctor or a software.,Plant ⊑ ∀designs.(Doctor ⊔ Software)
Every bank is a invoice that sells only animals.,Bank ⊑ Invoice ⊓ ∀sells.Animal
Anything that works for a patient.,∃worksFor.Patient
A food and a manager.,Food ⊓ Manager
A person and a project.,Person ⊓ Project
All invoices are defined as a book or a company.,Invoice ⊑ Book ⊔ Company
"If a doctor maintains anything, it must be a plant.",Doctor ⊑ ∀maintains.Plant
Every software authors only foods.,Software ⊑ ∀authors.Food
Every researcher that maintains a hospital is a hardware.,Researcher ⊓ ∃maintains.Hospital ⊑ Hardware
Every employee is either a cat or a engineer.,Employee ⊑ Cat ⊔ Engineer
Every animal works for only accounts.,Animal ⊑ ∀worksFor.Account
Nothing that is a hardware is a customer.,Hardware ⊑ ¬Customer
Every school buys something that is both a researcher and a customer.,School ⊑ ∃buys.(Researcher ⊓ Customer)
All vehicles are defined as a engineer or a department.,Vehicle ⊑ Engineer ⊔ Department
A patient and a machine.,Patient ⊓ Machine
"If a device delivers anything, it must be a doctor.",Device ⊑ ∀delivers.Doctor
A teacher is neither a transaction nor a employee.,Teacher ⊑ ¬(Transaction ⊔ Employee)
"If a manager attends anything, it must be a country.",Manager ⊑ ∀attends.Country
All scientists are publications as well as accounts.,Scientist ⊑ Publication ⊓ Account
A course or a patient.,Course ⊔ Patient
Whatever is both a food and a device designs a service.,Food ⊓ Device ⊑ ∃designs.Service
Every city designs only things that are either a employee or a machine.,City ⊑ ∀designs.(Employee ⊔ Machine)
No department is a manager.,Department ⊑ ¬Manager
A building cannot be a book.,Building ⊑ ¬Book
A organization is always a transaction.,Organization ⊑ Transaction
A city and a doctor.,City ⊓ Doctor
All employees are defined as a food or a book.,Employee ⊑ Food ⊔ Book
Every book is either a car or a teacher.,Book ⊑ Car ⊔ Teacher
Every animal buys something that is both a organization and a person.,Animal ⊑ ∃buys.(Organization ⊓ Person)
Each software delivers a doctor.,Software ⊑ ∃delivers.Doctor
No employee is a engineer.,Employee ⊑ ¬Engineer
Anything that likes only animals.,∀likes.Animal
Every account is either a service or a invoice.,Account ⊑ Service ⊔ Invoice
Every researcher is both a animal and a dog.,Researcher ⊑ Animal ⊓ Dog
Every department that manages only scientists is a machine.,Department ⊓ ∀manages.Scientist ⊑ Machine
A invoice cannot be a engineer.,Invoice ⊑ ¬Engineer
Every invoice is either a project or a employee.,Invoice ⊑ Project ⊔ Employee
Every doctor is a engineer that manages only transactions.,Doctor ⊑ Engineer ⊓ ∀manages.Transaction
Every music maintains at least one customer.,Music ⊑ ∃maintains.Customer
A student is always a employee.,Student ⊑ Employee
Every artist creates only publications.,Artist ⊑ ∀creates.Publication
All suppliers are publications as well as researchers.,Supplier ⊑ Publication ⊓ Researcher
A invoice cannot be a university.,Invoice ⊑ ¬University
Every doctor is a artist that knows only hospitals.,Doctor ⊑ Artist ⊓ ∀knows.Hospital
Every supplier is a course that supervises at least one music.,Supplier ⊑ Course ⊓ ∃supervises.Music
Every engineer treats only things that are either a device or a customer.,Engineer ⊑ ∀treats.(Device ⊔ Customer)
Every school is a book.,School ⊑ Book
Anything that designs a account.,∃designs.Account
Every person is a plant.,Person ⊑ Plant
A movie cannot be a artist.,Movie ⊑ ¬Artist
A publication cannot be a hardware.,Publication ⊑ ¬Hardware
All accounts are books.,Account ⊑ Book
Every teacher is a music.,Teacher ⊑ Music
Anything that maintains a company also maintains a hardware.,∃maintains.Company ⊑ ∃maintains.Hardware
Anything that operates a country.,∃operates.Country
Each researcher knows a project.,Researcher ⊑ ∃knows.Project
A organization is always a cat.,Organization ⊑ Cat
Every teacher uses something that is both a cat and a library.,Teacher ⊑ ∃uses.(Cat ⊓ Library)
Whatever is both a music and a student treats a account.,Music ⊓ Student ⊑ ∃treats.Account
Every school is a supplier that supervises at least one student.,School ⊑ Supplier ⊓ ∃supervises.Student
All organizations are hardwares.,Organization ⊑ Hardware
Every department reads something that is both a country and a person.,Department ⊑ ∃reads.(Country ⊓ Person)
Every plant is located in something that is both a animal and a building.,Plant ⊑ ∃locatedIn.(Animal ⊓ Building)
Each supplier likes a bank.,Supplier ⊑ ∃likes.Bank
All accounts are machines.,Account ⊑ Machine
A university supervises exclusively cats.,University ⊑ ∀supervises.Cat
Every country that manages a vehicle is a teacher.,Country ⊓ ∃manages.Vehicle ⊑ Teacher
Whatever is both a customer and a cat knows a artist.,Customer ⊓ Cat ⊑ ∃knows.Artist
A publication is something that operates a car.,Publication ⊑ ∃operates.Car
Anything that designs a university.,∃designs.University
Whatever is both a customer and a plant delivers a order.,Customer ⊓ Plant ⊑ ∃delivers.Order
Every movie funds at least one employee.,Movie ⊑ ∃funds.Employee
A publication cannot be a machine.,Publication ⊑ ¬Machine
No transaction is a book.,Transaction ⊑ ¬Book
Every company is a building.,Company ⊑ Building
Every product is a doctor that maintains only devices.,Product ⊑ Doctor ⊓ ∀maintains.Device
Every vehicle is a university.,Vehicle ⊑ University
Every country is either a researcher or a transaction.,Country ⊑ Researcher ⊔ Transaction
A dog operates exclusively transactions.,Dog ⊑ ∀operates.Transaction
Nothing that is a account is a device.,Account ⊑ ¬Device
Each device knows a transaction.,Device ⊑ ∃knows.Transaction
Every publication is both a animal and a product.,Publication ⊑ Animal ⊓ Product
Every doctor is both a machine and a plant.,Doctor ⊑ Machine ⊓ Plant
A building is something that teaches a vehicle.,Building ⊑ ∃teaches.Vehicle
Every device owns only things that are either a cat or a transaction.,Device ⊑ ∀owns.(Cat ⊔ Transaction)
A movie cannot be a transaction.,Movie ⊑ ¬Transaction
Every hardware is a country.,Hardware ⊑ Country
Every bank develops at least one movie.,Bank ⊑ ∃develops.Movie
Whatever is both a course and a food creates a movie.,Course ⊓ Food ⊑ ∃creates.Movie
"If a movie uses anything, it must be a department.",Movie ⊑ ∀uses.Department
Whatever is both a course and a account has child a software.,Course ⊓ Account ⊑ ∃hasChild.Software
A researcher is neither a school nor a vehicle.,Researcher ⊑ ¬(School ⊔ Vehicle)
Every teacher is both a food and a vehicle.,Teacher ⊑ Food ⊓ Vehicle
Whatever is both a university and a cat operates a order.,University ⊓ Cat ⊑ ∃operates.Order
Every animal that sells only librarys is a order.,Animal ⊓ ∀sells.Library ⊑ Order
A artist is something that has child a hospital.,Artist ⊑ ∃hasChild.Hospital
Anything that operates only companys.,∀operates.Company
Every transaction is both a building and a company.,Transaction ⊑ Building ⊓ Company
A dog likes exclusively devices.,Dog ⊑ ∀likes.Device
A doctor cannot be a car.,Doctor ⊑ ¬Car
A doctor and a building.,Doctor ⊓ Building
Every account is a cat that funds only scientists.,Account ⊑ Cat ⊓ ∀funds.Scientist
All services are softwares as well as accounts.,Service ⊑ Software ⊓ Account
A library is always a manager.,Library ⊑ Manager
A school or a customer.,School ⊔ Customer
A product is something that designs a dog.,Product ⊑ ∃designs.Dog
Every researcher is a engineer that reads at least one hospital.,Researcher ⊑ Engineer ⊓ ∃reads.Hospital
All companys are cats as well as cars.,Company ⊑ Cat ⊓ Car
A plant is something that knows a dog.,Plant ⊑ ∃knows.Dog
A music is neither a order nor a animal.,Music ⊑ ¬(Order ⊔ Animal)
Anything that maintains only products.,∀maintains.Product
A city is something that teaches a transaction.,City ⊑ ∃teaches.Transaction
A vehicle authors exclusively plants.,Vehicle ⊑ ∀authors.Plant
All researchers are suppliers.,Researcher ⊑ Supplier
A dog is always a device.,Dog ⊑ Device
Every project is a department that treats at least one company.,Project ⊑ Department ⊓ ∃treats.Company
A school cannot be a company.,School ⊑ ¬Company
A animal and a movie.,Animal ⊓ Movie
A artist reads exclusively schools.,Artist ⊑ ∀reads.School
Every bank is a employee that funds at least one doctor.,Bank ⊑ Employee ⊓ ∃funds.Doctor
Anything that has child a university also has child a teacher.,∃hasChild.University ⊑ ∃hasChild.Teacher
Every vehicle operates something that is both a book and a animal.,Vehicle ⊑ ∃operates.(Book ⊓ Animal)
Every manager is a cat.,Manager ⊑ Cat
Every city that supervises only foods is a school.,City ⊓ ∀supervises.Food ⊑ School
Every hospital likes at least one patient.,Hospital ⊑ ∃likes.Patient
All students are companys as well as invoices.,Student ⊑ Company ⊓ Invoice
Every supplier is both a machine and a project.,Supplier ⊑ Machine ⊓ Project
Anything that designs only hospitals.,∀designs.Hospital
Every supplier treats only things that are either a artist or a bank.,Supplier ⊑ ∀treats.(Artist ⊔ Bank)
Anything that likes a employee.,∃likes.Employee
Anything that maintains only managers.,∀maintains.Manager
Every project that knows a account is a school.,Project ⊓ ∃knows.Account ⊑ School
A product is something that treats a artist.,Product ⊑ ∃treats.Artist
Every university authors something that is both a food and a teacher.,University ⊑ ∃authors.(Food ⊓ Teacher)
A plant is always a dog.,Plant ⊑ Dog
Every movie owns only things that are either a vehicle or a hardware.,Movie ⊑ ∀owns.(Vehicle ⊔ Hardware)
Anything that buys a student also buys a library.,∃buys.Student ⊑ ∃buys.Library
Every publication is either a dog or a hardware.,Publication ⊑ Dog ⊔ Hardware
Nothing that is a customer is a department.,Customer ⊑ ¬Department
A scientist and a food.,Scientist ⊓ Food
Every university is a company that designs at least one organization.,University ⊑ Company ⊓ ∃designs.Organization
Every person maintains at least one product.,Person ⊑ ∃maintains.Product
A student is neither a building nor a cat.,Student ⊑ ¬(Building ⊔ Cat)
Every device is a bank that maintains only patients.,Device ⊑ Bank ⊓ ∀maintains.Patient
Every manager knows only services.,Manager ⊑ ∀knows.Service
All devices are defined as a manager or a project.,Device ⊑ Manager ⊔ Project
Every company that produces a animal is a patient.,Company ⊓ ∃produces.Animal ⊑ Patient
No order is a company.,Order ⊑ ¬Company
Nothing that is a school is a library.,School ⊑ ¬Library
A music is neither a cat nor a movie.,Music ⊑ ¬(Cat ⊔ Movie)
Anything that knows a product.,∃knows.Product
Every dog sells at least one machine.,Dog ⊑ ∃sells.Machine
Every food is a dog.,Food ⊑ Dog
Anything that attends only musics.,∀attends.Music
Every animal is a car that operates at least one order.,Animal ⊑ Car ⊓ ∃operates.Order
Anything that likes a hospital.,∃likes.Hospital
Anything that treats a invoice also treats a device.,∃treats.Invoice ⊑ ∃treats.Device
Every person that maintains only machines is a company.,Person ⊓ ∀maintains.Machine ⊑ Company
Every plant is both a animal and a researcher.,Plant ⊑ Animal ⊓ Researcher
All researchers are defined as a machine or a service.,Researcher ⊑ Machine ⊔ Service
Every employee is a researcher that funds only cats.,Employee ⊑ Researcher ⊓ ∀funds.Cat
All organizations are services as well as cars.,Organization ⊑ Service ⊓ Car
All managers are citys as well as movies.,Manager ⊑ City ⊓ Movie
All buildings are banks as well as softwares.,Building ⊑ Bank ⊓ Software
Nothing that is a plant is a food.,Plant ⊑ ¬Food
Every patient is either a supplier or a country.,Patient ⊑ Supplier ⊔ Country
Every transaction is either a company or a music.,Transaction ⊑ Company ⊔ Music
Anything that operates a patient.,∃operates.Patient
Every service is either a music or a food.,Service ⊑ Music ⊔ Food
Anything that owns only dogs.,∀owns.Dog
Anything that knows a project also knows a software.,∃knows.Project ⊑ ∃knows.Software
All librarys are defined as a hardware or a student.,Library ⊑ Hardware ⊔ Student
A plant produces exclusively hospitals.,Plant ⊑ ∀produces.Hospital
Every hospital manages only things that are either a food or a university.,Hospital ⊑ ∀manages.(Food ⊔ University)
Every invoice is a supplier that treats at least one teacher.,Invoice ⊑ Supplier ⊓ ∃treats.Teacher
Every school funds something that is both a country and a artist.,School ⊑ ∃funds.(Country ⊓ Artist)
No book is a invoice.,Book ⊑ ¬Invoice
A music and a artist.,Music ⊓ Artist
Every animal is a student.,Animal ⊑ Student
All products are suppliers as well as machines.,Product ⊑ Supplier ⊓ Machine
Every patient that sells a country is a transaction.,Patient ⊓ ∃sells.Country ⊑ Transaction
Every machine is a hospital that delivers only transactions.,Machine ⊑ Hospital ⊓ ∀delivers.Transaction
Every hardware is both a organization and a researcher.,Hardware ⊑ Organization ⊓ Researcher
Every dog that teaches a device is a cat.,Dog ⊓ ∃teaches.Device ⊑ Cat
Every account produces only vehicles.,Account ⊑ ∀produces.Vehicle
All teachers are defined as a account or a supplier.,Teacher ⊑ Account ⊔ Supplier
Each student supervises a book.,Student ⊑ ∃supervises.Book
No student is a manager.,Student ⊑ ¬Manager
Anything that teaches only students.,∀teaches.Student
A patient is neither a product nor a teacher.,Patient ⊑ ¬(Product ⊔ Teacher)
Each device develops a music.,Device ⊑ ∃develops.Music
All hospitals are softwares.,Hospital ⊑ Software
Anything that likes only schools.,∀likes.School
Every patient is a supplier that treats only accounts.,Patient ⊑ Supplier ⊓ ∀treats.Account
No food is a machine.,Food ⊑ ¬Machine
"If a machine supervises anything, it must be a order.",Machine ⊑ ∀supervises.Order
Every city is a plant that reads only books.,City ⊑ Plant ⊓ ∀reads.Book
Every school that teaches a scientist is a invoice.,School ⊓ ∃teaches.Scientist ⊑ Invoice
"If a software works for anything, it must be a vehicle.",Software ⊑ ∀worksFor.Vehicle
Anything that attends only managers.,∀attends.Manager
All scientists are services.,Scientist ⊑ Service
Anything that owns a animal.,∃owns.Animal
A supplier is something that likes a library.,Supplier ⊑ ∃likes.Library
Anything that reads a transaction.,∃reads.Transaction
Each manager uses a bank.,Manager ⊑ ∃uses.Bank
Every book is a account.,Book ⊑ Account
Every employee is a service that designs only librarys.,Employee ⊑ Service ⊓ ∀designs.Library
Every order is both a food and a artist.,Order ⊑ Food ⊓ Artist
"If a project uses anything, it must be a customer.",Project ⊑ ∀uses.Customer
Nothing that is a cat is a department.,Cat ⊑ ¬Department
Every machine is both a transaction and a building.,Machine ⊑ Transaction ⊓ Building
Every manager that uses a project is a university.,Manager ⊓ ∃uses.Project ⊑ University
Every order works for at least one machine.,Order ⊑ ∃worksFor.Machine
Every publication authors something that is both a library and a book.,Publication ⊑ ∃authors.(Library ⊓ Book)
Every doctor is either a course or a customer.,Doctor ⊑ Course ⊔ Customer
A hospital develops exclusively musics.,Hospital ⊑ ∀develops.Music
Every project produces something that is both a cat and a engineer.,Project ⊑ ∃produces.(Cat ⊓ Engineer)
Every dog funds at least one product.,Dog ⊑ ∃funds.Product
Every company is a customer that delivers at least one food.,Company ⊑ Customer ⊓ ∃delivers.Food
All researchers are organizations as well as managers.,Researcher ⊑ Organization ⊓ Manager
Every customer is either a doctor or a vehicle.,Customer ⊑ Doctor ⊔ Vehicle
A university and a student.,University ⊓ Student
A employee cannot be a vehicle.,Employee ⊑ ¬Vehicle
Every software is a patient that develops at least one bank.,Software ⊑ Patient ⊓ ∃develops.Bank
A product and a transaction.,Product ⊓ Transaction
A patient or a software.,Patient ⊔ Software
Nothing that is a student is a manager.,Student ⊑ ¬Manager
Every city is located in only books.,City ⊑ ∀locatedIn.Book
All patients are researchers.,Patient ⊑ Researcher
A person and a university.,Person ⊓ University
A service or a building.,Service ⊔ Building
A person creates exclusively invoices.,Person ⊑ ∀creates.Invoice
Anything that owns a patient.,∃owns.Patient
A service is neither a customer nor a project.,Service ⊑ ¬(Customer ⊔ Project)
Anything that reads only persons.,∀reads.Person
Every building is a bank that funds at least one manager.,Building ⊑ Bank ⊓ ∃funds.Manager
A department is something that treats a patient.,Department ⊑ ∃treats.Patient
All organizations are softwares.,Organization ⊑ Software
Every hardware produces at least one employee.,Hardware ⊑ ∃produces.Employee
No university is a customer.,University ⊑ ¬Customer
All cars are movies.,Car ⊑ Movie
Anything that supervises a animal also supervises a music.,∃supervises.Animal ⊑ ∃supervises.Music
All services are engineers as well as orders.,Service ⊑ Engineer ⊓ Order
No machine is a engineer.,Machine ⊑ ¬Engineer
All dogs are accounts.,Dog ⊑ Account
Anything that is located in only students.,∀locatedIn.Student
Every device delivers something that is both a teacher and a transaction.,Device ⊑ ∃delivers.(Teacher ⊓ Transaction)
A hospital is neither a music nor a person.,Hospital ⊑ ¬(Music ⊔ Person)
A publication or a cat.,Publication ⊔ Cat
Every scientist that teaches a product is a library.,Scientist ⊓ ∃teaches.Product ⊑ Library
No hardware is a manager.,Hardware ⊑ ¬Manager
A patient operates exclusively books.,Patient ⊑ ∀operates.Book
A machine cannot be a supplier.,Machine ⊑ ¬Supplier
Each company likes a department.,Company ⊑ ∃likes.Department
Every city is both a manager and a scientist.,City ⊑ Manager ⊓ Scientist
Whatever is both a supplier and a transaction likes a publication.,Supplier ⊓ Transaction ⊑ ∃likes.Publication
Nothing that is a supplier is a person.,Supplier ⊑ ¬Person
No order is a device.,Order ⊑ ¬Device
Every university that is located in a service is a food.,University ⊓ ∃locatedIn.Service ⊑ Food
Every person owns only projects.,Person ⊑ ∀owns.Project
A food and a software.,Food ⊓ Software
Every animal maintains only things that are either a book or a library.,Animal ⊑ ∀maintains.(Book ⊔ Library)
Every doctor is a person that knows at least one invoice.,Doctor ⊑ Person ⊓ ∃knows.Invoice
Each city sells a dog.,City ⊑ ∃sells.Dog
A cat or a country.,Cat ⊔ Country
A bank and a account.,Bank ⊓ Account
Every course is a doctor.,Course ⊑ Doctor
Every doctor owns something that is both a project and a software.,Doctor ⊑ ∃owns.(Project ⊓ Software)
A doctor and a device.,Doctor ⊓ Device
Every artist sells only machines.,Artist ⊑ ∀sells.Machine
A machine likes exclusively persons.,Machine ⊑ ∀likes.Person
Every scientist sells something that is both a service and a patient.,Scientist ⊑ ∃sells.(Service ⊓ Patient)
Anything that has child a hospital.,∃hasChild.Hospital
A teacher and a plant.,Teacher ⊓ Plant
Each employee works for a device.,Employee ⊑ ∃worksFor.Device
A country cannot be a bank.,Country ⊑ ¬Bank
Every country is either a doctor or a supplier.,Country ⊑ Doctor ⊔ Supplier
Every car develops something that is both a artist and a hardware.,Car ⊑ ∃develops.(Artist ⊓ Hardware)
Every product is either a vehicle or a city.,Product ⊑ Vehicle ⊔ City
"If a country buys anything, it must be a researcher.",Country ⊑ ∀buys.Researcher
A supplier is neither a service nor a movie.,Supplier ⊑ ¬(Service ⊔ Movie)
Anything that is located in a employee also is located in a person.,∃locatedIn.Employee ⊑ ∃locatedIn.Person
Every music is both a animal and a dog.,Music ⊑ Animal ⊓ Dog
A account funds exclusively services.,Account ⊑ ∀funds.Service
Every car is a doctor that sells only artists.,Car ⊑ Doctor ⊓ ∀sells.Artist
A city is neither a teacher nor a car.,City ⊑ ¬(Teacher ⊔ Car)
Nothing that is a country is a machine.,Country ⊑ ¬Machine
Every transaction sells only things that are either a product or a cat.,Transaction ⊑ ∀sells.(Product ⊔ Cat)
Whatever is both a country and a cat has child a researcher.,Country ⊓ Cat ⊑ ∃hasChild.Researcher
A software or a company.,Software ⊔ Company
A bank or a product.,Bank ⊔ Product
Every researcher knows only things that are either a software or a doctor.,Researcher ⊑ ∀knows.(Software ⊔ Doctor)
Every student authors at least one cat.,Student ⊑ ∃authors.Cat
Whatever is both a food and a machine produces a account.,Food ⊓ Machine ⊑ ∃produces.Account
Every building manages something that is both a invoice and a researcher.,Building ⊑ ∃manages.(Invoice ⊓ Researcher)
No employee is a building.,Employee ⊑ ¬Building
Every animal produces at least one product.,Animal ⊑ ∃produces.Product
Every plant is a invoice that buys only cats.,Plant ⊑ Invoice ⊓ ∀buys.Cat
A university cannot be a device.,University ⊑ ¬Device
Nothing that is a customer is a library.,Customer ⊑ ¬Library
A university or a cat.,University ⊔ Cat
Every country uses only librarys.,Country ⊑ ∀uses.Library
Every transaction authors at least one machine.,Transaction ⊑ ∃authors.Machine
Anything that works for a music also works for a account.,∃worksFor.Music ⊑ ∃worksFor.Account
A school and a publication.,School ⊓ Publication
Anything that buys a engineer.,∃buys.Engineer
Whatever is both a service and a product knows a scientist.,Service ⊓ Product ⊑ ∃knows.Scientist
Each teacher develops a music.,Teacher ⊑ ∃develops.Music
A invoice owns exclusively projects.,Invoice ⊑ ∀owns.Project
Anything that designs a machine.,∃designs.Machine
Every product works for something that is both a manager and a movie.,Product ⊑ ∃worksFor.(Manager ⊓ Movie)
All products are citys.,Product ⊑ City
A hardware cannot be a scientist.,Hardware ⊑ ¬Scientist
Nothing that is a movie is a teacher.,Movie ⊑ ¬Teacher
Whatever is both a music and a course attends a organization.,Music ⊓ Course ⊑ ∃attends.Organization
All projects are vehicles.,Project ⊑ Vehicle
Every customer is both a country and a company.,Customer ⊑ Country ⊓ Company
Every supplier supervises something that is both a account and a student.,Supplier ⊑ ∃supervises.(Account ⊓ Student)
A country creates exclusively accounts.,Country ⊑ ∀creates.Account
A book cannot be a cat.,Book ⊑ ¬Cat
Whatever is both a supplier and a dog maintains a publication.,Supplier ⊓ Dog ⊑ ∃maintains.Publication
A doctor or a publication.,Doctor ⊔ Publication
Every employee is both a building and a account.,Employee ⊑ Building ⊓ Account
Every customer operates something that is both a country and a school.,Customer ⊑ ∃operates.(Country ⊓ School)
Every building is either a organization or a software.,Building ⊑ Organization ⊔ Software
Every machine is both a patient and a researcher.,Machine ⊑ Patient ⊓ Researcher
A school is neither a person nor a country.,School ⊑ ¬(Person ⊔ Country)
All projects are defined as a plant or a animal.,Project ⊑ Plant ⊔ Animal
Every person buys something that is both a dog and a city.,Person ⊑ ∃buys.(Dog ⊓ City)
A animal is something that likes a publication.,Animal ⊑ ∃likes.Publication
Every student reads something that is both a building and a hardware.,Student ⊑ ∃reads.(Building ⊓ Hardware)
"If a school operates anything, it must be a artist.",School ⊑ ∀operates.Artist
Every student teaches at least one library.,Student ⊑ ∃teaches.Library
Every publication is both a transaction and a machine.,Publication ⊑ Transaction ⊓ Machine
No city is a manager.,City ⊑ ¬Manager
Whatever is both a doctor and a engineer likes a account.,Doctor ⊓ Engineer ⊑ ∃likes.Account
"If a supplier develops anything, it must be a invoice.",Supplier ⊑ ∀develops.Invoice
A device is neither a movie nor a publication.,Device ⊑ ¬(Movie ⊔ Publication)
Every building sells something that is both a device and a school.,Building ⊑ ∃sells.(Device ⊓ School)
Nothing that is a school is a hospital.,School ⊑ ¬Hospital
A country is always a course.,Country ⊑ Course
All devices are defined as a invoice or a department.,Device ⊑ Invoice ⊔ Department
Anything that produces a device.,∃produces.Device
A department and a software.,Department ⊓ Software
Every building is a person.,Building ⊑ Person
A bank is always a teacher.,Bank ⊑ Teacher
A student cannot be a project.,Student ⊑ ¬Project
Every account that works for only musics is a person.,Account ⊓ ∀worksFor.Music ⊑ Person
Every hospital that knows only foods is a animal.,Hospital ⊓ ∀knows.Food ⊑ Animal
All companys are managers as well as suppliers.,Company ⊑ Manager ⊓ Supplier
Anything that delivers a publication.,∃delivers.Publication
A service cannot be a dog.,Service ⊑ ¬Dog
Every patient is a plant.,Patient ⊑ Plant
Every library is a device that is located in only products.,Library ⊑ Device ⊓ ∀locatedIn.Product
All cars are courses as well as employees.,Car ⊑ Course ⊓ Employee
Every employee likes at least one building.,Employee ⊑ ∃likes.Building
A software or a book.,Software ⊔ Book
All projects are defined as a university or a hospital.,Project ⊑ University ⊔ Hospital
Every hardware that operates a vehicle is a supplier.,Hardware ⊓ ∃operates.Vehicle ⊑ Supplier
Every music that teaches a person is a order.,Music ⊓ ∃teaches.Person ⊑ Order
Every doctor buys something that is both a country and a cat.,Doctor ⊑ ∃buys.(Country ⊓ Cat)
Every patient is either a university or a account.,Patient ⊑ University ⊔ Account
Every service is a person that knows at least one patient.,Service ⊑ Person ⊓ ∃knows.Patient
All transactions are patients.,Transaction ⊑ Patient
Anything that treats a building.,∃treats.Building
Every engineer is a publication.,Engineer ⊑ Publication
A publication operates exclusively teachers.,Publication ⊑ ∀operates.Teacher
A hardware cannot be a transaction.,Hardware ⊑ ¬Transaction
Every project is both a car and a account.,Project ⊑ Car ⊓ Account
Each person funds a company.,Person ⊑ ∃funds.Company
Anything that likes a book also likes a building.,∃likes.Book ⊑ ∃likes.Building
Every course likes only machines.,Course ⊑ ∀likes.Machine
"If a artist manages anything, it must be a food.",Artist ⊑ ∀manages.Food
A order is always a vehicle.,Order ⊑ Vehicle
Each doctor authors a organization.,Doctor ⊑ ∃authors.Organization
Every service is a cat.,Service ⊑ Cat
Anything that produces a researcher also produces a animal.,∃produces.Researcher ⊑ ∃produces.Animal
"If a service reads anything, it must be a city.",Service ⊑ ∀reads.City
Nothing that is a customer is a publication.,Customer ⊑ ¬Publication
A department is always a animal.,Department ⊑ Animal
Every building owns something that is both a transaction and a product.,Building ⊑ ∃owns.(Transaction ⊓ Product)
A music is neither a order nor a account.,Music ⊑ ¬(Order ⊔ Account)
Anything that attends a country.,∃attends.Country
Every animal is a book that likes at least one artist.,Animal ⊑ Book ⊓ ∃likes.Artist
Anything that uses a animal also uses a engineer.,∃uses.Animal ⊑ ∃uses.Engineer
Anything that knows a scientist.,∃knows.Scientist
Anything that creates a animal also creates a car.,∃creates.Animal ⊑ ∃creates.Car
Every teacher is a course that develops at least one engineer.,Teacher ⊑ Course ⊓ ∃develops.Engineer
All cars are companys.,Car ⊑ Company
Every music is a organization.,Music ⊑ Organization
Anything that funds a invoice.,∃funds.Invoice
Every transaction is a employee.,Transaction ⊑ Employee
Every scientist is a manager.,Scientist ⊑ Manager
All invoices are defined as a building or a car.,Invoice ⊑ Building ⊔ Car
A bank is neither a publication nor a food.,Bank ⊑ ¬(Publication ⊔ Food)
Anything that reads only teachers.,∀reads.Teacher
Every scientist maintains something that is both a car and a employee.,Scientist ⊑ ∃maintains.(Car ⊓ Employee)
A doctor is neither a account nor a company.,Doctor ⊑ ¬(Account ⊔ Company)
All patients are librarys.,Patient ⊑ Library
Each city manages a patient.,City ⊑ ∃manages.Patient
A service is neither a department nor a supplier.,Service ⊑ ¬(Department ⊔ Supplier)
A country is always a hospital.,Country ⊑ Hospital
A person uses exclusively artists.,Person ⊑ ∀uses.Artist
All cars are publications as well as engineers.,Car ⊑ Publication ⊓ Engineer
Every company is either a engineer or a school.,Company ⊑ Engineer ⊔ School
Every animal operates something that is both a course and a device.,Animal ⊑ ∃operates.(Course ⊓ Device)
Every city is a music that maintains at least one dog.,City ⊑ Music ⊓ ∃maintains.Dog
A library is something that sells a invoice.,Library ⊑ ∃sells.Invoice
Every building owns something that is both a doctor and a plant.,Building ⊑ ∃owns.(Doctor ⊓ Plant)
Anything that authors a scientist also authors a student.,∃authors.Scientist ⊑ ∃authors.Student
A course is something that designs a animal.,Course ⊑ ∃designs.Animal
A city is neither a supplier nor a dog.,City ⊑ ¬(Supplier ⊔ Dog)
All transactions are books.,Transaction ⊑ Book
A student delivers exclusively devices.,Student ⊑ ∀delivers.Device
Every employee is a order that buys at least one animal.,Employee ⊑ Order ⊓ ∃buys.Animal
A manager is something that produces a music.,Manager ⊑ ∃produces.Music
A product cannot be a university.,Product ⊑ ¬University
Every account creates only things that are either a dog or a country.,Account ⊑ ∀creates.(Dog ⊔ Country)
All accounts are organizations.,Account ⊑ Organization
Every engineer is both a researcher and a supplier.,Engineer ⊑ Researcher ⊓ Supplier
Anything that designs only transactions.,∀designs.Transaction
All orders are products.,Order ⊑ Product
A car produces exclusively engineers.,Car ⊑ ∀produces.Engineer
Every supplier is both a library and a device.,Supplier ⊑ Library ⊓ Device
Every company is a dog.,Company ⊑ Dog
A movie is neither a machine nor a department.,Movie ⊑ ¬(Machine ⊔ Department)
All buildings are defined as a department or a university.,Building ⊑ Department ⊔ University
Every car that attends a cat is a service.,Car ⊓ ∃attends.Cat ⊑ Service
Every car is both a university and a patient.,Car ⊑ University ⊓ Patient
Every building is a car.,Building ⊑ Car
Every vehicle is both a artist and a library.,Vehicle ⊑ Artist ⊓ Library
Nothing that is a car is a order.,Car ⊑ ¬Order
Anything that sells a department also sells a project.,∃sells.Department ⊑ ∃sells.Project
All devices are students as well as artists.,Device ⊑ Student ⊓ Artist
All services are defined as a book or a account.,Service ⊑ Book ⊔ Account
All citys are cars.,City ⊑ Car
Every employee is either a manager or a supplier.,Employee ⊑ Manager ⊔ Supplier
Every patient is both a publication and a dog.,Patient ⊑ Publication ⊓ Dog
Anything that knows a doctor.,∃knows.Doctor
Every employee is either a software or a hospital.,Employee ⊑ Software ⊔ Hospital
All employees are artists as well as banks.,Employee ⊑ Artist ⊓ Bank
A project cannot be a music.,Project ⊑ ¬Music
A cat or a supplier.,Cat ⊔ Supplier
A machine is always a engineer.,Machine ⊑ Engineer
Every food likes only things that are either a doctor or a publication.,Food ⊑ ∀likes.(Doctor ⊔ Publication)
Every hospital is both a university and a teacher.,Hospital ⊑ University ⊓ Teacher
A machine is always a doctor.,Machine ⊑ Doctor
Whatever is both a plant and a student designs a account.,Plant ⊓ Student ⊑ ∃designs.Account
Every animal is both a transaction and a bank.,Animal ⊑ Transaction ⊓ Bank
All accounts are managers as well as engineers.,Account ⊑ Manager ⊓ Engineer
No cat is a bank.,Cat ⊑ ¬Bank
All suppliers are defined as a hospital or a researcher.,Supplier ⊑ Hospital ⊔ Researcher
Every car funds something that is both a department and a university.,Car ⊑ ∃funds.(Department ⊓ University)
Every publication is a company that owns at least one invoice.,Publication ⊑ Company ⊓ ∃owns.Invoice
Every order is a researcher.,Order ⊑ Researcher
Anything that creates a manager also creates a movie.,∃creates.Manager ⊑ ∃creates.Movie
All citys are defined as a account or a order.,City ⊑ Account ⊔ Order
A person cannot be a service.,Person ⊑ ¬Service
Every project is either a teacher or a organization.,Project ⊑ Teacher ⊔ Organization
Every movie is either a scientist or a hardware.,Movie ⊑ Scientist ⊔ Hardware
Every plant reads only movies.,Plant ⊑ ∀reads.Movie
A library and a vehicle.,Library ⊓ Vehicle
No teacher is a doctor.,Teacher ⊑ ¬Doctor
Every patient that attends only employees is a transaction.,Patient ⊓ ∀attends.Employee ⊑ Transaction
Anything that uses only hospitals.,∀uses.Hospital
Every hardware maintains only patients.,Hardware ⊑ ∀maintains.Patient
A teacher and a company.,Teacher ⊓ Company
No customer is a city.,Customer ⊑ ¬City
No invoice is a university.,Invoice ⊑ ¬University
"If a transaction uses anything, it must be a plant.",Transaction ⊑ ∀uses.Plant
Every library maintains only things that are either a plant or a invoice.,Library ⊑ ∀maintains.(Plant ⊔ Invoice)
All plants are artists.,Plant ⊑ Artist
A customer operates exclusively cats.,Customer ⊑ ∀operates.Cat
"If a course authors anything, it must be a customer.",Course ⊑ ∀authors.Customer
Every teacher treats only persons.,Teacher ⊑ ∀treats.Person
Every hospital that designs a course is a person.,Hospital ⊓ ∃designs.Course ⊑ Person
Every hardware is a researcher that creates at least one library.,Hardware ⊑ Researcher ⊓ ∃creates.Library
Anything that funds a organization also funds a product.,∃funds.Organization ⊑ ∃funds.Product
A service and a vehicle.,Service ⊓ Vehicle
A student or a service.,Student ⊔ Service
Every transaction that operates only accounts is a student.,Transaction ⊓ ∀operates.Account ⊑ Student
Every scientist is both a employee and a supplier.,Scientist ⊑ Employee ⊓ Supplier
Whatever is both a school and a scientist funds a machine.,School ⊓ Scientist ⊑ ∃funds.Machine
A food is located in exclusively patients.,Food ⊑ ∀locatedIn.Patient
All hardwares are defined as a organization or a scientist.,Hardware ⊑ Organization ⊔ Scientist
A service is something that supervises a doctor.,Service ⊑ ∃supervises.Doctor
Every school reads at least one university.,School ⊑ ∃reads.University
Each food likes a manager.,Food ⊑ ∃likes.Manager
A hospital is neither a patient nor a doctor.,Hospital ⊑ ¬(Patient ⊔ Doctor)
A plant or a order.,Plant ⊔ Order
Every scientist is a food that attends only suppliers.,Scientist ⊑ Food ⊓ ∀attends.Supplier
A city or a doctor.,City ⊔ Doctor
Every music is a product that develops at least one vehicle.,Music ⊑ Product ⊓ ∃develops.Vehicle
A student cannot be a transaction.,Student ⊑ ¬Transaction
All orders are defined as a school or a plant.,Order ⊑ School ⊔ Plant
A vehicle is neither a city nor a building.,Vehicle ⊑ ¬(City ⊔ Building)
A patient and a customer.,Patient ⊓ Customer
"If a building authors anything, it must be a patient.",Building ⊑ ∀authors.Patient
Every invoice produces only things that are either a patient or a food.,Invoice ⊑ ∀produces.(Patient ⊔ Food)
"If a building has child anything, it must be a library.",Building ⊑ ∀hasChild.Library
Anything that creates a patient also creates a project.,∃creates.Patient ⊑ ∃creates.Project
Every employee is either a student or a movie.,Employee ⊑ Student ⊔ Movie
A machine or a teacher.,Machine ⊔ Teacher
Every teacher that develops only movies is a device.,Teacher ⊓ ∀develops.Movie ⊑ Device
"If a vehicle supervises anything, it must be a device.",Vehicle ⊑ ∀supervises.Device
Every service is a city that uses at least one school.,Service ⊑ City ⊓ ∃uses.School
Every vehicle produces at least one person.,Vehicle ⊑ ∃produces.Person
Every movie is both a school and a car.,Movie ⊑ School ⊓ Car
Every student is a machine.,Student ⊑ Machine
Every engineer is both a dog and a course.,Engineer ⊑ Dog ⊓ Course
Anything that delivers only students.,∀delivers.Student
Every company that develops a patient is a product.,Company ⊓ ∃develops.Patient ⊑ Product
A music is located in exclusively invoices.,Music ⊑ ∀locatedIn.Invoice
A customer is something that maintains a project.,Customer ⊑ ∃maintains.Project
Anything that manages a book.,∃manages.Book
Every scientist treats only customers.,Scientist ⊑ ∀treats.Customer
Every dog is either a project or a product.,Dog ⊑ Project ⊔ Product
Every employee treats at least one person.,Employee ⊑ ∃treats.Person
Every car is both a teacher and a publication.,Car ⊑ Teacher ⊓ Publication
All foods are customers.,Food ⊑ Customer
Anything that works for a patient also works for a department.,∃worksFor.Patient ⊑ ∃worksFor.Department
Every food is a school that designs only devices.,Food ⊑ School ⊓ ∀designs.Device
All countrys are patients.,Country ⊑ Patient
Nothing that is a university is a person.,University ⊑ ¬Person
A supplier is something that delivers a order.,Supplier ⊑ ∃delivers.Order
"If a researcher develops anything, it must be a department.",Researcher ⊑ ∀develops.Department
A hospital cannot be a school.,Hospital ⊑ ¬School
A company is neither a hospital nor a artist.,Company ⊑ ¬(Hospital ⊔ Artist)
All machines are hardwares.,Machine ⊑ Hardware
A doctor is something that sells a dog.,Doctor ⊑ ∃sells.Dog
Every engineer produces at least one dog.,Engineer ⊑ ∃produces.Dog
A animal or a project.,Animal ⊔ Project
Nothing that is a country is a bank.,Country ⊑ ¬Bank
All books are softwares as well as suppliers.,Book ⊑ Software ⊓ Supplier
A city is always a service.,City ⊑ Service
All managers are defined as a teacher or a car.,Manager ⊑ Teacher ⊔ Car
"If a teacher supervises anything, it must be a bank.",Teacher ⊑ ∀supervises.Bank
Every customer is a artist that manages only machines.,Customer ⊑ Artist ⊓ ∀manages.Machine
All citys are researchers as well as scientists.,City ⊑ Researcher ⊓ Scientist
A invoice works for exclusively persons.,Invoice ⊑ ∀worksFor.Person
Every country is a service.,Country ⊑ Service
A researcher maintains exclusively patients.,Researcher ⊑ ∀maintains.Patient
A transaction cannot be a dog.,Transaction ⊑ ¬Dog
Every scientist is a project that designs only animals.,Scientist ⊑ Project ⊓ ∀designs.Animal
Anything that attends a hardware.,∃attends.Hardware
A manager or a teacher.,Manager ⊔ Teacher
A company is always a doctor.,Company ⊑ Doctor
Every patient funds only researchers.,Patient ⊑ ∀funds.Researcher
No animal is a person.,Animal ⊑ ¬Person
Every account that likes a car is a course.,Account ⊓ ∃likes.Car ⊑ Course
Every researcher is a product that creates at least one machine.,Researcher ⊑ Product ⊓ ∃creates.Machine
Every animal is a product.,Animal ⊑ Product
All devices are defined as a invoice or a person.,Device ⊑ Invoice ⊔ Person
All services are employees as well as customers.,Service ⊑ Employee ⊓ Customer
A movie or a university.,Movie ⊔ University
A manager and a student.,Manager ⊓ Student
All companys are plants as well as customers.,Company ⊑ Plant ⊓ Customer
Every building is a scientist that teaches only companys.,Building ⊑ Scientist ⊓ ∀teaches.Company
Each transaction owns a company.,Transaction ⊑ ∃owns.Company
A product and a country.,Product ⊓ Country
A engineer has child exclusively schools.,Engineer ⊑ ∀hasChild.School
Anything that manages only citys.,∀manages.City
Every car that produces a supplier is a engineer.,Car ⊓ ∃produces.Supplier ⊑ Engineer
A department is always a artist.,Department ⊑ Artist
A person is always a customer.,Person ⊑ Customer
A bank is always a music.,Bank ⊑ Music
All citys are defined as a hospital or a supplier.,City ⊑ Hospital ⊔ Supplier
Every teacher is a doctor that operates only students.,Teacher ⊑ Doctor ⊓ ∀operates.Student
Anything that produces only musics.,∀produces.Music
A patient is something that owns a course.,Patient ⊑ ∃owns.Course
Every teacher has child at least one customer.,Teacher ⊑ ∃hasChild.Customer
All companys are products.,Company ⊑ Product
Every artist develops at least one machine.,Artist ⊑ ∃develops.Machine
All schools are universitys as well as countrys.,School ⊑ University ⊓ Country
Each person supervises a music.,Person ⊑ ∃supervises.Music
Every patient buys something that is both a student and a employee.,Patient ⊑ ∃buys.(Student ⊓ Employee)
Every service buys something that is both a person and a manager.,Service ⊑ ∃buys.(Person ⊓ Manager)
Anything that likes a music.,∃likes.Music
A animal attends exclusively scientists.,Animal ⊑ ∀attends.Scientist
Every teacher manages only things that are either a product or a school.,Teacher ⊑ ∀manages.(Product ⊔ School)
No manager is a product.,Manager ⊑ ¬Product
Every order that is located in a employee is a teacher.,Order ⊓ ∃locatedIn.Employee ⊑ Teacher
A organization or a doctor.,Organization ⊔ Doctor
Anything that is located in a machine also is located in a order.,∃locatedIn.Machine ⊑ ∃locatedIn.Order
Every school is both a car and a movie.,School ⊑ Car ⊓ Movie
Every device is a transaction that delivers only invoices.,Device ⊑ Transaction ⊓ ∀delivers.Invoice
Every car is either a food or a course.,Car ⊑ Food ⊔ Course
No building is a library.,Building ⊑ ¬Library
Every car that has child only foods is a city.,Car ⊓ ∀hasChild.Food ⊑ City
Whatever is both a employee and a animal delivers a engineer.,Employee ⊓ Animal ⊑ ∃delivers.Engineer
Every machine funds something that is both a department and a customer.,Machine ⊑ ∃funds.(Department ⊓ Customer)
Every plant supervises at least one vehicle.,Plant ⊑ ∃supervises.Vehicle
Every researcher that funds a engineer is a building.,Researcher ⊓ ∃funds.Engineer ⊑ Building
Every service buys only things that are either a city or a patient.,Service ⊑ ∀buys.(City ⊔ Patient)
A device and a animal.,Device ⊓ Animal
A company cannot be a university.,Company ⊑ ¬University
Every project that knows only books is a hardware.,Project ⊓ ∀knows.Book ⊑ Hardware
Anything that creates a school also creates a customer.,∃creates.School ⊑ ∃creates.Customer
Every building is both a engineer and a project.,Building ⊑ Engineer ⊓ Project
Every customer creates something that is both a hardware and a service.,Customer ⊑ ∃creates.(Hardware ⊓ Service)
All researchers are devices as well as books.,Researcher ⊑ Device ⊓ Book
Anything that reads only products.,∀reads.Product
Every food is a hardware.,Food ⊑ Hardware
Anything that maintains a dog.,∃maintains.Dog
A researcher cannot be a account.,Researcher ⊑ ¬Account
Every bank is either a student or a supplier.,Bank ⊑ Student ⊔ Supplier
"If a engineer is located in anything, it must be a book.",Engineer ⊑ ∀locatedIn.Book
Every animal develops at least one supplier.,Animal ⊑ ∃develops.Supplier
"If a bank has child anything, it must be a scientist.",Bank ⊑ ∀hasChild.Scientist
No organization is a movie.,Organization ⊑ ¬Movie
Every person is either a food or a hospital.,Person ⊑ Food ⊔ Hospital
A building cannot be a bank.,Building ⊑ ¬Bank
"If a supplier knows anything, it must be a machine.",Supplier ⊑ ∀knows.Machine
Every music is either a publication or a scientist.,Music ⊑ Publication ⊔ Scientist
Every department is either a student or a engineer.,Department ⊑ Student ⊔ Engineer
Every researcher works for something that is both a movie and a employee.,Researcher ⊑ ∃worksFor.(Movie ⊓ Employee)
Every dog reads only things that are either a order or a manager.,Dog ⊑ ∀reads.(Order ⊔ Manager)
A machine is always a service.,Machine ⊑ Service
All artists are countrys as well as engineers.,Artist ⊑ Country ⊓ Engineer
A publication is always a doctor.,Publication ⊑ Doctor
All librarys are hardwares.,Library ⊑ Hardware
Every book is a school that creates at least one animal.,Book ⊑ School ⊓ ∃creates.Animal
Every device creates at least one engineer.,Device ⊑ ∃creates.Engineer
Every account is a hardware that sells only suppliers.,Account ⊑ Hardware ⊓ ∀sells.Supplier
A book cannot be a library.,Book ⊑ ¬Library
All countrys are movies.,Country ⊑ Movie
Anything that owns a service.,∃owns.Service
Every invoice is a food that designs at least one dog.,Invoice ⊑ Food ⊓ ∃designs.Dog
A manager is something that treats a scientist.,Manager ⊑ ∃treats.Scientist
A school is always a hardware.,School ⊑ Hardware
Every invoice is a vehicle.,Invoice ⊑ Vehicle
Every supplier that sells only organizations is a researcher.,Supplier ⊓ ∀sells.Organization ⊑ Researcher
Every manager owns at least one artist.,Manager ⊑ ∃owns.Artist
Every student reads only things that are either a project or a book.,Student ⊑ ∀reads.(Project ⊔ Book)
All artists are researchers as well as banks.,Artist ⊑ Researcher ⊓ Bank
Anything that attends only orders.,∀attends.Order
Every machine is either a artist or a engineer.,Machine ⊑ Artist ⊔ Engineer
A service is something that has child a order.,Service ⊑ ∃hasChild.Order
Every city develops only things that are either a project or a car.,City ⊑ ∀develops.(Project ⊔ Car)
Every manager is a account that designs only devices.,Manager ⊑ Account ⊓ ∀designs.Device
Every cat is both a movie and a department.,Cat ⊑ Movie ⊓ Department
Every software supervises something that is both a project and a artist.,Software ⊑ ∃supervises.(Project ⊓ Artist)
Every service supervises something that is both a patient and a department.,Service ⊑ ∃supervises.(Patient ⊓ Department)
Whatever is both a scientist and a city develops a service.,Scientist ⊓ City ⊑ ∃develops.Service
All devices are scientists as well as engineers.,Device ⊑ Scientist ⊓ Engineer
Anything that authors a course also authors a department.,∃authors.Course ⊑ ∃authors.Department
Anything that creates only countrys.,∀creates.Country
Every company reads only citys.,Company ⊑ ∀reads.City
A account is neither a transaction nor a software.,Account ⊑ ¬(Transaction ⊔ Software)
Every researcher owns only managers.,Researcher ⊑ ∀owns.Manager
Every country is both a teacher and a order.,Country ⊑ Teacher ⊓ Order
"If a hospital likes anything, it must be a building.",Hospital ⊑ ∀likes.Building
Every scientist is either a bank or a plant.,Scientist ⊑ Bank ⊔ Plant
Every bank is a employee that supervises only artists.,Bank ⊑ Employee ⊓ ∀supervises.Artist
Every course that sells a building is a school.,Course ⊓ ∃sells.Building ⊑ School
Every company that buys only customers is a city.,Company ⊓ ∀buys.Customer ⊑ City
Every supplier attends at least one transaction.,Supplier ⊑ ∃attends.Transaction
A book cannot be a dog.,Book ⊑ ¬Dog
A software is always a person.,Software ⊑ Person
Every engineer is either a plant or a movie.,Engineer ⊑ Plant ⊔ Movie
A hospital designs exclusively services.,Hospital ⊑ ∀designs.Service
Each device knows a book.,Device ⊑ ∃knows.Book
Anything that works for a dog.,∃worksFor.Dog
A music designs exclusively projects.,Music ⊑ ∀designs.Project
Each company works for a library.,Company ⊑ ∃worksFor.Library
A building is always a library.,Building ⊑ Library
Each person uses a vehicle.,Person ⊑ ∃uses.Vehicle
A project is something that funds a plant.,Project ⊑ ∃funds.Plant
Each order knows a patient.,Order ⊑ ∃knows.Patient
"If a organization attends anything, it must be a transaction.",Organization ⊑ ∀attends.Transaction
A student and a person.,Student ⊓ Person
All teachers are defined as a supplier or a city.,Teacher ⊑ Supplier ⊔ City
Every bank authors only projects.,Bank ⊑ ∀authors.Project
Every country is a artist that treats at least one hardware.,Country ⊑ Artist ⊓ ∃treats.Hardware
Every service manages only cars.,Service ⊑ ∀manages.Car
All buildings are librarys.,Building ⊑ Library
Every book funds only doctors.,Book ⊑ ∀funds.Doctor
Each car knows a account.,Car ⊑ ∃knows.Account
A organization is neither a software nor a plant.,Organization ⊑ ¬(Software ⊔ Plant)
Nothing that is a person is a building.,Person ⊑ ¬Building
A publication or a software.,Publication ⊔ Software
Every library creates only things that are either a manager or a order.,Library ⊑ ∀creates.(Manager ⊔ Order)
Every course that delivers a hospital is a engineer.,Course ⊓ ∃delivers.Hospital ⊑ Engineer
A vehicle is something that likes a artist.,Vehicle ⊑ ∃likes.Artist
A course is always a engineer.,Course ⊑ Engineer
Every doctor is either a plant or a cat.,Doctor ⊑ Plant ⊔ Cat
Every student that teaches a food is a doctor.,Student ⊓ ∃teaches.Food ⊑ Doctor
Every researcher delivers only engineers.,Researcher ⊑ ∀delivers.Engineer
"If a country treats anything, it must be a account.",Country ⊑ ∀treats.Account
A department is something that teaches a vehicle.,Department ⊑ ∃teaches.Vehicle
Every vehicle is a invoice.,Vehicle ⊑ Invoice
A music cannot be a school.,Music ⊑ ¬School
Every book that creates a movie is a company.,Book ⊓ ∃creates.Movie ⊑ Company
A artist cannot be a company.,Artist ⊑ ¬Company
Every researcher is either a vehicle or a device.,Researcher ⊑ Vehicle ⊔ Device
A device is neither a project nor a hardware.,Device ⊑ ¬(Project ⊔ Hardware)
Anything that delivers a scientist also delivers a researcher.,∃delivers.Scientist ⊑ ∃delivers.Researcher
Every car reads at least one researcher.,Car ⊑ ∃reads.Researcher
Every animal is a person that attends only citys.,Animal ⊑ Person ⊓ ∀attends.City
Anything that is located in a person also is located in a country.,∃locatedIn.Person ⊑ ∃locatedIn.Country
All customers are managers as well as students.,Customer ⊑ Manager ⊓ Student
A supplier is something that buys a country.,Supplier ⊑ ∃buys.Country
Every student is a library.,Student ⊑ Library
A cat or a hardware.,Cat ⊔ Hardware
Every patient is either a transaction or a music.,Patient ⊑ Transaction ⊔ Music
A animal is something that reads a project.,Animal ⊑ ∃reads.Project
Every bank has child only things that are either a course or a school.,Bank ⊑ ∀hasChild.(Course ⊔ School)
A publication manages exclusively organizations.,Publication ⊑ ∀manages.Organization
All students are defined as a person or a dog.,Student ⊑ Person ⊔ Dog
Anything that delivers only engineers.,∀delivers.Engineer
A patient is something that manages a transaction.,Patient ⊑ ∃manages.Transaction
Every cat is either a course or a account.,Cat ⊑ Course ⊔ Account
Nothing that is a bank is a city.,Bank ⊑ ¬City
Every hardware is a employee that uses only dogs.,Hardware ⊑ Employee ⊓ ∀uses.Dog
Every hardware funds only things that are either a book or a service.,Hardware ⊑ ∀funds.(Book ⊔ Service)
Each artist knows a animal.,Artist ⊑ ∃knows.Animal
All accounts are employees as well as banks.,Account ⊑ Employee ⊓ Bank
Anything that designs a department.,∃designs.Department
Anything that knows a library also knows a book.,∃knows.Library ⊑ ∃knows.Book
All patients are doctors.,Patient ⊑ Doctor
A course is neither a dog nor a university.,Course ⊑ ¬(Dog ⊔ University)
A department is something that delivers a service.,Department ⊑ ∃delivers.Service
"If a hardware supervises anything, it must be a software.",Hardware ⊑ ∀supervises.Software
All cars are doctors.,Car ⊑ Doctor
"If a machine has child anything, it must be a student.",Machine ⊑ ∀hasChild.Student
All universitys are plants as well as softwares.,University ⊑ Plant ⊓ Software
Every machine that operates a building is a researcher.,Machine ⊓ ∃operates.Building ⊑ Researcher
A manager is something that authors a animal.,Manager ⊑ ∃authors.Animal
Anything that likes only foods.,∀likes.Food
Every organization that knows a movie is a transaction.,Organization ⊓ ∃knows.Movie ⊑ Transaction
Every plant buys something that is both a device and a invoice.,Plant ⊑ ∃buys.(Device ⊓ Invoice)
Every scientist is either a product or a hospital.,Scientist ⊑ Product ⊔ Hospital
Anything that attends a doctor also attends a patient.,∃attends.Doctor ⊑ ∃attends.Patient
Every product owns something that is both a machine and a hardware.,Product ⊑ ∃owns.(Machine ⊓ Hardware)
Every account is a animal.,Account ⊑ Animal
A project is something that likes a product.,Project ⊑ ∃likes.Product
A library is neither a patient nor a doctor.,Library ⊑ ¬(Patient ⊔ Doctor)
Every hardware is a device.,Hardware ⊑ Device
A service knows exclusively teachers.,Service ⊑ ∀knows.Teacher
Every course is a department that attends only researchers.,Course ⊑ Department ⊓ ∀attends.Researcher
A customer and a account.,Customer ⊓ Account
A customer is neither a employee nor a person.,Customer ⊑ ¬(Employee ⊔ Person)
A company and a service.,Company ⊓ Service
Every manager that uses only publications is a movie.,Manager ⊓ ∀uses.Publication ⊑ Movie
Every device is a school that maintains at least one machine.,Device ⊑ School ⊓ ∃maintains.Machine
Every car that sells only persons is a library.,Car ⊓ ∀sells.Person ⊑ Library
All researchers are customers as well as patients.,Researcher ⊑ Customer ⊓ Patient
Every scientist is both a transaction and a device.,Scientist ⊑ Transaction ⊓ Device
Anything that buys a scientist.,∃buys.Scientist
No artist is a cat.,Artist ⊑ ¬Cat
All cars are vehicles.,Car ⊑ Vehicle
Anything that knows a school.,∃knows.School
Whatever is both a project and a university designs a food.,Project ⊓ University ⊑ ∃designs.Food
Every hardware is a engineer that supervises at least one university.,Hardware ⊑ Engineer ⊓ ∃supervises.University
Every music is located in only patients.,Music ⊑ ∀locatedIn.Patient
A city is neither a device nor a service.,City ⊑ ¬(Device ⊔ Service)
Every city that develops a employee is a account.,City ⊓ ∃develops.Employee ⊑ Account
Every music is a person.,Music ⊑ Person
Anything that develops a organization.,∃develops.Organization
Anything that is located in only musics.,∀locatedIn.Music
Every music is either a service or a library.,Music ⊑ Service ⊔ Library
All researchers are animals as well as companys.,Researcher ⊑ Animal ⊓ Company
Each supplier designs a machine.,Supplier ⊑ ∃designs.Machine
A publication is something that likes a customer.,Publication ⊑ ∃likes.Customer
A music or a car.,Music ⊔ Car
Every plant delivers only things that are either a device or a patient.,Plant ⊑ ∀delivers.(Device ⊔ Patient)
Every student owns at least one transaction.,Student ⊑ ∃owns.Transaction
Every university is either a machine or a music.,University ⊑ Machine ⊔ Music
Anything that funds only cats.,∀funds.Cat
Every device that maintains a employee is a service.,Device ⊓ ∃maintains.Employee ⊑ Service
Every device that uses a order is a food.,Device ⊓ ∃uses.Order ⊑ Food
Anything that owns a dog also owns a product.,∃owns.Dog ⊑ ∃owns.Product
Every hospital is a cat that creates only invoices.,Hospital ⊑ Cat ⊓ ∀creates.Invoice
Every hardware sells something that is both a manager and a customer.,Hardware ⊑ ∃sells.(Manager ⊓ Customer)
Every animal teaches only vehicles.,Animal ⊑ ∀teaches.Vehicle
Anything that buys a vehicle.,∃buys.Vehicle
Every movie is a patient that buys at least one library.,Movie ⊑ Patient ⊓ ∃buys.Library
Each customer funds a patient.,Customer ⊑ ∃funds.Patient
Anything that has child a book also has child a dog.,∃hasChild.Book ⊑ ∃hasChild.Dog
Every artist is a person that uses at least one hospital.,Artist ⊑ Person ⊓ ∃uses.Hospital
"If a vehicle authors anything, it must be a customer.",Vehicle ⊑ ∀authors.Customer
A machine treats exclusively scientists.,Machine ⊑ ∀treats.Scientist
"If a cat designs anything, it must be a library.",Cat ⊑ ∀designs.Library
Nothing that is a car is a doctor.,Car ⊑ ¬Doctor
Every supplier authors something that is both a dog and a book.,Supplier ⊑ ∃authors.(Dog ⊓ Book)
Each city creates a dog.,City ⊑ ∃creates.Dog
Every cat that maintains a researcher is a organization.,Cat ⊓ ∃maintains.Researcher ⊑ Organization
Each project delivers a country.,Project ⊑ ∃delivers.Country
All books are publications.,Book ⊑ Publication
Anything that reads a manager.,∃reads.Manager
Every engineer develops something that is both a cat and a teacher.,Engineer ⊑ ∃develops.(Cat ⊓ Teacher)
Every dog is both a account and a plant.,Dog ⊑ Account ⊓ Plant
All teachers are defined as a bank or a product.,Teacher ⊑ Bank ⊔ Product
All teachers are invoices.,Teacher ⊑ Invoice
All invoices are managers as well as books.,Invoice ⊑ Manager ⊓ Book
All companys are foods as well as devices.,Company ⊑ Food ⊓ Device
Every supplier manages something that is both a researcher and a course.,Supplier ⊑ ∃manages.(Researcher ⊓ Course)
"If a device maintains anything, it must be a city.",Device ⊑ ∀maintains.City
A artist is always a project.,Artist ⊑ Project
Every person that has child only invoices is a dog.,Person ⊓ ∀hasChild.Invoice ⊑ Dog
Each supplier authors a patient.,Supplier ⊑ ∃authors.Patient
Anything that owns a project also owns a software.,∃owns.Project ⊑ ∃owns.Software
Every account is a artist that knows at least one student.,Account ⊑ Artist ⊓ ∃knows.Student
Every organization delivers at least one invoice.,Organization ⊑ ∃delivers.Invoice
All persons are defined as a city or a movie.,Person ⊑ City ⊔ Movie
All cats are defined as a food or a dog.,Cat ⊑ Food ⊔ Dog
Every invoice is either a employee or a publication.,Invoice ⊑ Employee ⊔ Publication
Every cat that sells a order is a person.,Cat ⊓ ∃sells.Order ⊑ Person
Anything that creates a software.,∃creates.Software
A vehicle or a car.,Vehicle ⊔ Car
Anything that designs a book.,∃designs.Book
Anything that reads only countrys.,∀reads.Country
All students are schools.,Student ⊑ School
Every city that supervises only suppliers is a device.,City ⊓ ∀supervises.Supplier ⊑ Device
Every movie that develops only projects is a order.,Movie ⊓ ∀develops.Project ⊑ Order
Every department is a library.,Department ⊑ Library
A product creates exclusively foods.,Product ⊑ ∀creates.Food
Every supplier is a patient.,Supplier ⊑ Patient
All orders are musics.,Order ⊑ Music
Every manager that manages only cats is a library.,Manager ⊓ ∀manages.Cat ⊑ Library
Nothing that is a teacher is a employee.,Teacher ⊑ ¬Employee
Anything that maintains a vehicle also maintains a country.,∃maintains.Vehicle ⊑ ∃maintains.Country
All services are orders.,Service ⊑ Order
Whatever is both a course and a researcher authors a customer.,Course ⊓ Researcher ⊑ ∃authors.Customer
Every manager that attends only hardwares is a music.,Manager ⊓ ∀attends.Hardware ⊑ Music
Every city is a library that develops only cars.,City ⊑ Library ⊓ ∀develops.Car
Every artist that authors only managers is a scientist.,Artist ⊓ ∀authors.Manager ⊑ Scientist
A customer treats exclusively musics.,Customer ⊑ ∀treats.Music
No person is a cat.,Person ⊑ ¬Cat
Anything that reads a course.,∃reads.Course
All employees are hardwares.,Employee ⊑ Hardware
Every car buys only musics.,Car ⊑ ∀buys.Music
Every company that teaches only departments is a service.,Company ⊓ ∀teaches.Department ⊑ Service
Every hardware is either a organization or a engineer.,Hardware ⊑ Organization ⊔ Engineer
Anything that operates a product.,∃operates.Product
A employee cannot be a supplier.,Employee ⊑ ¬Supplier
Nothing that is a bank is a movie.,Bank ⊑ ¬Movie
Every student that reads only doctors is a course.,Student ⊓ ∀reads.Doctor ⊑ Course
A hardware is located in exclusively employees.,Hardware ⊑ ∀locatedIn.Employee
A account is something that uses a invoice.,Account ⊑ ∃uses.Invoice
A dog sells exclusively publications.,Dog ⊑ ∀sells.Publication
A person is something that delivers a device.,Person ⊑ ∃delivers.Device
Every student is located in only things that are either a music or a order.,Student ⊑ ∀locatedIn.(Music ⊔ Order)
Each project is located in a bank.,Project ⊑ ∃locatedIn.Bank
Every cat buys only things that are either a department or a food.,Cat ⊑ ∀buys.(Department ⊔ Food)
All hardwares are buildings as well as hospitals.,Hardware ⊑ Building ⊓ Hospital
All banks are persons as well as products.,Bank ⊑ Person ⊓ Product
Anything that sells only invoices.,∀sells.Invoice
Each service works for a employee.,Service ⊑ ∃worksFor.Employee
A engineer cannot be a university.,Engineer ⊑ ¬University
A software cannot be a animal.,Software ⊑ ¬Animal
Every employee uses only scientists.,Employee ⊑ ∀uses.Scientist
Every project designs something that is both a supplier and a library.,Project ⊑ ∃designs.(Supplier ⊓ Library)
A account is always a music.,Account ⊑ Music
No product is a student.,Product ⊑ ¬Student
A hospital and a manager.,Hospital ⊓ Manager
A teacher is something that designs a cat.,Teacher ⊑ ∃designs.Cat
Every supplier that has child a software is a university.,Supplier ⊓ ∃hasChild.Software ⊑ University
Every book funds something that is both a manager and a bank.,Book ⊑ ∃funds.(Manager ⊓ Bank)
Every customer develops at least one animal.,Customer ⊑ ∃develops.Animal
Every food treats only things that are either a artist or a manager.,Food ⊑ ∀treats.(Artist ⊔ Manager)
Each machine manages a school.,Machine ⊑ ∃manages.School
Whatever is both a department and a country operates a publication.,Department ⊓ Country ⊑ ∃operates.Publication
Every food is a city that creates only librarys.,Food ⊑ City ⊓ ∀creates.Library
All students are doctors as well as suppliers.,Student ⊑ Doctor ⊓ Supplier
A scientist operates exclusively doctors.,Scientist ⊑ ∀operates.Doctor
Every country is a hardware that uses only students.,Country ⊑ Hardware ⊓ ∀uses.Student
Each person sells a bank.,Person ⊑ ∃sells.Bank
Every bank is a university.,Bank ⊑ University
Every hospital authors at least one patient.,Hospital ⊑ ∃authors.Patient
All buildings are services.,Building ⊑ Service
Every employee that teaches only buildings is a organization.,Employee ⊓ ∀teaches.Building ⊑ Organization
A car or a order.,Car ⊔ Order
All scientists are defined as a transaction or a product.,Scientist ⊑ Transaction ⊔ Product
Each bank produces a project.,Bank ⊑ ∃produces.Project
A doctor is something that likes a movie.,Doctor ⊑ ∃likes.Movie
All librarys are buildings.,Library ⊑ Building
Anything that designs a food.,∃designs.Food
All devices are defined as a movie or a organization.,Device ⊑ Movie ⊔ Organization
Nothing that is a library is a artist.,Library ⊑ ¬Artist
Every engineer is a department that works for only teachers.,Engineer ⊑ Department ⊓ ∀worksFor.Teacher
Every library is a department.,Library ⊑ Department
All buildings are defined as a engineer or a scientist.,Building ⊑ Engineer ⊔ Scientist
Every service is a library that funds at least one bank.,Service ⊑ Library ⊓ ∃funds.Bank
Every cat is a artist that maintains only cars.,Cat ⊑ Artist ⊓ ∀maintains.Car
A dog is something that designs a scientist.,Dog ⊑ ∃designs.Scientist
A country or a course.,Country ⊔ Course
Every movie designs at least one library.,Movie ⊑ ∃designs.Library
All courses are movies as well as musics.,Course ⊑ Movie ⊓ Music
A doctor or a supplier.,Doctor ⊔ Supplier
All products are defined as a transaction or a vehicle.,Product ⊑ Transaction ⊔ Vehicle
Every car is both a service and a engineer.,Car ⊑ Service ⊓ Engineer
Every order creates something that is both a supplier and a device.,Order ⊑ ∃creates.(Supplier ⊓ Device)
Every library that uses only customers is a person.,Library ⊓ ∀uses.Customer ⊑ Person
Every doctor is either a cat or a hospital.,Doctor ⊑ Cat ⊔ Hospital
A scientist or a movie.,Scientist ⊔ Movie
Every animal supervises only engineers.,Animal ⊑ ∀supervises.Engineer
Every university is located in only doctors.,University ⊑ ∀locatedIn.Doctor
A engineer teaches exclusively teachers.,Engineer ⊑ ∀teaches.Teacher
A cat and a university.,Cat ⊓ University
A teacher or a library.,Teacher ⊔ Library
All students are countrys as well as cats.,Student ⊑ Country ⊓ Cat
Anything that attends only hardwares.,∀attends.Hardware
Nothing that is a country is a food.,Country ⊑ ¬Food
A product cannot be a machine.,Product ⊑ ¬Machine
Whatever is both a researcher and a doctor teaches a bank.,Researcher ⊓ Doctor ⊑ ∃teaches.Bank
Every school that works for a food is a bank.,School ⊓ ∃worksFor.Food ⊑ Bank
"If a country reads anything, it must be a invoice.",Country ⊑ ∀reads.Invoice
Whatever is both a university and a engineer creates a hardware.,University ⊓ Engineer ⊑ ∃creates.Hardware
Every dog that authors only scientists is a car.,Dog ⊓ ∀authors.Scientist ⊑ Car
A city is always a plant.,City ⊑ Plant
No university is a movie.,University ⊑ ¬Movie
Every movie delivers only things that are either a service or a transaction.,Movie ⊑ ∀delivers.(Service ⊔ Transaction)
A music and a company.,Music ⊓ Company
Every teacher is a project.,Teacher ⊑ Project
All engineers are projects as well as plants.,Engineer ⊑ Project ⊓ Plant
Every publication is a person that likes only cats.,Publication ⊑ Person ⊓ ∀likes.Cat
A software or a course.,Software ⊔ Course
Anything that delivers a building also delivers a hardware.,∃delivers.Building ⊑ ∃delivers.Hardware
Anything that sells only managers.,∀sells.Manager
Every country is a scientist that operates only transactions.,Country ⊑ Scientist ⊓ ∀operates.Transaction
All customers are products as well as animals.,Customer ⊑ Product ⊓ Animal
A department or a machine.,Department ⊔ Machine
No building is a transaction.,Building ⊑ ¬Transaction
Every building is a department that is located in only doctors.,Building ⊑ Department ⊓ ∀locatedIn.Doctor
A doctor is something that sells a service.,Doctor ⊑ ∃sells.Service
Every company is either a software or a employee.,Company ⊑ Software ⊔ Employee
Every project reads something that is both a engineer and a department.,Project ⊑ ∃reads.(Engineer ⊓ Department)
Each order uses a engineer.,Order ⊑ ∃uses.Engineer
Every engineer is a service that operates at least one machine.,Engineer ⊑ Service ⊓ ∃operates.Machine
Every service produces only buildings.,Service ⊑ ∀produces.Building
All countrys are cats as well as universitys.,Country ⊑ Cat ⊓ University
A organization is neither a manager nor a city.,Organization ⊑ ¬(Manager ⊔ City)
Every researcher is a engineer.,Researcher ⊑ Engineer
A bank has child exclusively vehicles.,Bank ⊑ ∀hasChild.Vehicle
Every cat that authors a scientist is a order.,Cat ⊓ ∃authors.Scientist ⊑ Order
Every service that works for a cat is a movie.,Service ⊓ ∃worksFor.Cat ⊑ Movie
Every machine that supervises a vehicle is a country.,Machine ⊓ ∃supervises.Vehicle ⊑ Country
Whatever is both a city and a school has child a scientist.,City ⊓ School ⊑ ∃hasChild.Scientist
No project is a company.,Project ⊑ ¬Company
Every organization owns something that is both a building and a scientist.,Organization ⊑ ∃owns.(Building ⊓ Scientist)
A transaction is something that reads a movie.,Transaction ⊑ ∃reads.Movie
No manager is a food.,Manager ⊑ ¬Food
Every supplier treats something that is both a publication and a account.,Supplier ⊑ ∃treats.(Publication ⊓ Account)
Every city that has child a employee is a service.,City ⊓ ∃hasChild.Employee ⊑ Service
Every invoice is a cat that is located in only engineers.,Invoice ⊑ Cat ⊓ ∀locatedIn.Engineer
Every student manages only dogs.,Student ⊑ ∀manages.Dog
Every teacher treats at least one publication.,Teacher ⊑ ∃treats.Publication
Each artist owns a animal.,Artist ⊑ ∃owns.Animal
All vehicles are products.,Vehicle ⊑ Product
Every music works for something that is both a account and a hospital.,Music ⊑ ∃worksFor.(Account ⊓ Hospital)
"If a invoice authors anything, it must be a artist.",Invoice ⊑ ∀authors.Artist
A animal or a service.,Animal ⊔ Service
A manager and a patient.,Manager ⊓ Patient
A vehicle is always a software.,Vehicle ⊑ Software
Anything that sells a department.,∃sells.Department
"If a employee works for anything, it must be a supplier.",Employee ⊑ ∀worksFor.Supplier
Every plant is either a bank or a animal.,Plant ⊑ Bank ⊔ Animal
Anything that supervises a university also supervises a cat.,∃supervises.University ⊑ ∃supervises.Cat
Every dog is both a plant and a order.,Dog ⊑ Plant ⊓ Order
Every organization has child only things that are either a doctor or a school.,Organization ⊑ ∀hasChild.(Doctor ⊔ School)
Nothing that is a artist is a hardware.,Artist ⊑ ¬Hardware
Nothing that is a cat is a publication.,Cat ⊑ ¬Publication
Every school is a account that supervises only softwares.,School ⊑ Account ⊓ ∀supervises.Software
A machine is something that maintains a teacher.,Machine ⊑ ∃maintains.Teacher
All accounts are customers as well as machines.,Account ⊑ Customer ⊓ Machine
Every animal uses only departments.,Animal ⊑ ∀uses.Department
Whatever is both a course and a bank produces a software.,Course ⊓ Bank ⊑ ∃produces.Software
Each teacher teaches a cat.,Teacher ⊑ ∃teaches.Cat
Every car is both a doctor and a movie.,Car ⊑ Doctor ⊓ Movie
Nothing that is a engineer is a software.,Engineer ⊑ ¬Software
A transaction is always a course.,Transaction ⊑ Course
Nothing that is a student is a vehicle.,Student ⊑ ¬Vehicle
Every order buys only organizations.,Order ⊑ ∀buys.Organization
Anything that treats a building also treats a software.,∃treats.Building ⊑ ∃treats.Software
A software is something that likes a bank.,Software ⊑ ∃likes.Bank
Nothing that is a building is a project.,Building ⊑ ¬Project
Every customer that owns only students is a transaction.,Customer ⊓ ∀owns.Student ⊑ Transaction
A person cannot be a university.,Person ⊑ ¬University
"If a car works for anything, it must be a company.",Car ⊑ ∀worksFor.Company
Every person that creates only invoices is a department.,Person ⊓ ∀creates.Invoice ⊑ Department
"If a car funds anything, it must be a company.",Car ⊑ ∀funds.Company
All foods are defined as a artist or a account.,Food ⊑ Artist ⊔ Account
Every department is both a cat and a order.,Department ⊑ Cat ⊓ Order
Every publication is a product that funds at least one hospital.,Publication ⊑ Product ⊓ ∃funds.Hospital
Every teacher that likes a employee is a country.,Teacher ⊓ ∃likes.Employee ⊑ Country
A cat and a school.,Cat ⊓ School
A building treats exclusively vehicles.,Building ⊑ ∀treats.Vehicle
A service is neither a car nor a artist.,Service ⊑ ¬(Car ⊔ Artist)
Every publication knows only things that are either a course or a hardware.,Publication ⊑ ∀knows.(Course ⊔ Hardware)
Every product delivers only things that are either a student or a animal.,Product ⊑ ∀delivers.(Student ⊔ Animal)
Nothing that is a country is a teacher.,Country ⊑ ¬Teacher
Every invoice is either a cat or a organization.,Invoice ⊑ Cat ⊔ Organization
Anything that owns only banks.,∀owns.Bank
A product teaches exclusively services.,Product ⊑ ∀teaches.Service
A patient or a invoice.,Patient ⊔ Invoice
"If a manager reads anything, it must be a food.",Manager ⊑ ∀reads.Food
Every organization is a supplier that buys at least one music.,Organization ⊑ Supplier ⊓ ∃buys.Music
Every cat is both a school and a supplier.,Cat ⊑ School ⊓ Supplier
Anything that uses only animals.,∀uses.Animal
Every country is a movie that sells only orders.,Country ⊑ Movie ⊓ ∀sells.Order
Every car that delivers only vehicles is a department.,Car ⊓ ∀delivers.Vehicle ⊑ Department
Nothing that is a engineer is a manager.,Engineer ⊑ ¬Manager
A software or a scientist.,Software ⊔ Scientist
"If a service has child anything, it must be a bank.",Service ⊑ ∀hasChild.Bank
Every movie is a order.,Movie ⊑ Order
Every engineer is a country that develops only dogs.,Engineer ⊑ Country ⊓ ∀develops.Dog
Every machine authors only things that are either a library or a company.,Machine ⊑ ∀authors.(Library ⊔ Company)
A company is something that reads a teacher.,Company ⊑ ∃reads.Teacher
Every artist is a hardware.,Artist ⊑ Hardware
Every bank is a researcher.,Bank ⊑ Researcher
Every hospital treats only doctors.,Hospital ⊑ ∀treats.Doctor
"If a car reads anything, it must be a city.",Car ⊑ ∀reads.City
"If a engineer operates anything, it must be a employee.",Engineer ⊑ ∀operates.Employee
A manager is neither a teacher nor a software.,Manager ⊑ ¬(Teacher ⊔ Software)
Every researcher is a food.,Researcher ⊑ Food
Each company supervises a book.,Company ⊑ ∃supervises.Book
Each student funds a publication.,Student ⊑ ∃funds.Publication
Each hospital buys a course.,Hospital ⊑ ∃buys.Course
A dog is always a customer.,Dog ⊑ Customer
A movie is something that buys a engineer.,Movie ⊑ ∃buys.Engineer
Every machine that knows a movie is a organization.,Machine ⊓ ∃knows.Movie ⊑ Organization
Anything that develops a device.,∃develops.Device
All cats are defined as a food or a student.,Cat ⊑ Food ⊔ Student
Whatever is both a music and a city funds a bank.,Music ⊓ City ⊑ ∃funds.Bank
Every publication funds at least one device.,Publication ⊑ ∃funds.Device
A product is always a researcher.,Product ⊑ Researcher
All hardwares are defined as a organization or a manager.,Hardware ⊑ Organization ⊔ Manager
Anything that likes only courses.,∀likes.Course
A movie cannot be a food.,Movie ⊑ ¬Food
Each movie uses a school.,Movie ⊑ ∃uses.School
Nothing that is a manager is a supplier.,Manager ⊑ ¬Supplier
No manager is a engineer.,Manager ⊑ ¬Engineer
Nothing that is a doctor is a animal.,Doctor ⊑ ¬Animal
A account or a organization.,Account ⊔ Organization
All vehicles are teachers.,Vehicle ⊑ Teacher
Anything that is located in a customer.,∃locatedIn.Customer
Each book designs a student.,Book ⊑ ∃designs.Student
A hardware is neither a project nor a animal.,Hardware ⊑ ¬(Project ⊔ Animal)
A transaction and a food.,Transaction ⊓ Food
Nothing that is a transaction is a doctor.,Transaction ⊑ ¬Doctor
A organization or a person.,Organization ⊔ Person
A book produces exclusively orders.,Book ⊑ ∀produces.Order
Every student is a device that works for at least one country.,Student ⊑ Device ⊓ ∃worksFor.Country
All courses are defined as a account or a movie.,Course ⊑ Account ⊔ Movie
Anything that develops a dog.,∃develops.Dog
All accounts are students.,Account ⊑ Student
Anything that funds only doctors.,∀funds.Doctor
Every animal is both a project and a dog.,Animal ⊑ Project ⊓ Dog
Every doctor is a hardware.,Doctor ⊑ Hardware
Every researcher designs something that is both a vehicle and a animal.,Researcher ⊑ ∃designs.(Vehicle ⊓ Animal)
Every car that delivers only countrys is a university.,Car ⊓ ∀delivers.Country ⊑ University
All books are defined as a building or a manager.,Book ⊑ Building ⊔ Manager
Nothing that is a service is a order.,Service ⊑ ¬Order
A department is always a hospital.,Department ⊑ Hospital
Every publication has child only things that are either a researcher or a project.,Publication ⊑ ∀hasChild.(Researcher ⊔ Project)
A course is neither a engineer nor a doctor.,Course ⊑ ¬(Engineer ⊔ Doctor)
Every vehicle that owns a university is a doctor.,Vehicle ⊓ ∃owns.University ⊑ Doctor
"If a teacher uses anything, it must be a course.",Teacher ⊑ ∀uses.Course
Every account supervises only managers.,Account ⊑ ∀supervises.Manager
Every invoice is a animal that authors only foods.,Invoice ⊑ Animal ⊓ ∀authors.Food
A researcher and a device.,Researcher ⊓ Device
A machine treats exclusively teachers.,Machine ⊑ ∀treats.Teacher
Every hardware attends at least one transaction.,Hardware ⊑ ∃attends.Transaction
No product is a project.,Product ⊑ ¬Project
Whatever is both a artist and a supplier teaches a hospital.,Artist ⊓ Supplier ⊑ ∃teaches.Hospital
A person is always a music.,Person ⊑ Music
"If a device manages anything, it must be a doctor.",Device ⊑ ∀manages.Doctor
Whatever is both a university and a building teaches a organization.,University ⊓ Building ⊑ ∃teaches.Organization
Every city is either a student or a researcher.,City ⊑ Student ⊔ Researcher
A course and a student.,Course ⊓ Student
Every country reads something that is both a machine and a food.,Country ⊑ ∃reads.(Machine ⊓ Food)
Every hospital is a manager.,Hospital ⊑ Manager
Anything that delivers a plant.,∃delivers.Plant
Anything that treats a plant.,∃treats.Plant
All services are defined as a account or a music.,Service ⊑ Account ⊔ Music
Every vehicle is both a manager and a customer.,Vehicle ⊑ Manager ⊓ Customer
Every student sells at least one book.,Student ⊑ ∃sells.Book
Every university is a transaction that works for at least one manager.,University ⊑ Transaction ⊓ ∃worksFor.Manager
Every movie is a employee that delivers at least one dog.,Movie ⊑ Employee ⊓ ∃delivers.Dog
A product is neither a student nor a book.,Product ⊑ ¬(Student ⊔ Book)
Anything that reads only vehicles.,∀reads.Vehicle
Every service knows at least one student.,Service ⊑ ∃knows.Student
Anything that maintains only companys.,∀maintains.Company
Anything that owns a supplier also owns a library.,∃owns.Supplier ⊑ ∃owns.Library
Anything that attends a account also attends a publication.,∃attends.Account ⊑ ∃attends.Publication
Every service that sells a employee is a student.,Service ⊓ ∃sells.Employee ⊑ Student
No library is a dog.,Library ⊑ ¬Dog
Every student works for something that is both a machine and a hospital.,Student ⊑ ∃worksFor.(Machine ⊓ Hospital)
All hardwares are musics as well as employees.,Hardware ⊑ Music ⊓ Employee
A city and a department.,City ⊓ Department
A student and a supplier.,Student ⊓ Supplier
A hospital is neither a organization nor a bank.,Hospital ⊑ ¬(Organization ⊔ Bank)
Every school that maintains a hardware is a book.,School ⊓ ∃maintains.Hardware ⊑ Book
Whatever is both a music and a course buys a city.,Music ⊓ Course ⊑ ∃buys.City
Every person is either a scientist or a transaction.,Person ⊑ Scientist ⊔ Transaction
"If a bank knows anything, it must be a project.",Bank ⊑ ∀knows.Project
"If a cat likes anything, it must be a company.",Cat ⊑ ∀likes.Company
Anything that manages a researcher also manages a vehicle.,∃manages.Researcher ⊑ ∃manages.Vehicle
Whatever is both a device and a invoice attends a student.,Device ⊓ Invoice ⊑ ∃attends.Student
A school or a course.,School ⊔ Course
Anything that operates a hardware.,∃operates.Hardware
Every hospital that develops a book is a supplier.,Hospital ⊓ ∃develops.Book ⊑ Supplier
Every artist owns only things that are either a book or a project.,Artist ⊑ ∀owns.(Book ⊔ Project)
"If a student delivers anything, it must be a teacher.",Student ⊑ ∀delivers.Teacher
Every product is both a invoice and a country.,Product ⊑ Invoice ⊓ Country
Every animal uses only invoices.,Animal ⊑ ∀uses.Invoice
A building is something that manages a account.,Building ⊑ ∃manages.Account
Every car treats at least one hospital.,Car ⊑ ∃treats.Hospital
All suppliers are cars.,Supplier ⊑ Car
Every device is either a plant or a course.,Device ⊑ Plant ⊔ Course
Anything that is located in a teacher.,∃locatedIn.Teacher
All persons are defined as a university or a animal.,Person ⊑ University ⊔ Animal
No researcher is a company.,Researcher ⊑ ¬Company
All softwares are defined as a product or a department.,Software ⊑ Product ⊔ Department
Every animal that delivers a account is a vehicle.,Animal ⊓ ∃delivers.Account ⊑ Vehicle
Every manager supervises at least one invoice.,Manager ⊑ ∃supervises.Invoice
No patient is a animal.,Patient ⊑ ¬Animal
Anything that works for a book also works for a customer.,∃worksFor.Book ⊑ ∃worksFor.Customer
Every scientist designs only courses.,Scientist ⊑ ∀designs.Course
Every student that funds only cats is a account.,Student ⊓ ∀funds.Cat ⊑ Account
All countrys are customers as well as plants.,Country ⊑ Customer ⊓ Plant
Every supplier that supervises only universitys is a city.,Supplier ⊓ ∀supervises.University ⊑ City
Every country buys only cars.,Country ⊑ ∀buys.Car
A company is always a student.,Company ⊑ Student
Whatever is both a library and a company creates a artist.,Library ⊓ Company ⊑ ∃creates.Artist
Every device is either a company or a cat.,Device ⊑ Company ⊔ Cat
Every invoice is a order that has child only students.,Invoice ⊑ Order ⊓ ∀hasChild.Student
Every scientist is both a person and a doctor.,Scientist ⊑ Person ⊓ Doctor
Every publication is a project that treats at least one hospital.,Publication ⊑ Project ⊓ ∃treats.Hospital
Every machine is both a school and a customer.,Machine ⊑ School ⊓ Customer
All banks are librarys as well as publications.,Bank ⊑ Library ⊓ Publication
Every transaction is a product that supervises at least one vehicle.,Transaction ⊑ Product ⊓ ∃supervises.Vehicle
Every school knows something that is both a car and a software.,School ⊑ ∃knows.(Car ⊓ Software)
Every employee is a machine that creates only dogs.,Employee ⊑ Machine ⊓ ∀creates.Dog
Every product is a student that attends at least one machine.,Product ⊑ Student ⊓ ∃attends.Machine
All scientists are students as well as accounts.,Scientist ⊑ Student ⊓ Account
"If a researcher reads anything, it must be a manager.",Researcher ⊑ ∀reads.Manager
Every bank owns something that is both a country and a student.,Bank ⊑ ∃owns.(Country ⊓ Student)
All countrys are schools as well as artists.,Country ⊑ School ⊓ Artist
All services are books as well as buildings.,Service ⊑ Book ⊓ Building
Every bank is a invoice.,Bank ⊑ Invoice
A cat develops exclusively accounts.,Cat ⊑ ∀develops.Account
Every animal is either a account or a researcher.,Animal ⊑ Account ⊔ Researcher
Anything that maintains only countrys.,∀maintains.Country
Every customer that likes only orders is a device.,Customer ⊓ ∀likes.Order ⊑ Device
A publication or a doctor.,Publication ⊔ Doctor
Every bank treats only things that are either a plant or a order.,Bank ⊑ ∀treats.(Plant ⊔ Order)
Anything that has child a course.,∃hasChild.Course
Every researcher is a invoice.,Researcher ⊑ Invoice
Every product is a vehicle that produces at least one company.,Product ⊑ Vehicle ⊓ ∃produces.Company
Each machine delivers a movie.,Machine ⊑ ∃delivers.Movie
A dog is neither a machine nor a department.,Dog ⊑ ¬(Machine ⊔ Department)
A hardware and a car.,Hardware ⊓ Car
All scientists are transactions as well as universitys.,Scientist ⊑ Transaction ⊓ University
Every doctor that teaches a library is a teacher.,Doctor ⊓ ∃teaches.Library ⊑ Teacher
A product is always a person.,Product ⊑ Person
No publication is a library.,Publication ⊑ ¬Library
A artist or a music.,Artist ⊔ Music
Every manager is located in at least one city.,Manager ⊑ ∃locatedIn.City
Anything that produces a device also produces a animal.,∃produces.Device ⊑ ∃produces.Animal
A bank is always a organization.,Bank ⊑ Organization
Every artist that delivers a city is a dog.,Artist ⊓ ∃delivers.City ⊑ Dog
All books are defined as a project or a software.,Book ⊑ Project ⊔ Software
A building and a course.,Building ⊓ Course
Every building supervises something that is both a account and a plant.,Building ⊑ ∃supervises.(Account ⊓ Plant)
Every hospital is a device that manages only hardwares.,Hospital ⊑ Device ⊓ ∀manages.Hardware
Every vehicle is a employee that reads only publications.,Vehicle ⊑ Employee ⊓ ∀reads.Publication
Whatever is both a dog and a customer funds a company.,Dog ⊓ Customer ⊑ ∃funds.Company
Each account works for a building.,Account ⊑ ∃worksFor.Building
Every publication is either a school or a hardware.,Publication ⊑ School ⊔ Hardware
Every manager that teaches only schools is a service.,Manager ⊓ ∀teaches.School ⊑ Service
Every school is a scientist that works for only companys.,School ⊑ Scientist ⊓ ∀worksFor.Company
Every person that develops only hospitals is a transaction.,Person ⊓ ∀develops.Hospital ⊑ Transaction
No researcher is a invoice.,Researcher ⊑ ¬Invoice
Every country funds at least one customer.,Country ⊑ ∃funds.Customer
A patient is always a machine.,Patient ⊑ Machine
All devices are services.,Device ⊑ Service
Nothing that is a transaction is a animal.,Transaction ⊑ ¬Animal
Every movie that funds only schools is a software.,Movie ⊓ ∀funds.School ⊑ Software
A cat is neither a account nor a department.,Cat ⊑ ¬(Account ⊔ Department)
Anything that produces a movie.,∃produces.Movie
"If a library buys anything, it must be a transaction.",Library ⊑ ∀buys.Transaction
Every employee is a building.,Employee ⊑ Building
Whatever is both a researcher and a artist likes a project.,Researcher ⊓ Artist ⊑ ∃likes.Project
Every patient is both a department and a cat.,Patient ⊑ Department ⊓ Cat
A music is always a transaction.,Music ⊑ Transaction
"If a course develops anything, it must be a supplier.",Course ⊑ ∀develops.Supplier
A employee creates exclusively engineers.,Employee ⊑ ∀creates.Engineer
Every invoice treats at least one transaction.,Invoice ⊑ ∃treats.Transaction
"If a order attends anything, it must be a food.",Order ⊑ ∀attends.Food
"If a vehicle knows anything, it must be a device.",Vehicle ⊑ ∀knows.Device
Each manager supervises a invoice.,Manager ⊑ ∃supervises.Invoice
A movie is neither a school nor a publication.,Movie ⊑ ¬(School ⊔ Publication)
A account is neither a person nor a book.,Account ⊑ ¬(Person ⊔ Book)
Every building that has child only persons is a machine.,Building ⊓ ∀hasChild.Person ⊑ Machine
Each teacher uses a city.,Teacher ⊑ ∃uses.City
A employee is neither a school nor a artist.,Employee ⊑ ¬(School ⊔ Artist)
A transaction is neither a invoice nor a account.,Transaction ⊑ ¬(Invoice ⊔ Account)
A order is neither a machine nor a car.,Order ⊑ ¬(Machine ⊔ Car)
All hospitals are accounts.,Hospital ⊑ Account
Whatever is both a university and a city uses a company.,University ⊓ City ⊑ ∃uses.Company
All librarys are scientists as well as projects.,Library ⊑ Scientist ⊓ Project
Every order that produces a hospital is a transaction.,Order ⊓ ∃produces.Hospital ⊑ Transaction
"If a product authors anything, it must be a invoice.",Product ⊑ ∀authors.Invoice
Anything that sells only plants.,∀sells.Plant
Every organization likes something that is both a library and a company.,Organization ⊑ ∃likes.(Library ⊓ Company)
Every dog reads at least one product.,Dog ⊑ ∃reads.Product
A scientist is always a university.,Scientist ⊑ University
No product is a machine.,Product ⊑ ¬Machine
Anything that teaches a plant.,∃teaches.Plant
A animal and a cat.,Animal ⊓ Cat
All departments are orders.,Department ⊑ Order
Every publication is both a employee and a vehicle.,Publication ⊑ Employee ⊓ Vehicle
Every movie authors at least one country.,Movie ⊑ ∃authors.Country
All citys are defined as a product or a car.,City ⊑ Product ⊔ Car
A teacher is neither a transaction nor a customer.,Teacher ⊑ ¬(Transaction ⊔ Customer)
Every university is either a doctor or a order.,University ⊑ Doctor ⊔ Order
A music cannot be a project.,Music ⊑ ¬Project
Every building treats at least one food.,Building ⊑ ∃treats.Food
Every book is either a account or a hardware.,Book ⊑ Account ⊔ Hardware
A artist is neither a device nor a machine.,Artist ⊑ ¬(Device ⊔ Machine)
All transactions are plants.,Transaction ⊑ Plant
Every invoice that attends only scientists is a vehicle.,Invoice ⊓ ∀attends.Scientist ⊑ Vehicle
A hospital cannot be a order.,Hospital ⊑ ¬Order
All softwares are publications as well as projects.,Software ⊑ Publication ⊓ Project
Every supplier that owns a course is a school.,Supplier ⊓ ∃owns.Course ⊑ School
Each publication creates a car.,Publication ⊑ ∃creates.Car
Nothing that is a department is a cat.,Department ⊑ ¬Cat
No teacher is a car.,Teacher ⊑ ¬Car
Every transaction teaches only things that are either a bank or a account.,Transaction ⊑ ∀teaches.(Bank ⊔ Account)
Every software is a bank.,Software ⊑ Bank
A music cannot be a vehicle.,Music ⊑ ¬Vehicle
A product and a person.,Product ⊓ Person
A car and a book.,Car ⊓ Book
Every artist is a software that attends at least one university.,Artist ⊑ Software ⊓ ∃attends.University
"If a company funds anything, it must be a food.",Company ⊑ ∀funds.Food
A doctor is neither a publication nor a food.,Doctor ⊑ ¬(Publication ⊔ Food)
Anything that is located in a artist.,∃locatedIn.Artist
Each car develops a product.,Car ⊑ ∃develops.Product
Every account knows only musics.,Account ⊑ ∀knows.Music
A library is neither a researcher nor a building.,Library ⊑ ¬(Researcher ⊔ Building)
A movie has child exclusively customers.,Movie ⊑ ∀hasChild.Customer
Whatever is both a music and a artist produces a customer.,Music ⊓ Artist ⊑ ∃produces.Customer
All animals are defined as a account or a plant.,Animal ⊑ Account ⊔ Plant
Every bank that knows only projects is a patient.,Bank ⊓ ∀knows.Project ⊑ Patient
Each engineer reads a movie.,Engineer ⊑ ∃reads.Movie
A artist cannot be a product.,Artist ⊑ ¬Product
Anything that maintains only schools.,∀maintains.School
A country and a transaction.,Country ⊓ Transaction
"If a vehicle teaches anything, it must be a artist.",Vehicle ⊑ ∀teaches.Artist
Every engineer is both a scientist and a service.,Engineer ⊑ Scientist ⊓ Service
Each library creates a school.,Library ⊑ ∃creates.School
A doctor and a bank.,Doctor ⊓ Bank
Every scientist is both a course and a patient.,Scientist ⊑ Course ⊓ Patient
All invoices are defined as a machine or a library.,Invoice ⊑ Machine ⊔ Library
Every food creates something that is both a doctor and a library.,Food ⊑ ∃creates.(Doctor ⊓ Library)
Every student that has child only publications is a cat.,Student ⊓ ∀hasChild.Publication ⊑ Cat
Every order supervises at least one music.,Order ⊑ ∃supervises.Music
Every movie is a teacher that funds at least one supplier.,Movie ⊑ Teacher ⊓ ∃funds.Supplier
Each car reads a animal.,Car ⊑ ∃reads.Animal
Anything that develops a animal.,∃develops.Animal
Every software is a order that treats only citys.,Software ⊑ Order ⊓ ∀treats.City
"If a machine maintains anything, it must be a plant.",Machine ⊑ ∀maintains.Plant
A transaction is always a person.,Transaction ⊑ Person
Every project is either a department or a animal.,Project ⊑ Department ⊔ Animal
Every course likes at least one project.,Course ⊑ ∃likes.Project
All citys are defined as a device or a supplier.,City ⊑ Device ⊔ Supplier
Each organization creates a vehicle.,Organization ⊑ ∃creates.Vehicle
A car is something that maintains a scientist.,Car ⊑ ∃maintains.Scientist
Every person is either a scientist or a organization.,Person ⊑ Scientist ⊔ Organization
"If a device designs anything, it must be a plant.",Device ⊑ ∀designs.Plant
A invoice or a food.,Invoice ⊔ Food
Every food is a book that sells at least one manager.,Food ⊑ Book ⊓ ∃sells.Manager
All universitys are hospitals.,University ⊑ Hospital
All projects are doctors.,Project ⊑ Doctor
A service cannot be a vehicle.,Service ⊑ ¬Vehicle
Every car knows at least one library.,Car ⊑ ∃knows.Library
Every customer that attends only movies is a service.,Customer ⊓ ∀attends.Movie ⊑ Service
Every account that designs only departments is a course.,Account ⊓ ∀designs.Department ⊑ Course
A organization and a university.,Organization ⊓ University
A vehicle reads exclusively scientists.,Vehicle ⊑ ∀reads.Scientist
Every supplier is a person that develops only patients.,Supplier ⊑ Person ⊓ ∀develops.Patient
No teacher is a scientist.,Teacher ⊑ ¬Scientist
"If a school designs anything, it must be a order.",School ⊑ ∀designs.Order
Every student that designs only products is a vehicle.,Student ⊓ ∀designs.Product ⊑ Vehicle
A invoice cannot be a animal.,Invoice ⊑ ¬Animal
Whatever is both a device and a artist attends a bank.,Device ⊓ Artist ⊑ ∃attends.Bank
Every building is a university that maintains only plants.,Building ⊑ University ⊓ ∀maintains.Plant
All doctors are defined as a artist or a company.,Doctor ⊑ Artist ⊔ Company
A employee is something that has child a engineer.,Employee ⊑ ∃hasChild.Engineer
Anything that reads only hospitals.,∀reads.Hospital
A account or a movie.,Account ⊔ Movie
"If a patient knows anything, it must be a person.",Patient ⊑ ∀knows.Person
A hospital is neither a city nor a account.,Hospital ⊑ ¬(City ⊔ Account)
A order is something that is located in a device.,Order ⊑ ∃locatedIn.Device
Anything that operates a bank.,∃operates.Bank
Each hardware likes a employee.,Hardware ⊑ ∃likes.Employee
Every plant is either a customer or a order.,Plant ⊑ Customer ⊔ Order
"If a book produces anything, it must be a product.",Book ⊑ ∀produces.Product
Every product that uses only doctors is a machine.,Product ⊓ ∀uses.Doctor ⊑ Machine
A software is neither a university nor a city.,Software ⊑ ¬(University ⊔ City)
All plants are citys as well as countrys.,Plant ⊑ City ⊓ Country
Anything that maintains only universitys.,∀maintains.University
A university and a teacher.,University ⊓ Teacher
Every dog that owns only employees is a project.,Dog ⊓ ∀owns.Employee ⊑ Project
All universitys are devices.,University ⊑ Device
Every library supervises only things that are either a customer or a company.,Library ⊑ ∀supervises.(Customer ⊔ Company)
Every scientist is located in something that is both a artist and a course.,Scientist ⊑ ∃locatedIn.(Artist ⊓ Course)
Every plant is both a animal and a car.,Plant ⊑ Animal ⊓ Car
Every supplier authors only scientists.,Supplier ⊑ ∀authors.Scientist
No department is a patient.,Department ⊑ ¬Patient
Every teacher buys at least one city.,Teacher ⊑ ∃buys.City
A person is always a school.,Person ⊑ School
A cat and a animal.,Cat ⊓ Animal
A customer or a order.,Customer ⊔ Order
A employee supervises exclusively vehicles.,Employee ⊑ ∀supervises.Vehicle
All services are products as well as companys.,Service ⊑ Product ⊓ Company
Every machine that designs only researchers is a movie.,Machine ⊓ ∀designs.Researcher ⊑ Movie
Whatever is both a doctor and a order authors a department.,Doctor ⊓ Order ⊑ ∃authors.Department
No cat is a teacher.,Cat ⊑ ¬Teacher
A library likes exclusively suppliers.,Library ⊑ ∀likes.Supplier
All accounts are defined as a hardware or a invoice.,Account ⊑ Hardware ⊔ Invoice
Every bank that develops a manager is a artist.,Bank ⊓ ∃develops.Manager ⊑ Artist
Whatever is both a artist and a teacher manages a animal.,Artist ⊓ Teacher ⊑ ∃manages.Animal
Every car is either a school or a scientist.,Car ⊑ School ⊔ Scientist
A food and a publication.,Food ⊓ Publication
Every account that has child a movie is a supplier.,Account ⊓ ∃hasChild.Movie ⊑ Supplier
No car is a university.,Car ⊑ ¬University
Every person that develops only students is a course.,Person ⊓ ∀develops.Student ⊑ Course
Every school is either a building or a book.,School ⊑ Building ⊔ Book
Every plant operates something that is both a service and a patient.,Plant ⊑ ∃operates.(Service ⊓ Patient)
A food is always a hardware.,Food ⊑ Hardware
Every music that produces only doctors is a scientist.,Music ⊓ ∀produces.Doctor ⊑ Scientist
Anything that attends only machines.,∀attends.Machine
Every artist teaches at least one transaction.,Artist ⊑ ∃teaches.Transaction
Whatever is both a plant and a cat develops a researcher.,Plant ⊓ Cat ⊑ ∃develops.Researcher
No movie is a machine.,Movie ⊑ ¬Machine
A software is something that uses a product.,Software ⊑ ∃uses.Product
A movie is something that sells a hospital.,Movie ⊑ ∃sells.Hospital
Every software is a person.,Software ⊑ Person
Anything that delivers only scientists.,∀delivers.Scientist
Nothing that is a hardware is a account.,Hardware ⊑ ¬Account
Every publication is located in only things that are either a manager or a book.,Publication ⊑ ∀locatedIn.(Manager ⊔ Book)
A plant teaches exclusively courses.,Plant ⊑ ∀teaches.Course
A country teaches exclusively teachers.,Country ⊑ ∀teaches.Teacher
Every vehicle works for only things that are either a building or a library.,Vehicle ⊑ ∀worksFor.(Building ⊔ Library)
All accounts are defined as a customer or a project.,Account ⊑ Customer ⊔ Project
All customers are softwares as well as persons.,Customer ⊑ Software ⊓ Person
No manager is a bank.,Manager ⊑ ¬Bank
Every publication funds something that is both a transaction and a teacher.,Publication ⊑ ∃funds.(Transaction ⊓ Teacher)
Every machine is both a employee and a customer.,Machine ⊑ Employee ⊓ Customer
A order is always a dog.,Order ⊑ Dog
A course is always a researcher.,Course ⊑ Researcher
All musics are managers.,Music ⊑ Manager
Whatever is both a researcher and a movie treats a transaction.,Researcher ⊓ Movie ⊑ ∃treats.Transaction
Anything that owns a movie also owns a account.,∃owns.Movie ⊑ ∃owns.Account
Anything that owns a library also owns a engineer.,∃owns.Library ⊑ ∃owns.Engineer
A employee and a department.,Employee ⊓ Department
A university designs exclusively hospitals.,University ⊑ ∀designs.Hospital
A employee cannot be a order.,Employee ⊑ ¬Order
A hardware is something that uses a movie.,Hardware ⊑ ∃uses.Movie
Every scientist that develops a patient is a student.,Scientist ⊓ ∃develops.Patient ⊑ Student
Every customer that develops a artist is a patient.,Customer ⊓ ∃develops.Artist ⊑ Patient
A supplier is neither a hardware nor a employee.,Supplier ⊑ ¬(Hardware ⊔ Employee)
All courses are defined as a student or a plant.,Course ⊑ Student ⊔ Plant
Every school is a researcher.,School ⊑ Researcher
A patient is neither a bank nor a hardware.,Patient ⊑ ¬(Bank ⊔ Hardware)
All teachers are countrys as well as invoices.,Teacher ⊑ Country ⊓ Invoice
Every manager that sells a bank is a engineer.,Manager ⊓ ∃sells.Bank ⊑ Engineer
All dogs are orders as well as devices.,Dog ⊑ Order ⊓ Device
All students are devices as well as plants.,Student ⊑ Device ⊓ Plant
Every machine is a library.,Machine ⊑ Library
All invoices are publications.,Invoice ⊑ Publication
All orders are cats as well as suppliers.,Order ⊑ Cat ⊓ Supplier
"If a car funds anything, it must be a library.",Car ⊑ ∀funds.Library
"If a plant teaches anything, it must be a device.",Plant ⊑ ∀teaches.Device
A animal is always a project.,Animal ⊑ Project
Every student is a organization that knows only engineers.,Student ⊑ Organization ⊓ ∀knows.Engineer
Each music authors a product.,Music ⊑ ∃authors.Product
Every artist is either a book or a library.,Artist ⊑ Book ⊔ Library
A service or a supplier.,Service ⊔ Supplier
A scientist is always a plant.,Scientist ⊑ Plant
No supplier is a organization.,Supplier ⊑ ¬Organization
Every artist sells only suppliers.,Artist ⊑ ∀sells.Supplier
A library or a account.,Library ⊔ Account
Every publication is either a machine or a person.,Publication ⊑ Machine ⊔ Person
Every publication supervises at least one scientist.,Publication ⊑ ∃supervises.Scientist
A researcher is always a customer.,Researcher ⊑ Customer
"If a supplier attends anything, it must be a order.",Supplier ⊑ ∀attends.Order
A scientist or a school.,Scientist ⊔ School
Every supplier funds something that is both a hardware and a scientist.,Supplier ⊑ ∃funds.(Hardware ⊓ Scientist)
Every library funds something that is both a invoice and a building.,Library ⊑ ∃funds.(Invoice ⊓ Building)
Nothing that is a manager is a food.,Manager ⊑ ¬Food
A doctor and a account.,Doctor ⊓ Account
A company cannot be a department.,Company ⊑ ¬Department
A cat cannot be a customer.,Cat ⊑ ¬Customer
Every dog produces only schools.,Dog ⊑ ∀produces.School
Anything that authors only managers.,∀authors.Manager
Every transaction is either a book or a doctor.,Transaction ⊑ Book ⊔ Doctor
Every company has child only foods.,Company ⊑ ∀hasChild.Food
Every organization is either a engineer or a car.,Organization ⊑ Engineer ⊔ Car
A city cannot be a project.,City ⊑ ¬Project
Every account that maintains a researcher is a person.,Account ⊓ ∃maintains.Researcher ⊑ Person
Whatever is both a car and a transaction is located in a patient.,Car ⊓ Transaction ⊑ ∃locatedIn.Patient
Every music that has child a manager is a company.,Music ⊓ ∃hasChild.Manager ⊑ Company
Every software owns something that is both a hospital and a university.,Software ⊑ ∃owns.(Hospital ⊓ University)
All librarys are banks as well as books.,Library ⊑ Bank ⊓ Book
Each building treats a machine.,Building ⊑ ∃treats.Machine
Every animal that manages a teacher is a project.,Animal ⊓ ∃manages.Teacher ⊑ Project
No order is a school.,Order ⊑ ¬School
A vehicle is always a hospital.,Vehicle ⊑ Hospital
Anything that uses a library also uses a school.,∃uses.Library ⊑ ∃uses.School
No music is a person.,Music ⊑ ¬Person
A customer authors exclusively projects.,Customer ⊑ ∀authors.Project
A plant is something that maintains a service.,Plant ⊑ ∃maintains.Service
A order is neither a vehicle nor a library.,Order ⊑ ¬(Vehicle ⊔ Library)
All products are defined as a university or a building.,Product ⊑ University ⊔ Building
A plant is neither a publication nor a invoice.,Plant ⊑ ¬(Publication ⊔ Invoice)
A bank is neither a animal nor a university.,Bank ⊑ ¬(Animal ⊔ University)
"If a project funds anything, it must be a book.",Project ⊑ ∀funds.Book
A dog cannot be a animal.,Dog ⊑ ¬Animal
Nothing that is a publication is a artist.,Publication ⊑ ¬Artist
Every service is either a researcher or a manager.,Service ⊑ Researcher ⊔ Manager
Every hardware is a department that likes only students.,Hardware ⊑ Department ⊓ ∀likes.Student
All citys are countrys.,City ⊑ Country
Every department is both a hardware and a school.,Department ⊑ Hardware ⊓ School
Anything that buys a person.,∃buys.Person
Every building supervises at least one order.,Building ⊑ ∃supervises.Order
Every teacher that operates a software is a publication.,Teacher ⊓ ∃operates.Software ⊑ Publication
"If a hospital delivers anything, it must be a animal.",Hospital ⊑ ∀delivers.Animal
Every university that designs a product is a doctor.,University ⊓ ∃designs.Product ⊑ Doctor
Every publication is a employee that sells only artists.,Publication ⊑ Employee ⊓ ∀sells.Artist
Every library is either a vehicle or a manager.,Library ⊑ Vehicle ⊔ Manager
Every customer that maintains a hardware is a food.,Customer ⊓ ∃maintains.Hardware ⊑ Food
A patient and a food.,Patient ⊓ Food
Every publication funds at least one patient.,Publication ⊑ ∃funds.Patient
All buildings are organizations.,Building ⊑ Organization
All persons are countrys as well as cars.,Person ⊑ Country ⊓ Car
Every researcher works for only things that are either a person or a customer.,Researcher ⊑ ∀worksFor.(Person ⊔ Customer)
All projects are organizations as well as plants.,Project ⊑ Organization ⊓ Plant
Every scientist knows something that is both a customer and a animal.,Scientist ⊑ ∃knows.(Customer ⊓ Animal)
Every service that attends a animal is a company.,Service ⊓ ∃attends.Animal ⊑ Company
A manager and a scientist.,Manager ⊓ Scientist
No researcher is a library.,Researcher ⊑ ¬Library
Every machine is both a city and a company.,Machine ⊑ City ⊓ Company
Nothing that is a engineer is a order.,Engineer ⊑ ¬Order
A student is always a teacher.,Student ⊑ Teacher
A car or a organization.,Car ⊔ Organization
Anything that operates only foods.,∀operates.Food
Every plant that reads a hardware is a account.,Plant ⊓ ∃reads.Hardware ⊑ Account
Every manager is a transaction that uses at least one school.,Manager ⊑ Transaction ⊓ ∃uses.School
Every doctor supervises only buildings.,Doctor ⊑ ∀supervises.Building
All accounts are publications.,Account ⊑ Publication
A machine maintains exclusively projects.,Machine ⊑ ∀maintains.Project
All orders are vehicles as well as services.,Order ⊑ Vehicle ⊓ Service
Every publication develops only hospitals.,Publication ⊑ ∀develops.Hospital
Anything that authors a teacher also authors a vehicle.,∃authors.Teacher ⊑ ∃authors.Vehicle
Nothing that is a department is a car.,Department ⊑ ¬Car
All products are hardwares as well as teachers.,Product ⊑ Hardware ⊓ Teacher
A product or a vehicle.,Product ⊔ Vehicle
A transaction or a school.,Transaction ⊔ School
"If a service designs anything, it must be a animal.",Service ⊑ ∀designs.Animal
Anything that buys a hospital also buys a country.,∃buys.Hospital ⊑ ∃buys.Country
Every car is a supplier.,Car ⊑ Supplier
Anything that has child a plant also has child a supplier.,∃hasChild.Plant ⊑ ∃hasChild.Supplier
Every product is a customer that treats only accounts.,Product ⊑ Customer ⊓ ∀treats.Account
Nothing that is a hardware is a project.,Hardware ⊑ ¬Project
Every library treats something that is both a music and a software.,Library ⊑ ∃treats.(Music ⊓ Software)
No machine is a vehicle.,Machine ⊑ ¬Vehicle
Anything that operates a software also operates a course.,∃operates.Software ⊑ ∃operates.Course
Every country reads something that is both a product and a publication.,Country ⊑ ∃reads.(Product ⊓ Publication)
All scientists are accounts as well as vehicles.,Scientist ⊑ Account ⊓ Vehicle
A person and a animal.,Person ⊓ Animal
Every machine is a order that authors at least one device.,Machine ⊑ Order ⊓ ∃authors.Device
Every teacher is a supplier that supervises only movies.,Teacher ⊑ Supplier ⊓ ∀supervises.Movie
All companys are softwares.,Company ⊑ Software
No department is a book.,Department ⊑ ¬Book
All schools are vehicles as well as cats.,School ⊑ Vehicle ⊓ Cat
All doctors are machines as well as hardwares.,Doctor ⊑ Machine ⊓ Hardware
Every movie knows only animals.,Movie ⊑ ∀knows.Animal
Every customer is a city.,Customer ⊑ City
Every doctor is a building that has child only accounts.,Doctor ⊑ Building ⊓ ∀hasChild.Account
A hardware or a account.,Hardware ⊔ Account
Every customer uses something that is both a country and a artist.,Customer ⊑ ∃uses.(Country ⊓ Artist)
Every food is either a machine or a plant.,Food ⊑ Machine ⊔ Plant
Every hardware knows only things that are either a artist or a account.,Hardware ⊑ ∀knows.(Artist ⊔ Account)
A country maintains exclusively courses.,Country ⊑ ∀maintains.Course
Every book is both a hospital and a device.,Book ⊑ Hospital ⊓ Device
A invoice and a book.,Invoice ⊓ Book
Every department is either a device or a hospital.,Department ⊑ Device ⊔ Hospital
Every service sells at least one order.,Service ⊑ ∃sells.Order
Anything that attends a food.,∃attends.Food
All managers are defined as a hardware or a order.,Manager ⊑ Hardware ⊔ Order
Every animal is located in only things that are either a doctor or a hospital.,Animal ⊑ ∀locatedIn.(Doctor ⊔ Hospital)
Anything that owns only machines.,∀owns.Machine
A hardware is neither a student nor a music.,Hardware ⊑ ¬(Student ⊔ Music)
Every animal sells something that is both a department and a order.,Animal ⊑ ∃sells.(Department ⊓ Order)
Anything that maintains a publication also maintains a book.,∃maintains.Publication ⊑ ∃maintains.Book
Every library is a hospital.,Library ⊑ Hospital
All patients are defined as a student or a teacher.,Patient ⊑ Student ⊔ Teacher
A car is always a engineer.,Car ⊑ Engineer
A school or a person.,School ⊔ Person
Nothing that is a book is a invoice.,Book ⊑ ¬Invoice
Anything that develops only managers.,∀develops.Manager
Anything that uses only doctors.,∀uses.Doctor
Every patient buys at least one customer.,Patient ⊑ ∃buys.Customer
Every scientist that funds a student is a animal.,Scientist ⊓ ∃funds.Student ⊑ Animal
Every movie works for something that is both a scientist and a device.,Movie ⊑ ∃worksFor.(Scientist ⊓ Device)
Every school is either a building or a car.,School ⊑ Building ⊔ Car
Every customer is a service.,Customer ⊑ Service
Every service supervises at least one movie.,Service ⊑ ∃supervises.Movie
Each department creates a teacher.,Department ⊑ ∃creates.Teacher
Every researcher attends at least one teacher.,Researcher ⊑ ∃attends.Teacher
Each department owns a order.,Department ⊑ ∃owns.Order
Every department is a employee that uses only foods.,Department ⊑ Employee ⊓ ∀uses.Food
Every customer authors something that is both a device and a product.,Customer ⊑ ∃authors.(Device ⊓ Product)
Whatever is both a company and a food sells a engineer.,Company ⊓ Food ⊑ ∃sells.Engineer
No movie is a music.,Movie ⊑ ¬Music
Every product is a engineer that authors only books.,Product ⊑ Engineer ⊓ ∀authors.Book
A hospital is neither a service nor a person.,Hospital ⊑ ¬(Service ⊔ Person)
No library is a cat.,Library ⊑ ¬Cat
Anything that sells only services.,∀sells.Service
A artist and a department.,Artist ⊓ Department
A university is something that operates a hardware.,University ⊑ ∃operates.Hardware
Anything that reads a music also reads a library.,∃reads.Music ⊑ ∃reads.Library
A manager is neither a teacher nor a school.,Manager ⊑ ¬(Teacher ⊔ School)
Every scientist is a building that knows only books.,Scientist ⊑ Building ⊓ ∀knows.Book
Every customer produces only buildings.,Customer ⊑ ∀produces.Building
Every vehicle reads only things that are either a bank or a book.,Vehicle ⊑ ∀reads.(Bank ⊔ Book)
All employees are companys as well as hospitals.,Employee ⊑ Company ⊓ Hospital
Every book supervises at least one project.,Book ⊑ ∃supervises.Project
Every hospital knows only things that are either a movie or a order.,Hospital ⊑ ∀knows.(Movie ⊔ Order)
Anything that uses only countrys.,∀uses.Country
Each music is located in a customer.,Music ⊑ ∃locatedIn.Customer
Every machine buys only things that are either a artist or a country.,Machine ⊑ ∀buys.(Artist ⊔ Country)
Every doctor that designs only plants is a artist.,Doctor ⊓ ∀designs.Plant ⊑ Artist
Every country is both a company and a product.,Country ⊑ Company ⊓ Product
Every teacher is a account that treats at least one artist.,Teacher ⊑ Account ⊓ ∃treats.Artist
All citys are students as well as foods.,City ⊑ Student ⊓ Food
"If a transaction designs anything, it must be a company.",Transaction ⊑ ∀designs.Company
Every engineer owns only suppliers.,Engineer ⊑ ∀owns.Supplier
Every engineer is a country that has child at least one cat.,Engineer ⊑ Country ⊓ ∃hasChild.Cat
Every company is both a product and a plant.,Company ⊑ Product ⊓ Plant
Anything that has child a teacher also has child a building.,∃hasChild.Teacher ⊑ ∃hasChild.Building
All vehicles are defined as a car or a software.,Vehicle ⊑ Car ⊔ Software
Every software that develops only foods is a supplier.,Software ⊓ ∀develops.Food ⊑ Supplier
A department and a transaction.,Department ⊓ Transaction
Every customer is both a invoice and a scientist.,Customer ⊑ Invoice ⊓ Scientist
Every school that is located in only teachers is a bank.,School ⊓ ∀locatedIn.Teacher ⊑ Bank
Every student buys something that is both a building and a car.,Student ⊑ ∃buys.(Building ⊓ Car)
Every transaction is a customer.,Transaction ⊑ Customer
Every account likes something that is both a country and a student.,Account ⊑ ∃likes.(Country ⊓ Student)
No teacher is a project.,Teacher ⊑ ¬Project
Every car funds only softwares.,Car ⊑ ∀funds.Software
A order produces exclusively vehicles.,Order ⊑ ∀produces.Vehicle
Every service reads at least one company.,Service ⊑ ∃reads.Company
All orders are banks as well as suppliers.,Order ⊑ Bank ⊓ Supplier
A device and a engineer.,Device ⊓ Engineer
No cat is a scientist.,Cat ⊑ ¬Scientist
Every device that teaches a organization is a manager.,Device ⊓ ∃teaches.Organization ⊑ Manager
Whatever is both a doctor and a student funds a department.,Doctor ⊓ Student ⊑ ∃funds.Department
Anything that operates a teacher.,∃operates.Teacher
No library is a scientist.,Library ⊑ ¬Scientist
Every animal develops at least one school.,Animal ⊑ ∃develops.School
Whatever is both a service and a building funds a device.,Service ⊓ Building ⊑ ∃funds.Device
Anything that has child a school.,∃hasChild.School
A doctor is something that likes a country.,Doctor ⊑ ∃likes.Country
Each music delivers a food.,Music ⊑ ∃delivers.Food
Anything that likes a machine.,∃likes.Machine
Every plant is a movie.,Plant ⊑ Movie
Nothing that is a invoice is a teacher.,Invoice ⊑ ¬Teacher
Every transaction is a supplier.,Transaction ⊑ Supplier
A artist is always a bank.,Artist ⊑ Bank
No course is a scientist.,Course ⊑ ¬Scientist
Whatever is both a transaction and a supplier attends a patient.,Transaction ⊓ Supplier ⊑ ∃attends.Patient
A researcher sells exclusively publications.,Researcher ⊑ ∀sells.Publication
Each country funds a food.,Country ⊑ ∃funds.Food
A school manages exclusively animals.,School ⊑ ∀manages.Animal
Every vehicle that reads a city is a hospital.,Vehicle ⊓ ∃reads.City ⊑ Hospital
Every product delivers only persons.,Product ⊑ ∀delivers.Person
Every person works for only hospitals.,Person ⊑ ∀worksFor.Hospital
A teacher is neither a artist nor a supplier.,Teacher ⊑ ¬(Artist ⊔ Supplier)
All orders are defined as a researcher or a student.,Order ⊑ Researcher ⊔ Student
All hospitals are teachers.,Hospital ⊑ Teacher
A software and a library.,Software ⊓ Library
Each school uses a transaction.,School ⊑ ∃uses.Transaction
A person and a car.,Person ⊓ Car
Every plant reads only things that are either a service or a vehicle.,Plant ⊑ ∀reads.(Service ⊔ Vehicle)
Anything that delivers a cat also delivers a movie.,∃delivers.Cat ⊑ ∃delivers.Movie
Every person is a organization that maintains only countrys.,Person ⊑ Organization ⊓ ∀maintains.Country
Anything that buys only books.,∀buys.Book
"If a university supervises anything, it must be a city.",University ⊑ ∀supervises.City
Every country reads something that is both a city and a doctor.,Country ⊑ ∃reads.(City ⊓ Doctor)
Anything that uses a dog.,∃uses.Dog
Every company operates only things that are either a country or a teacher.,Company ⊑ ∀operates.(Country ⊔ Teacher)
"If a movie designs anything, it must be a device.",Movie ⊑ ∀designs.Device
A vehicle authors exclusively students.,Vehicle ⊑ ∀authors.Student
Every teacher is a service that knows at least one artist.,Teacher ⊑ Service ⊓ ∃knows.Artist
A person is something that treats a account.,Person ⊑ ∃treats.Account
A engineer is something that designs a employee.,Engineer ⊑ ∃designs.Employee
All musics are defined as a course or a vehicle.,Music ⊑ Course ⊔ Vehicle
Whatever is both a publication and a scientist maintains a movie.,Publication ⊓ Scientist ⊑ ∃maintains.Movie
Every customer has child at least one book.,Customer ⊑ ∃hasChild.Book
All citys are defined as a country or a person.,City ⊑ Country ⊔ Person
Each scientist manages a music.,Scientist ⊑ ∃manages.Music
Every plant authors something that is both a company and a employee.,Plant ⊑ ∃authors.(Company ⊓ Employee)
Every service is a vehicle that has child only courses.,Service ⊑ Vehicle ⊓ ∀hasChild.Course
No project is a artist.,Project ⊑ ¬Artist
A doctor and a hardware.,Doctor ⊓ Hardware
Every organization is a publication.,Organization ⊑ Publication
Every software is a publication that teaches only banks.,Software ⊑ Publication ⊓ ∀teaches.Bank
A bank is neither a customer nor a school.,Bank ⊑ ¬(Customer ⊔ School)
Every employee manages something that is both a animal and a school.,Employee ⊑ ∃manages.(Animal ⊓ School)
Every bank owns something that is both a teacher and a device.,Bank ⊑ ∃owns.(Teacher ⊓ Device)
All plants are animals.,Plant ⊑ Animal
Every product that knows a vehicle is a school.,Product ⊓ ∃knows.Vehicle ⊑ School
Each hospital attends a scientist.,Hospital ⊑ ∃attends.Scientist
A school delivers exclusively projects.,School ⊑ ∀delivers.Project
Every dog is either a artist or a library.,Dog ⊑ Artist ⊔ Library
Every patient operates only foods.,Patient ⊑ ∀operates.Food
Nothing that is a hospital is a project.,Hospital ⊑ ¬Project
A university is neither a publication nor a order.,University ⊑ ¬(Publication ⊔ Order)
Anything that manages a publication also manages a machine.,∃manages.Publication ⊑ ∃manages.Machine
Every cat knows only departments.,Cat ⊑ ∀knows.Department
Every service is a library that uses at least one invoice.,Service ⊑ Library ⊓ ∃uses.Invoice
Every school works for something that is both a movie and a transaction.,School ⊑ ∃worksFor.(Movie ⊓ Transaction)
Every teacher is either a cat or a machine.,Teacher ⊑ Cat ⊔ Machine
All universitys are researchers.,University ⊑ Researcher
Every transaction that produces only engineers is a cat.,Transaction ⊓ ∀produces.Engineer ⊑ Cat
All customers are universitys as well as services.,Customer ⊑ University ⊓ Service
Every cat is a person that produces only accounts.,Cat ⊑ Person ⊓ ∀produces.Account
Every hardware designs only organizations.,Hardware ⊑ ∀designs.Organization
No account is a dog.,Account ⊑ ¬Dog
A publication produces exclusively musics.,Publication ⊑ ∀produces.Music
A account is something that owns a organization.,Account ⊑ ∃owns.Organization
Every invoice is either a student or a product.,Invoice ⊑ Student ⊔ Product
All banks are defined as a plant or a scientist.,Bank ⊑ Plant ⊔ Scientist
All managers are defined as a cat or a university.,Manager ⊑ Cat ⊔ University
Every account treats only publications.,Account ⊑ ∀treats.Publication
Each product buys a cat.,Product ⊑ ∃buys.Cat
A product is neither a artist nor a hospital.,Product ⊑ ¬(Artist ⊔ Hospital)
All departments are foods as well as devices.,Department ⊑ Food ⊓ Device
A account or a researcher.,Account ⊔ Researcher
Every product designs only projects.,Product ⊑ ∀designs.Project
A city sells exclusively buildings.,City ⊑ ∀sells.Building
Every organization that maintains a cat is a food.,Organization ⊓ ∃maintains.Cat ⊑ Food
A hardware or a animal.,Hardware ⊔ Animal
Every invoice that designs only services is a country.,Invoice ⊓ ∀designs.Service ⊑ Country
Anything that attends a patient also attends a order.,∃attends.Patient ⊑ ∃attends.Order
Every device is a cat that creates only invoices.,Device ⊑ Cat ⊓ ∀creates.Invoice
Anything that likes a hospital also likes a researcher.,∃likes.Hospital ⊑ ∃likes.Researcher
All cats are defined as a machine or a car.,Cat ⊑ Machine ⊔ Car
Every student that manages only customers is a animal.,Student ⊓ ∀manages.Customer ⊑ Animal
Every project sells something that is both a hospital and a library.,Project ⊑ ∃sells.(Hospital ⊓ Library)
Every food produces at least one book.,Food ⊑ ∃produces.Book
Every food funds only things that are either a researcher or a bank.,Food ⊑ ∀funds.(Researcher ⊔ Bank)
A company and a patient.,Company ⊓ Patient
Every employee knows only things that are either a cat or a organization.,Employee ⊑ ∀knows.(Cat ⊔ Organization)
Every organization is either a hardware or a city.,Organization ⊑ Hardware ⊔ City
All foods are defined as a engineer or a cat.,Food ⊑ Engineer ⊔ Cat
Every department operates something that is both a researcher and a order.,Department ⊑ ∃operates.(Researcher ⊓ Order)
Every vehicle is a food that sells only movies.,Vehicle ⊑ Food ⊓ ∀sells.Movie
Every invoice that operates a university is a employee.,Invoice ⊓ ∃operates.University ⊑ Employee
Every engineer produces only things that are either a plant or a person.,Engineer ⊑ ∀produces.(Plant ⊔ Person)
Every machine uses something that is both a doctor and a student.,Machine ⊑ ∃uses.(Doctor ⊓ Student)
A account is something that attends a employee.,Account ⊑ ∃attends.Employee
A building is always a doctor.,Building ⊑ Doctor
Every building is a hardware that authors only dogs.,Building ⊑ Hardware ⊓ ∀authors.Dog
A artist is always a account.,Artist ⊑ Account
A car supervises exclusively suppliers.,Car ⊑ ∀supervises.Supplier
Whatever is both a teacher and a engineer owns a library.,Teacher ⊓ Engineer ⊑ ∃owns.Library
Anything that reads a manager also reads a movie.,∃reads.Manager ⊑ ∃reads.Movie
All schools are devices.,School ⊑ Device
All students are defined as a music or a library.,Student ⊑ Music ⊔ Library
All foods are hardwares.,Food ⊑ Hardware
A doctor is always a patient.,Doctor ⊑ Patient
Nothing that is a teacher is a course.,Teacher ⊑ ¬Course
All teachers are engineers.,Teacher ⊑ Engineer
Every library is a transaction that delivers only citys.,Library ⊑ Transaction ⊓ ∀delivers.City
A device and a order.,Device ⊓ Order
A teacher creates exclusively departments.,Teacher ⊑ ∀creates.Department
Every city is a software that funds only hardwares.,City ⊑ Software ⊓ ∀funds.Hardware
Each school works for a course.,School ⊑ ∃worksFor.Course
"If a software uses anything, it must be a engineer.",Software ⊑ ∀uses.Engineer
A organization or a product.,Organization ⊔ Product
A invoice is neither a product nor a order.,Invoice ⊑ ¬(Product ⊔ Order)
Every person is both a company and a publication.,Person ⊑ Company ⊓ Publication
Every bank is both a animal and a university.,Bank ⊑ Animal ⊓ University
Nothing that is a organization is a department.,Organization ⊑ ¬Department
A building or a company.,Building ⊔ Company
Every invoice has child only things that are either a animal or a company.,Invoice ⊑ ∀hasChild.(Animal ⊔ Company)
All hardwares are services as well as musics.,Hardware ⊑ Service ⊓ Music
A library is neither a course nor a hospital.,Library ⊑ ¬(Course ⊔ Hospital)
Every order buys only things that are either a invoice or a city.,Order ⊑ ∀buys.(Invoice ⊔ City)
Anything that works for only dogs.,∀worksFor.Dog
Every bank is a hardware that buys only buildings.,Bank ⊑ Hardware ⊓ ∀buys.Building
Every animal develops only things that are either a company or a engineer.,Animal ⊑ ∀develops.(Company ⊔ Engineer)
Nothing that is a animal is a customer.,Animal ⊑ ¬Customer
Every doctor is a animal that supervises only countrys.,Doctor ⊑ Animal ⊓ ∀supervises.Country
Every engineer maintains only things that are either a vehicle or a device.,Engineer ⊑ ∀maintains.(Vehicle ⊔ Device)
Every cat that likes a city is a doctor.,Cat ⊓ ∃likes.City ⊑ Doctor
Every animal is either a order or a supplier.,Animal ⊑ Order ⊔ Supplier
A book cannot be a engineer.,Book ⊑ ¬Engineer
A artist cannot be a customer.,Artist ⊑ ¬Customer
Anything that is located in a hardware also is located in a device.,∃locatedIn.Hardware ⊑ ∃locatedIn.Device
A machine is neither a customer nor a invoice.,Machine ⊑ ¬(Customer ⊔ Invoice)
Every school creates something that is both a manager and a researcher.,School ⊑ ∃creates.(Manager ⊓ Researcher)
"If a department treats anything, it must be a publication.",Department ⊑ ∀treats.Publication
Every artist is both a movie and a music.,Artist ⊑ Movie ⊓ Music
A company cannot be a customer.,Company ⊑ ¬Customer
A department cannot be a employee.,Department ⊑ ¬Employee
A car and a hospital.,Car ⊓ Hospital
A company is neither a employee nor a customer.,Company ⊑ ¬(Employee ⊔ Customer)
Every manager that reads a vehicle is a university.,Manager ⊓ ∃reads.Vehicle ⊑ University
Anything that is located in a city.,∃locatedIn.City
Every cat supervises something that is both a dog and a machine.,Cat ⊑ ∃supervises.(Dog ⊓ Machine)
Every dog is a library that creates only products.,Dog ⊑ Library ⊓ ∀creates.Product
Every music buys at least one movie.,Music ⊑ ∃buys.Movie
Every customer has child only hardwares.,Customer ⊑ ∀hasChild.Hardware
All plants are cats.,Plant ⊑ Cat
A supplier cannot be a artist.,Supplier ⊑ ¬Artist
A country is something that is located in a artist.,Country ⊑ ∃locatedIn.Artist
A invoice and a car.,Invoice ⊓ Car
All foods are invoices.,Food ⊑ Invoice
A plant is something that is located in a book.,Plant ⊑ ∃locatedIn.Book
A library is always a university.,Library ⊑ University
All patients are services as well as accounts.,Patient ⊑ Service ⊓ Account
A employee cannot be a city.,Employee ⊑ ¬City
Every device is a doctor that knows at least one school.,Device ⊑ Doctor ⊓ ∃knows.School
Every movie is a student that reads only cats.,Movie ⊑ Student ⊓ ∀reads.Cat
All citys are defined as a artist or a patient.,City ⊑ Artist ⊔ Patient
Every employee is either a hardware or a dog.,Employee ⊑ Hardware ⊔ Dog
A artist is always a country.,Artist ⊑ Country
Every department uses only things that are either a account or a device.,Department ⊑ ∀uses.(Account ⊔ Device)
Anything that delivers a building also delivers a order.,∃delivers.Building ⊑ ∃delivers.Order
A department and a hospital.,Department ⊓ Hospital
Every account that treats a employee is a company.,Account ⊓ ∃treats.Employee ⊑ Company
A vehicle and a hardware.,Vehicle ⊓ Hardware
Every teacher works for at least one university.,Teacher ⊑ ∃worksFor.University
Every hospital that treats only teachers is a food.,Hospital ⊓ ∀treats.Teacher ⊑ Food
A scientist cannot be a doctor.,Scientist ⊑ ¬Doctor
All organizations are defined as a service or a music.,Organization ⊑ Service ⊔ Music
Every invoice maintains only things that are either a food or a engineer.,Invoice ⊑ ∀maintains.(Food ⊔ Engineer)
Every cat is a publication.,Cat ⊑ Publication
Every department that maintains a plant is a engineer.,Department ⊓ ∃maintains.Plant ⊑ Engineer
A patient is something that attends a researcher.,Patient ⊑ ∃attends.Researcher
Every teacher is either a university or a book.,Teacher ⊑ University ⊔ Book
Anything that sells a person also sells a artist.,∃sells.Person ⊑ ∃sells.Artist
Every transaction that owns only foods is a researcher.,Transaction ⊓ ∀owns.Food ⊑ Researcher
All orders are managers.,Order ⊑ Manager
A project is neither a publication nor a patient.,Project ⊑ ¬(Publication ⊔ Patient)
"If a machine likes anything, it must be a service.",Machine ⊑ ∀likes.Service
Every book produces something that is both a service and a researcher.,Book ⊑ ∃produces.(Service ⊓ Researcher)
Each city produces a project.,City ⊑ ∃produces.Project
Every publication is both a doctor and a engineer.,Publication ⊑ Doctor ⊓ Engineer
A invoice is something that teaches a plant.,Invoice ⊑ ∃teaches.Plant
Whatever is both a invoice and a plant uses a cat.,Invoice ⊓ Plant ⊑ ∃uses.Cat
Every invoice is a project.,Invoice ⊑ Project
Every invoice is either a cat or a project.,Invoice ⊑ Cat ⊔ Project
Every building is a employee that buys at least one project.,Building ⊑ Employee ⊓ ∃buys.Project
Every dog that has child only researchers is a person.,Dog ⊓ ∀hasChild.Researcher ⊑ Person
Whatever is both a plant and a library operates a order.,Plant ⊓ Library ⊑ ∃operates.Order
Every department is either a service or a manager.,Department ⊑ Service ⊔ Manager
Every school that buys a doctor is a customer.,School ⊓ ∃buys.Doctor ⊑ Customer
Anything that authors a bank also authors a scientist.,∃authors.Bank ⊑ ∃authors.Scientist
Every device is both a food and a book.,Device ⊑ Food ⊓ Book
A bank is neither a car nor a student.,Bank ⊑ ¬(Car ⊔ Student)
Anything that produces a food also produces a company.,∃produces.Food ⊑ ∃produces.Company
Every machine that works for only banks is a dog.,Machine ⊓ ∀worksFor.Bank ⊑ Dog
Anything that teaches a invoice also teaches a cat.,∃teaches.Invoice ⊑ ∃teaches.Cat
Whatever is both a product and a machine attends a organization.,Product ⊓ Machine ⊑ ∃attends.Organization
A patient cannot be a account.,Patient ⊑ ¬Account
All projects are companys.,Project ⊑ Company
Every country is a invoice that likes only schools.,Country ⊑ Invoice ⊓ ∀likes.School
Every library is a cat that develops at least one researcher.,Library ⊑ Cat ⊓ ∃develops.Researcher
Every project is a transaction.,Project ⊑ Transaction
A music is always a manager.,Music ⊑ Manager
A software or a university.,Software ⊔ University
No employee is a scientist.,Employee ⊑ ¬Scientist
A supplier or a food.,Supplier ⊔ Food
Every city is both a invoice and a book.,City ⊑ Invoice ⊓ Book
Every food is either a building or a account.,Food ⊑ Building ⊔ Account
A book or a service.,Book ⊔ Service
Every device is a software.,Device ⊑ Software
Every country buys at least one car.,Country ⊑ ∃buys.Car
All artists are musics.,Artist ⊑ Music
Every service buys something that is both a person and a company.,Service ⊑ ∃buys.(Person ⊓ Company)
All researchers are departments.,Researcher ⊑ Department
Every engineer that creates a course is a hardware.,Engineer ⊓ ∃creates.Course ⊑ Hardware
Every car develops only things that are either a vehicle or a artist.,Car ⊑ ∀develops.(Vehicle ⊔ Artist)
Every building that funds only doctors is a product.,Building ⊓ ∀funds.Doctor ⊑ Product
Every software uses only things that are either a food or a customer.,Software ⊑ ∀uses.(Food ⊔ Customer)
No service is a customer.,Service ⊑ ¬Customer
All scientists are defined as a teacher or a plant.,Scientist ⊑ Teacher ⊔ Plant
Every bank is a manager.,Bank ⊑ Manager
All machines are defined as a transaction or a food.,Machine ⊑ Transaction ⊔ Food
A customer is neither a scientist nor a hardware.,Customer ⊑ ¬(Scientist ⊔ Hardware)
Every manager is both a account and a music.,Manager ⊑ Account ⊓ Music
A vehicle funds exclusively customers.,Vehicle ⊑ ∀funds.Customer
Every country teaches only things that are either a transaction or a animal.,Country ⊑ ∀teaches.(Transaction ⊔ Animal)
Every plant produces at least one account.,Plant ⊑ ∃produces.Account
Anything that develops a plant also develops a project.,∃develops.Plant ⊑ ∃develops.Project
A food and a service.,Food ⊓ Service
Anything that develops a food.,∃develops.Food
All persons are suppliers as well as departments.,Person ⊑ Supplier ⊓ Department
"If a music treats anything, it must be a dog.",Music ⊑ ∀treats.Dog
Every transaction is a department that manages at least one product.,Transaction ⊑ Department ⊓ ∃manages.Product
A movie has child exclusively courses.,Movie ⊑ ∀hasChild.Course
A publication is neither a artist nor a movie.,Publication ⊑ ¬(Artist ⊔ Movie)
Every manager reads something that is both a researcher and a hardware.,Manager ⊑ ∃reads.(Researcher ⊓ Hardware)
Every student owns only researchers.,Student ⊑ ∀owns.Researcher
A person is something that works for a machine.,Person ⊑ ∃worksFor.Machine
A company operates exclusively devices.,Company ⊑ ∀operates.Device
Anything that delivers a book also delivers a publication.,∃delivers.Book ⊑ ∃delivers.Publication
Every movie has child at least one course.,Movie ⊑ ∃hasChild.Course
All schools are defined as a movie or a bank.,School ⊑ Movie ⊔ Bank
Each hospital is located in a employee.,Hospital ⊑ ∃locatedIn.Employee
Every machine is a service that delivers only publications.,Machine ⊑ Service ⊓ ∀delivers.Publication
Every university manages at least one publication.,University ⊑ ∃manages.Publication
A cat funds exclusively orders.,Cat ⊑ ∀funds.Order
A scientist is neither a supplier nor a animal.,Scientist ⊑ ¬(Supplier ⊔ Animal)
Every hospital is a product.,Hospital ⊑ Product
Every customer is either a scientist or a food.,Customer ⊑ Scientist ⊔ Food
Every device develops something that is both a library and a researcher.,Device ⊑ ∃develops.(Library ⊓ Researcher)
Every course knows only things that are either a project or a teacher.,Course ⊑ ∀knows.(Project ⊔ Teacher)
Anything that supervises a researcher also supervises a vehicle.,∃supervises.Researcher ⊑ ∃supervises.Vehicle
Every movie is both a transaction and a device.,Movie ⊑ Transaction ⊓ Device
Every organization creates something that is both a transaction and a school.,Organization ⊑ ∃creates.(Transaction ⊓ School)
Anything that buys a patient.,∃buys.Patient
Every company that reads only transactions is a school.,Company ⊓ ∀reads.Transaction ⊑ School
Every building is a book that operates at least one food.,Building ⊑ Book ⊓ ∃operates.Food
No hardware is a publication.,Hardware ⊑ ¬Publication
Anything that uses a hospital.,∃uses.Hospital
Each organization maintains a hospital.,Organization ⊑ ∃maintains.Hospital
Every movie is both a food and a engineer.,Movie ⊑ Food ⊓ Engineer
Every animal is either a music or a hardware.,Animal ⊑ Music ⊔ Hardware
"If a city maintains anything, it must be a food.",City ⊑ ∀maintains.Food
A machine authors exclusively buildings.,Machine ⊑ ∀authors.Building
All doctors are defined as a project or a teacher.,Doctor ⊑ Project ⊔ Teacher
A artist is something that treats a device.,Artist ⊑ ∃treats.Device
Every hospital works for at least one researcher.,Hospital ⊑ ∃worksFor.Researcher
A invoice attends exclusively machines.,Invoice ⊑ ∀attends.Machine
A artist and a manager.,Artist ⊓ Manager
Every supplier is a school that uses at least one publication.,Supplier ⊑ School ⊓ ∃uses.Publication
Every transaction owns something that is both a building and a food.,Transaction ⊑ ∃owns.(Building ⊓ Food)
Every order is both a cat and a department.,Order ⊑ Cat ⊓ Department
Nothing that is a employee is a publication.,Employee ⊑ ¬Publication
All countrys are hardwares as well as hospitals.,Country ⊑ Hardware ⊓ Hospital
Every researcher authors only departments.,Researcher ⊑ ∀authors.Department
Every machine produces at least one movie.,Machine ⊑ ∃produces.Movie
Every food that owns only researchers is a product.,Food ⊓ ∀owns.Researcher ⊑ Product
A course owns exclusively publications.,Course ⊑ ∀owns.Publication
A product is always a music.,Product ⊑ Music
A cat is something that develops a person.,Cat ⊑ ∃develops.Person
Every company is a library that buys at least one transaction.,Company ⊑ Library ⊓ ∃buys.Transaction
All dogs are defined as a music or a employee.,Dog ⊑ Music ⊔ Employee
Anything that designs a movie.,∃designs.Movie
Anything that produces a doctor.,∃produces.Doctor
A manager and a publication.,Manager ⊓ Publication
A animal and a music.,Animal ⊓ Music
All banks are defined as a city or a university.,Bank ⊑ City ⊔ University
A bank is always a cat.,Bank ⊑ Cat
All machines are projects.,Machine ⊑ Project
All engineers are companys.,Engineer ⊑ Company
Every book that delivers only customers is a machine.,Book ⊓ ∀delivers.Customer ⊑ Machine
Anything that knows a food also knows a product.,∃knows.Food ⊑ ∃knows.Product
A department is something that attends a engineer.,Department ⊑ ∃attends.Engineer
A device and a patient.,Device ⊓ Patient
Every service operates at least one person.,Service ⊑ ∃operates.Person
Every supplier is either a dog or a student.,Supplier ⊑ Dog ⊔ Student
A company is neither a car nor a machine.,Company ⊑ ¬(Car ⊔ Machine)
All employees are companys as well as patients.,Employee ⊑ Company ⊓ Patient
A student is always a animal.,Student ⊑ Animal
A machine is neither a building nor a country.,Machine ⊑ ¬(Building ⊔ Country)
A plant and a company.,Plant ⊓ Company
No person is a patient.,Person ⊑ ¬Patient
Every software reads only artists.,Software ⊑ ∀reads.Artist
A artist cannot be a machine.,Artist ⊑ ¬Machine
Each dog produces a vehicle.,Dog ⊑ ∃produces.Vehicle
Every university manages something that is both a artist and a manager.,University ⊑ ∃manages.(Artist ⊓ Manager)
A dog is always a account.,Dog ⊑ Account
Anything that knows a book also knows a animal.,∃knows.Book ⊑ ∃knows.Animal
Every employee reads at least one music.,Employee ⊑ ∃reads.Music
A cat or a dog.,Cat ⊔ Dog
Nothing that is a person is a department.,Person ⊑ ¬Department
Every customer is either a account or a country.,Customer ⊑ Account ⊔ Country
Every bank that creates a course is a project.,Bank ⊓ ∃creates.Course ⊑ Project
Every person is both a device and a organization.,Person ⊑ Device ⊓ Organization
Every doctor creates only things that are either a product or a city.,Doctor ⊑ ∀creates.(Product ⊔ City)
A car or a company.,Car ⊔ Company
All engineers are cats.,Engineer ⊑ Cat
Every employee is a transaction that teaches only movies.,Employee ⊑ Transaction ⊓ ∀teaches.Movie
A employee is something that uses a city.,Employee ⊑ ∃uses.City
Anything that develops a manager also develops a employee.,∃develops.Manager ⊑ ∃develops.Employee
A plant is neither a patient nor a supplier.,Plant ⊑ ¬(Patient ⊔ Supplier)
Every country is either a publication or a manager.,Country ⊑ Publication ⊔ Manager
A doctor is neither a department nor a person.,Doctor ⊑ ¬(Department ⊔ Person)
Nothing that is a organization is a artist.,Organization ⊑ ¬Artist
Every customer is either a supplier or a manager.,Customer ⊑ Supplier ⊔ Manager
All scientists are cats.,Scientist ⊑ Cat
Every doctor is a school that likes only transactions.,Doctor ⊑ School ⊓ ∀likes.Transaction
All vehicles are researchers as well as books.,Vehicle ⊑ Researcher ⊓ Book
A order and a supplier.,Order ⊓ Supplier
Every person likes something that is both a publication and a school.,Person ⊑ ∃likes.(Publication ⊓ School)
Anything that delivers only cats.,∀delivers.Cat
A dog is neither a hardware nor a researcher.,Dog ⊑ ¬(Hardware ⊔ Researcher)
Every engineer is a patient that knows at least one movie.,Engineer ⊑ Patient ⊓ ∃knows.Movie
Every building that develops only hardwares is a course.,Building ⊓ ∀develops.Hardware ⊑ Course
All accounts are cats.,Account ⊑ Cat
Every animal authors something that is both a machine and a department.,Animal ⊑ ∃authors.(Machine ⊓ Department)
No music is a organization.,Music ⊑ ¬Organization
A scientist manages exclusively companys.,Scientist ⊑ ∀manages.Company
A researcher or a organization.,Researcher ⊔ Organization
A university and a food.,University ⊓ Food
Every device develops at least one machine.,Device ⊑ ∃develops.Machine
No organization is a course.,Organization ⊑ ¬Course
A person cannot be a researcher.,Person ⊑ ¬Researcher
Every patient is a product.,Patient ⊑ Product
A employee cannot be a engineer.,Employee ⊑ ¬Engineer
A bank or a animal.,Bank ⊔ Animal
Every university supervises only schools.,University ⊑ ∀supervises.School
All softwares are defined as a engineer or a animal.,Software ⊑ Engineer ⊔ Animal
Every software that authors a project is a service.,Software ⊓ ∃authors.Project ⊑ Service
Every scientist creates something that is both a researcher and a city.,Scientist ⊑ ∃creates.(Researcher ⊓ City)
Every service maintains at least one movie.,Service ⊑ ∃maintains.Movie
No invoice is a animal.,Invoice ⊑ ¬Animal
Every device is a researcher that attends at least one dog.,Device ⊑ Researcher ⊓ ∃attends.Dog
Every project operates something that is both a transaction and a researcher.,Project ⊑ ∃operates.(Transaction ⊓ Researcher)
Every student is a patient that teaches at least one book.,Student ⊑ Patient ⊓ ∃teaches.Book
Every dog manages only publications.,Dog ⊑ ∀manages.Publication
All courses are defined as a supplier or a software.,Course ⊑ Supplier ⊔ Software
A department or a software.,Department ⊔ Software
Whatever is both a country and a supplier supervises a department.,Country ⊓ Supplier ⊑ ∃supervises.Department
Anything that authors a artist.,∃authors.Artist
Nothing that is a city is a software.,City ⊑ ¬Software
Every teacher supervises something that is both a product and a building.,Teacher ⊑ ∃supervises.(Product ⊓ Building)
Every animal is a publication.,Animal ⊑ Publication
A software delivers exclusively hospitals.,Software ⊑ ∀delivers.Hospital
Whatever is both a order and a account sells a supplier.,Order ⊓ Account ⊑ ∃sells.Supplier
A employee or a software.,Employee ⊔ Software
Every cat is a department that delivers at least one organization.,Cat ⊑ Department ⊓ ∃delivers.Organization
All students are citys.,Student ⊑ City
All foods are managers.,Food ⊑ Manager
Every scientist is a account that treats only hospitals.,Scientist ⊑ Account ⊓ ∀treats.Hospital
A service or a publication.,Service ⊔ Publication
Nothing that is a order is a plant.,Order ⊑ ¬Plant
A movie is something that creates a software.,Movie ⊑ ∃creates.Software
A machine and a department.,Machine ⊓ Department
A transaction is neither a account nor a car.,Transaction ⊑ ¬(Account ⊔ Car)
"If a dog owns anything, it must be a bank.",Dog ⊑ ∀owns.Bank
"If a movie authors anything, it must be a patient.",Movie ⊑ ∀authors.Patient
Every university supervises something that is both a device and a book.,University ⊑ ∃supervises.(Device ⊓ Book)
Every book is a movie that authors at least one artist.,Book ⊑ Movie ⊓ ∃authors.Artist
A service is neither a hardware nor a music.,Service ⊑ ¬(Hardware ⊔ Music)
Every student is located in only buildings.,Student ⊑ ∀locatedIn.Building
Nothing that is a music is a car.,Music ⊑ ¬Car
A music is neither a car nor a doctor.,Music ⊑ ¬(Car ⊔ Doctor)
A doctor is always a transaction.,Doctor ⊑ Transaction
A machine works for exclusively departments.,Machine ⊑ ∀worksFor.Department
Every book is a dog that produces at least one city.,Book ⊑ Dog ⊓ ∃produces.City
Every service that knows a transaction is a employee.,Service ⊓ ∃knows.Transaction ⊑ Employee
Every building is a music.,Building ⊑ Music
Anything that operates a person.,∃operates.Person
"If a animal creates anything, it must be a device.",Animal ⊑ ∀creates.Device
A engineer knows exclusively suppliers.,Engineer ⊑ ∀knows.Supplier
Each customer delivers a university.,Customer ⊑ ∃delivers.University
A publication is something that operates a manager.,Publication ⊑ ∃operates.Manager
Every dog is a machine.,Dog ⊑ Machine
All foods are defined as a company or a course.,Food ⊑ Company ⊔ Course
Every book is either a cat or a patient.,Book ⊑ Cat ⊔ Patient
Every teacher that works for a dog is a engineer.,Teacher ⊓ ∃worksFor.Dog ⊑ Engineer
All machines are defined as a organization or a patient.,Machine ⊑ Organization ⊔ Patient
A movie and a bank.,Movie ⊓ Bank
Every account that maintains only patients is a student.,Account ⊓ ∀maintains.Patient ⊑ Student
A hospital is something that manages a animal.,Hospital ⊑ ∃manages.Animal
Every car is a order that knows only suppliers.,Car ⊑ Order ⊓ ∀knows.Supplier
Every scientist that designs only persons is a cat.,Scientist ⊓ ∀designs.Person ⊑ Cat
Every country is a manager.,Country ⊑ Manager
Anything that treats a city.,∃treats.City
A bank is something that buys a hospital.,Bank ⊑ ∃buys.Hospital
Anything that creates a teacher also creates a account.,∃creates.Teacher ⊑ ∃creates.Account
Nothing that is a vehicle is a artist.,Vehicle ⊑ ¬Artist
A school cannot be a doctor.,School ⊑ ¬Doctor
Whatever is both a school and a engineer designs a music.,School ⊓ Engineer ⊑ ∃designs.Music
A car creates exclusively plants.,Car ⊑ ∀creates.Plant
Each library manages a dog.,Library ⊑ ∃manages.Dog
A course is always a product.,Course ⊑ Product
A city is something that works for a hospital.,City ⊑ ∃worksFor.Hospital
No student is a software.,Student ⊑ ¬Software
Nothing that is a city is a employee.,City ⊑ ¬Employee
A cat is neither a machine nor a country.,Cat ⊑ ¬(Machine ⊔ Country)
Every student manages only things that are either a city or a software.,Student ⊑ ∀manages.(City ⊔ Software)
Every student reads only citys.,Student ⊑ ∀reads.City
A hardware or a food.,Hardware ⊔ Food
Every teacher is a publication that uses only managers.,Teacher ⊑ Publication ⊓ ∀uses.Manager
A animal cannot be a manager.,Animal ⊑ ¬Manager
Every software is a doctor.,Software ⊑ Doctor
A school cannot be a country.,School ⊑ ¬Country
A artist is something that operates a hardware.,Artist ⊑ ∃operates.Hardware
Each music authors a artist.,Music ⊑ ∃authors.Artist
A manager is neither a organization nor a device.,Manager ⊑ ¬(Organization ⊔ Device)
A building creates exclusively persons.,Building ⊑ ∀creates.Person
A student cannot be a company.,Student ⊑ ¬Company
A movie or a hospital.,Movie ⊔ Hospital
Every vehicle that manages only animals is a publication.,Vehicle ⊓ ∀manages.Animal ⊑ Publication
All invoices are foods.,Invoice ⊑ Food
Every student has child something that is both a organization and a supplier.,Student ⊑ ∃hasChild.(Organization ⊓ Supplier)
A person is always a artist.,Person ⊑ Artist
A researcher and a city.,Researcher ⊓ City
Every animal is either a service or a device.,Animal ⊑ Service ⊔ Device
All transactions are buildings.,Transaction ⊑ Building
Every publication is a library that maintains only cars.,Publication ⊑ Library ⊓ ∀maintains.Car
All services are defined as a order or a bank.,Service ⊑ Order ⊔ Bank
Every doctor is a hospital that works for only customers.,Doctor ⊑ Hospital ⊓ ∀worksFor.Customer
Every school that develops a scientist is a hardware.,School ⊓ ∃develops.Scientist ⊑ Hardware
"If a hospital buys anything, it must be a account.",Hospital ⊑ ∀buys.Account
Anything that knows a building.,∃knows.Building
Anything that sells a manager also sells a vehicle.,∃sells.Manager ⊑ ∃sells.Vehicle
Each movie attends a manager.,Movie ⊑ ∃attends.Manager
Anything that owns only doctors.,∀owns.Doctor
All companys are universitys.,Company ⊑ University
All companys are foods.,Company ⊑ Food
All universitys are dogs as well as cats.,University ⊑ Dog ⊓ Cat
Every doctor designs only musics.,Doctor ⊑ ∀designs.Music
Every software is both a company and a researcher.,Software ⊑ Company ⊓ Researcher
Whatever is both a library and a student develops a hospital.,Library ⊓ Student ⊑ ∃develops.Hospital
Every supplier is a animal that creates only transactions.,Supplier ⊑ Animal ⊓ ∀creates.Transaction
All citys are artists.,City ⊑ Artist
Whatever is both a hospital and a dog likes a university.,Hospital ⊓ Dog ⊑ ∃likes.University
Every dog is a city that supervises at least one movie.,Dog ⊑ City ⊓ ∃supervises.Movie
Every publication that is located in only teachers is a food.,Publication ⊓ ∀locatedIn.Teacher ⊑ Food
Every animal owns only things that are either a scientist or a book.,Animal ⊑ ∀owns.(Scientist ⊔ Book)
A department creates exclusively products.,Department ⊑ ∀creates.Product
A dog reads exclusively countrys.,Dog ⊑ ∀reads.Country
Every invoice is both a school and a dog.,Invoice ⊑ School ⊓ Dog
Every publication is a employee.,Publication ⊑ Employee
A plant is always a book.,Plant ⊑ Book
Every company is a department that creates only employees.,Company ⊑ Department ⊓ ∀creates.Employee
Whatever is both a plant and a library knows a music.,Plant ⊓ Library ⊑ ∃knows.Music
Every cat that likes only cars is a library.,Cat ⊓ ∀likes.Car ⊑ Library
All products are organizations as well as teachers.,Product ⊑ Organization ⊓ Teacher
Every machine that buys a library is a invoice.,Machine ⊓ ∃buys.Library ⊑ Invoice
Each bank operates a university.,Bank ⊑ ∃operates.University
Every machine delivers something that is both a course and a music.,Machine ⊑ ∃delivers.(Course ⊓ Music)
Whatever is both a transaction and a publication teaches a patient.,Transaction ⊓ Publication ⊑ ∃teaches.Patient
Every teacher that creates only services is a publication.,Teacher ⊓ ∀creates.Service ⊑ Publication
Every person is a company that maintains only students.,Person ⊑ Company ⊓ ∀maintains.Student
A hospital or a manager.,Hospital ⊔ Manager
A supplier or a patient.,Supplier ⊔ Patient
All softwares are defined as a movie or a hospital.,Software ⊑ Movie ⊔ Hospital
Every company is a patient.,Company ⊑ Patient
A hardware or a order.,Hardware ⊔ Order
A school is always a invoice.,School ⊑ Invoice
A order cannot be a publication.,Order ⊑ ¬Publication
Every hospital is located in only things that are either a employee or a bank.,Hospital ⊑ ∀locatedIn.(Employee ⊔ Bank)
A hardware works for exclusively invoices.,Hardware ⊑ ∀worksFor.Invoice
No student is a researcher.,Student ⊑ ¬Researcher
Each person authors a car.,Person ⊑ ∃authors.Car
Every bank is either a service or a employee.,Bank ⊑ Service ⊔ Employee
Every organization is a car that buys only students.,Organization ⊑ Car ⊓ ∀buys.Student
Every customer is both a publication and a animal.,Customer ⊑ Publication ⊓ Animal
A school is something that sells a device.,School ⊑ ∃sells.Device
Every country is a scientist that teaches only librarys.,Country ⊑ Scientist ⊓ ∀teaches.Library
A vehicle is neither a artist nor a employee.,Vehicle ⊑ ¬(Artist ⊔ Employee)
Every car buys something that is both a university and a patient.,Car ⊑ ∃buys.(University ⊓ Patient)
Each engineer develops a scientist.,Engineer ⊑ ∃develops.Scientist
A project develops exclusively countrys.,Project ⊑ ∀develops.Country
Nothing that is a organization is a service.,Organization ⊑ ¬Service
Anything that creates a school also creates a researcher.,∃creates.School ⊑ ∃creates.Researcher
A organization is neither a city nor a publication.,Organization ⊑ ¬(City ⊔ Publication)
A country is always a plant.,Country ⊑ Plant
Every food manages only things that are either a patient or a university.,Food ⊑ ∀manages.(Patient ⊔ University)
Nothing that is a service is a food.,Service ⊑ ¬Food
Whatever is both a building and a employee owns a student.,Building ⊓ Employee ⊑ ∃owns.Student
All companys are citys as well as services.,Company ⊑ City ⊓ Service
Every project that creates only plants is a customer.,Project ⊓ ∀creates.Plant ⊑ Customer
Anything that likes a student.,∃likes.Student
A customer and a publication.,Customer ⊓ Publication
Whatever is both a music and a movie attends a project.,Music ⊓ Movie ⊑ ∃attends.Project
No manager is a cat.,Manager ⊑ ¬Cat
Every manager is a researcher that has child at least one machine.,Manager ⊑ Researcher ⊓ ∃hasChild.Machine
Every publication is a student that has child at least one customer.,Publication ⊑ Student ⊓ ∃hasChild.Customer
Anything that funds a city.,∃funds.City
A vehicle knows exclusively employees.,Vehicle ⊑ ∀knows.Employee
Anything that creates a publication also creates a department.,∃creates.Publication ⊑ ∃creates.Department
Every product designs something that is both a music and a city.,Product ⊑ ∃designs.(Music ⊓ City)
A food is neither a book nor a hardware.,Food ⊑ ¬(Book ⊔ Hardware)
Every publication is a dog that manages only orders.,Publication ⊑ Dog ⊓ ∀manages.Order
Every engineer is a device that maintains only accounts.,Engineer ⊑ Device ⊓ ∀maintains.Account
A company or a project.,Company ⊔ Project
A software is always a company.,Software ⊑ Company
A product and a dog.,Product ⊓ Dog
Every school funds at least one publication.,School ⊑ ∃funds.Publication
Anything that manages only employees.,∀manages.Employee
All movies are engineers as well as machines.,Movie ⊑ Engineer ⊓ Machine
All machines are defined as a hardware or a food.,Machine ⊑ Hardware ⊔ Food
Every plant delivers only things that are either a university or a employee.,Plant ⊑ ∀delivers.(University ⊔ Employee)
A movie and a artist.,Movie ⊓ Artist
Nothing that is a university is a school.,University ⊑ ¬School
Every hospital is a dog.,Hospital ⊑ Dog
Every movie that develops a university is a doctor.,Movie ⊓ ∃develops.University ⊑ Doctor
Every artist is a product that knows only vehicles.,Artist ⊑ Product ⊓ ∀knows.Vehicle
All plants are organizations as well as publications.,Plant ⊑ Organization ⊓ Publication
All buildings are accounts as well as banks.,Building ⊑ Account ⊓ Bank
Anything that is located in a country.,∃locatedIn.Country
A customer owns exclusively countrys.,Customer ⊑ ∀owns.Country
All animals are orders.,Animal ⊑ Order
All orders are persons.,Order ⊑ Person
"If a university produces anything, it must be a publication.",University ⊑ ∀produces.Publication
"If a order buys anything, it must be a publication.",Order ⊑ ∀buys.Publication
All hospitals are defined as a food or a vehicle.,Hospital ⊑ Food ⊔ Vehicle
A car funds exclusively hardwares.,Car ⊑ ∀funds.Hardware
Anything that has child a organization also has child a music.,∃hasChild.Organization ⊑ ∃hasChild.Music
A patient has child exclusively publications.,Patient ⊑ ∀hasChild.Publication
Whatever is both a country and a student authors a service.,Country ⊓ Student ⊑ ∃authors.Service
Anything that designs a food also designs a country.,∃designs.Food ⊑ ∃designs.Country
A scientist and a order.,Scientist ⊓ Order
A order is neither a employee nor a device.,Order ⊑ ¬(Employee ⊔ Device)
Anything that designs a car also designs a project.,∃designs.Car ⊑ ∃designs.Project
All products are services as well as students.,Product ⊑ Service ⊓ Student
A supplier cannot be a publication.,Supplier ⊑ ¬Publication
Whatever is both a patient and a account produces a building.,Patient ⊓ Account ⊑ ∃produces.Building
A researcher and a library.,Researcher ⊓ Library
A publication and a food.,Publication ⊓ Food
Every car develops only things that are either a library or a bank.,Car ⊑ ∀develops.(Library ⊔ Bank)
A city or a library.,City ⊔ Library
Every school treats only countrys.,School ⊑ ∀treats.Country
Each hardware treats a device.,Hardware ⊑ ∃treats.Device
Every city is a order that sells only doctors.,City ⊑ Order ⊓ ∀sells.Doctor
A country designs exclusively devices.,Country ⊑ ∀designs.Device
All scientists are cats as well as animals.,Scientist ⊑ Cat ⊓ Animal
Every plant that knows only accounts is a engineer.,Plant ⊓ ∀knows.Account ⊑ Engineer
Every service manages only things that are either a transaction or a university.,Service ⊑ ∀manages.(Transaction ⊔ University)
Nothing that is a product is a transaction.,Product ⊑ ¬Transaction
No hospital is a account.,Hospital ⊑ ¬Account
Every movie that designs only projects is a product.,Movie ⊓ ∀designs.Project ⊑ Product
No school is a car.,School ⊑ ¬Car
Every company is a student that attends only courses.,Company ⊑ Student ⊓ ∀attends.Course
Every company creates only things that are either a account or a student.,Company ⊑ ∀creates.(Account ⊔ Student)
All transactions are teachers as well as companys.,Transaction ⊑ Teacher ⊓ Company
Every patient is either a movie or a food.,Patient ⊑ Movie ⊔ Food
A researcher is always a student.,Researcher ⊑ Student
A account cannot be a publication.,Account ⊑ ¬Publication
Anything that funds only teachers.,∀funds.Teacher
All accounts are defined as a course or a school.,Account ⊑ Course ⊔ School
Each invoice is located in a hospital.,Invoice ⊑ ∃locatedIn.Hospital
Nothing that is a vehicle is a engineer.,Vehicle ⊑ ¬Engineer
All artists are vehicles as well as cars.,Artist ⊑ Vehicle ⊓ Car
A transaction and a publication.,Transaction ⊓ Publication
Every vehicle designs only scientists.,Vehicle ⊑ ∀designs.Scientist
A department manages exclusively doctors.,Department ⊑ ∀manages.Doctor
All persons are publications.,Person ⊑ Publication
Anything that is located in a course.,∃locatedIn.Course
Every device likes at least one movie.,Device ⊑ ∃likes.Movie
Anything that knows a researcher.,∃knows.Researcher
A manager and a hardware.,Manager ⊓ Hardware
Every movie is a device.,Movie ⊑ Device
Each car maintains a patient.,Car ⊑ ∃maintains.Patient
Anything that designs a company.,∃designs.Company
Every bank is a service that knows only movies.,Bank ⊑ Service ⊓ ∀knows.Movie
Anything that uses only banks.,∀uses.Bank
A invoice cannot be a software.,Invoice ⊑ ¬Software
Every scientist is a employee.,Scientist ⊑ Employee
Nothing that is a student is a hardware.,Student ⊑ ¬Hardware
Anything that uses a course.,∃uses.Course
A company owns exclusively plants.,Company ⊑ ∀owns.Plant
Anything that develops only banks.,∀develops.Bank
A teacher is something that attends a publication.,Teacher ⊑ ∃attends.Publication
A dog is always a engineer.,Dog ⊑ Engineer
Each plant knows a researcher.,Plant ⊑ ∃knows.Researcher
Each engineer authors a student.,Engineer ⊑ ∃authors.Student
A person and a hardware.,Person ⊓ Hardware
A service is always a cat.,Service ⊑ Cat
Every transaction owns something that is both a company and a researcher.,Transaction ⊑ ∃owns.(Company ⊓ Researcher)
Every employee is a product.,Employee ⊑ Product
"If a order knows anything, it must be a hospital.",Order ⊑ ∀knows.Hospital
Every bank likes only hospitals.,Bank ⊑ ∀likes.Hospital
Every software is a cat that develops only persons.,Software ⊑ Cat ⊓ ∀develops.Person
Every animal is either a device or a patient.,Animal ⊑ Device ⊔ Patient
All organizations are engineers.,Organization ⊑ Engineer
Whatever is both a city and a supplier maintains a invoice.,City ⊓ Supplier ⊑ ∃maintains.Invoice
A library or a supplier.,Library ⊔ Supplier
Nothing that is a university is a order.,University ⊑ ¬Order
"If a researcher treats anything, it must be a organization.",Researcher ⊑ ∀treats.Organization
All animals are cars.,Animal ⊑ Car
All teachers are movies as well as dogs.,Teacher ⊑ Movie ⊓ Dog
Every country that manages a supplier is a project.,Country ⊓ ∃manages.Supplier ⊑ Project
A scientist or a book.,Scientist ⊔ Book
No order is a account.,Order ⊑ ¬Account
All hardwares are teachers as well as products.,Hardware ⊑ Teacher ⊓ Product
"If a library develops anything, it must be a bank.",Library ⊑ ∀develops.Bank
Every bank likes only foods.,Bank ⊑ ∀likes.Food
Each company works for a engineer.,Company ⊑ ∃worksFor.Engineer
All suppliers are musics.,Supplier ⊑ Music
Every project is a order that works for at least one organization.,Project ⊑ Order ⊓ ∃worksFor.Organization
Every product funds only engineers.,Product ⊑ ∀funds.Engineer
A product likes exclusively softwares.,Product ⊑ ∀likes.Software
Nothing that is a company is a device.,Company ⊑ ¬Device
A company is something that creates a plant.,Company ⊑ ∃creates.Plant
Each software buys a person.,Software ⊑ ∃buys.Person
Every organization is a teacher.,Organization ⊑ Teacher
A book works for exclusively customers.,Book ⊑ ∀worksFor.Customer
Every university supervises something that is both a product and a food.,University ⊑ ∃supervises.(Product ⊓ Food)
Every machine delivers something that is both a department and a order.,Machine ⊑ ∃delivers.(Department ⊓ Order)
Whatever is both a machine and a publication owns a employee.,Machine ⊓ Publication ⊑ ∃owns.Employee
Every transaction is a course that attends only buildings.,Transaction ⊑ Course ⊓ ∀attends.Building
Every project is either a hospital or a researcher.,Project ⊑ Hospital ⊔ Researcher
Every building treats at least one department.,Building ⊑ ∃treats.Department
Anything that operates a city also operates a person.,∃operates.City ⊑ ∃operates.Person
A cat is neither a service nor a movie.,Cat ⊑ ¬(Service ⊔ Movie)
Anything that manages a device also manages a plant.,∃manages.Device ⊑ ∃manages.Plant
All accounts are defined as a car or a project.,Account ⊑ Car ⊔ Project
Nothing that is a cat is a customer.,Cat ⊑ ¬Customer
A software likes exclusively transactions.,Software ⊑ ∀likes.Transaction
Anything that funds a vehicle.,∃funds.Vehicle
A company and a manager.,Company ⊓ Manager
Every cat treats at least one music.,Cat ⊑ ∃treats.Music
A university designs exclusively dogs.,University ⊑ ∀designs.Dog
"If a company maintains anything, it must be a engineer.",Company ⊑ ∀maintains.Engineer
Anything that designs a product also designs a transaction.,∃designs.Product ⊑ ∃designs.Transaction
Anything that sells a order.,∃sells.Order
All companys are customers as well as patients.,Company ⊑ Customer ⊓ Patient
Every employee is both a product and a teacher.,Employee ⊑ Product ⊓ Teacher
Every machine that creates only doctors is a transaction.,Machine ⊓ ∀creates.Doctor ⊑ Transaction
Anything that supervises a organization.,∃supervises.Organization
"If a product designs anything, it must be a doctor.",Product ⊑ ∀designs.Doctor
Every customer is a city that delivers at least one university.,Customer ⊑ City ⊓ ∃delivers.University
Each order knows a department.,Order ⊑ ∃knows.Department
Whatever is both a building and a account produces a hospital.,Building ⊓ Account ⊑ ∃produces.Hospital
Every person knows only things that are either a dog or a country.,Person ⊑ ∀knows.(Dog ⊔ Country)
Every university uses only things that are either a order or a researcher.,University ⊑ ∀uses.(Order ⊔ Researcher)
A organization cannot be a software.,Organization ⊑ ¬Software
A manager or a company.,Manager ⊔ Company
Every food works for only cars.,Food ⊑ ∀worksFor.Car
All scientists are patients as well as transactions.,Scientist ⊑ Patient ⊓ Transaction
Every building attends only departments.,Building ⊑ ∀attends.Department
Every country that authors a library is a device.,Country ⊓ ∃authors.Library ⊑ Device
A artist is always a course.,Artist ⊑ Course
Every car that uses a device is a machine.,Car ⊓ ∃uses.Device ⊑ Machine
Whatever is both a course and a researcher develops a dog.,Course ⊓ Researcher ⊑ ∃develops.Dog
Every student delivers something that is both a person and a service.,Student ⊑ ∃delivers.(Person ⊓ Service)
Every researcher creates only things that are either a vehicle or a publication.,Researcher ⊑ ∀creates.(Vehicle ⊔ Publication)
Every person that is located in a organization is a account.,Person ⊓ ∃locatedIn.Organization ⊑ Account
Every country buys only plants.,Country ⊑ ∀buys.Plant
Every building creates something that is both a manager and a food.,Building ⊑ ∃creates.(Manager ⊓ Food)
All services are researchers as well as transactions.,Service ⊑ Researcher ⊓ Transaction
Every customer that likes a person is a organization.,Customer ⊓ ∃likes.Person ⊑ Organization
A hardware is something that develops a machine.,Hardware ⊑ ∃develops.Machine
A food or a product.,Food ⊔ Product
Every building supervises only things that are either a transaction or a order.,Building ⊑ ∀supervises.(Transaction ⊔ Order)
Every country teaches at least one building.,Country ⊑ ∃teaches.Building
"If a plant uses anything, it must be a publication.",Plant ⊑ ∀uses.Publication
Every cat is a music that develops only publications.,Cat ⊑ Music ⊓ ∀develops.Publication
A animal is something that authors a cat.,Animal ⊑ ∃authors.Cat
A engineer sells exclusively softwares.,Engineer ⊑ ∀sells.Software
Every publication uses only machines.,Publication ⊑ ∀uses.Machine
Anything that produces a service.,∃produces.Service
Every company that has child only projects is a course.,Company ⊓ ∀hasChild.Project ⊑ Course
A manager is something that operates a library.,Manager ⊑ ∃operates.Library
All invoices are defined as a bank or a teacher.,Invoice ⊑ Bank ⊔ Teacher
Nothing that is a scientist is a software.,Scientist ⊑ ¬Software
Every order is both a music and a school.,Order ⊑ Music ⊓ School
All customers are teachers as well as employees.,Customer ⊑ Teacher ⊓ Employee
A animal cannot be a invoice.,Animal ⊑ ¬Invoice
A teacher works for exclusively citys.,Teacher ⊑ ∀worksFor.City
All books are citys as well as employees.,Book ⊑ City ⊓ Employee
"If a bank owns anything, it must be a book.",Bank ⊑ ∀owns.Book
Every patient is both a student and a doctor.,Patient ⊑ Student ⊓ Doctor
Every university has child something that is both a country and a movie.,University ⊑ ∃hasChild.(Country ⊓ Movie)
Every plant operates at least one country.,Plant ⊑ ∃operates.Country
Every hospital is either a cat or a school.,Hospital ⊑ Cat ⊔ School
All organizations are defined as a publication or a bank.,Organization ⊑ Publication ⊔ Bank
A device cannot be a supplier.,Device ⊑ ¬Supplier
A company is always a book.,Company ⊑ Book
Each country delivers a plant.,Country ⊑ ∃delivers.Plant
Every vehicle buys only dogs.,Vehicle ⊑ ∀buys.Dog
A software uses exclusively books.,Software ⊑ ∀uses.Book
Each account owns a doctor.,Account ⊑ ∃owns.Doctor
Every order is either a plant or a supplier.,Order ⊑ Plant ⊔ Supplier
A city is something that operates a movie.,City ⊑ ∃operates.Movie
Every device that designs a plant is a account.,Device ⊓ ∃designs.Plant ⊑ Account
Each music likes a software.,Music ⊑ ∃likes.Software
Every customer is a teacher that manages only banks.,Customer ⊑ Teacher ⊓ ∀manages.Bank
Anything that designs only machines.,∀designs.Machine
A publication is something that maintains a country.,Publication ⊑ ∃maintains.Country
A artist or a building.,Artist ⊔ Building
Nothing that is a machine is a book.,Machine ⊑ ¬Book
"If a organization uses anything, it must be a publication.",Organization ⊑ ∀uses.Publication
Anything that develops a food also develops a researcher.,∃develops.Food ⊑ ∃develops.Researcher
Each book develops a order.,Book ⊑ ∃develops.Order
Every scientist that has child only employees is a doctor.,Scientist ⊓ ∀hasChild.Employee ⊑ Doctor
A music cannot be a hospital.,Music ⊑ ¬Hospital
A employee is neither a library nor a engineer.,Employee ⊑ ¬(Library ⊔ Engineer)
Anything that has child a transaction also has child a library.,∃hasChild.Transaction ⊑ ∃hasChild.Library
A software and a movie.,Software ⊓ Movie
No publication is a researcher.,Publication ⊑ ¬Researcher
Whatever is both a plant and a transaction authors a customer.,Plant ⊓ Transaction ⊑ ∃authors.Customer
Every animal reads only things that are either a transaction or a company.,Animal ⊑ ∀reads.(Transaction ⊔ Company)
Every department that manages a project is a teacher.,Department ⊓ ∃manages.Project ⊑ Teacher
Every cat attends at least one order.,Cat ⊑ ∃attends.Order
Every city is a scientist that creates at least one vehicle.,City ⊑ Scientist ⊓ ∃creates.Vehicle
All projects are defined as a teacher or a school.,Project ⊑ Teacher ⊔ School
Every software is either a city or a library.,Software ⊑ City ⊔ Library
All employees are persons as well as citys.,Employee ⊑ Person ⊓ City
A library is always a company.,Library ⊑ Company
A plant is neither a employee nor a hospital.,Plant ⊑ ¬(Employee ⊔ Hospital)
All vehicles are defined as a person or a scientist.,Vehicle ⊑ Person ⊔ Scientist
Anything that teaches a city also teaches a department.,∃teaches.City ⊑ ∃teaches.Department
Anything that maintains a machine also maintains a artist.,∃maintains.Machine ⊑ ∃maintains.Artist
Every service is located in something that is both a student and a publication.,Service ⊑ ∃locatedIn.(Student ⊓ Publication)
All books are persons as well as animals.,Book ⊑ Person ⊓ Animal
Every engineer is a person.,Engineer ⊑ Person
No movie is a hardware.,Movie ⊑ ¬Hardware
Every cat is a bank that treats only citys.,Cat ⊑ Bank ⊓ ∀treats.City
A hospital is neither a building nor a artist.,Hospital ⊑ ¬(Building ⊔ Artist)
Every plant is both a hospital and a order.,Plant ⊑ Hospital ⊓ Order
All managers are products as well as suppliers.,Manager ⊑ Product ⊓ Supplier
Every hardware is either a dog or a animal.,Hardware ⊑ Dog ⊔ Animal
A order is something that creates a patient.,Order ⊑ ∃creates.Patient
Every device is both a machine and a vehicle.,Device ⊑ Machine ⊓ Vehicle
Anything that authors a publication also authors a scientist.,∃authors.Publication ⊑ ∃authors.Scientist
Each account works for a employee.,Account ⊑ ∃worksFor.Employee
All patients are defined as a employee or a music.,Patient ⊑ Employee ⊔ Music
Whatever is both a country and a car owns a artist.,Country ⊓ Car ⊑ ∃owns.Artist
A employee sells exclusively orders.,Employee ⊑ ∀sells.Order
Anything that likes only engineers.,∀likes.Engineer
Every department sells only organizations.,Department ⊑ ∀sells.Organization
A vehicle and a account.,Vehicle ⊓ Account
Every publication owns only things that are either a scientist or a teacher.,Publication ⊑ ∀owns.(Scientist ⊔ Teacher)
Each researcher manages a bank.,Researcher ⊑ ∃manages.Bank
A bank buys exclusively foods.,Bank ⊑ ∀buys.Food
Every doctor is a organization that works for only departments.,Doctor ⊑ Organization ⊓ ∀worksFor.Department
Every doctor authors something that is both a invoice and a library.,Doctor ⊑ ∃authors.(Invoice ⊓ Library)
Nothing that is a teacher is a account.,Teacher ⊑ ¬Account
Every library that works for only dogs is a scientist.,Library ⊓ ∀worksFor.Dog ⊑ Scientist
All persons are accounts.,Person ⊑ Account
A supplier and a country.,Supplier ⊓ Country
All vehicles are organizations as well as countrys.,Vehicle ⊑ Organization ⊓ Country
Every device that works for only invoices is a machine.,Device ⊓ ∀worksFor.Invoice ⊑ Machine
All banks are projects as well as courses.,Bank ⊑ Project ⊓ Course
Every artist is a employee.,Artist ⊑ Employee
A course cannot be a product.,Course ⊑ ¬Product
Every city buys only dogs.,City ⊑ ∀buys.Dog
Every employee buys only artists.,Employee ⊑ ∀buys.Artist
"If a dog manages anything, it must be a movie.",Dog ⊑ ∀manages.Movie
All scientists are vehicles.,Scientist ⊑ Vehicle
A food is neither a vehicle nor a teacher.,Food ⊑ ¬(Vehicle ⊔ Teacher)
All machines are teachers.,Machine ⊑ Teacher
Every transaction sells only orders.,Transaction ⊑ ∀sells.Order
Each cat knows a organization.,Cat ⊑ ∃knows.Organization
"If a invoice authors anything, it must be a researcher.",Invoice ⊑ ∀authors.Researcher
"If a movie funds anything, it must be a animal.",Movie ⊑ ∀funds.Animal
Every city is a organization.,City ⊑ Organization
Every vehicle is a car that delivers at least one department.,Vehicle ⊑ Car ⊓ ∃delivers.Department
A customer or a plant.,Customer ⊔ Plant
A school is something that likes a organization.,School ⊑ ∃likes.Organization
A invoice or a book.,Invoice ⊔ Book
Each dog likes a hospital.,Dog ⊑ ∃likes.Hospital
A manager is neither a university nor a food.,Manager ⊑ ¬(University ⊔ Food)
Every transaction develops something that is both a hospital and a supplier.,Transaction ⊑ ∃develops.(Hospital ⊓ Supplier)
Every customer is a plant that develops only accounts.,Customer ⊑ Plant ⊓ ∀develops.Account
All dogs are defined as a machine or a invoice.,Dog ⊑ Machine ⊔ Invoice
Every teacher is a artist.,Teacher ⊑ Artist
Every project is both a product and a dog.,Project ⊑ Product ⊓ Dog
A supplier is located in exclusively companys.,Supplier ⊑ ∀locatedIn.Company
Every publication is a doctor that develops at least one person.,Publication ⊑ Doctor ⊓ ∃develops.Person
Nothing that is a department is a publication.,Department ⊑ ¬Publication
Every country that sells only cats is a plant.,Country ⊓ ∀sells.Cat ⊑ Plant
A artist attends exclusively foods.,Artist ⊑ ∀attends.Food
Each music sells a publication.,Music ⊑ ∃sells.Publication
Every invoice works for at least one teacher.,Invoice ⊑ ∃worksFor.Teacher
All departments are engineers.,Department ⊑ Engineer
"If a manager treats anything, it must be a car.",Manager ⊑ ∀treats.Car
A project is neither a animal nor a movie.,Project ⊑ ¬(Animal ⊔ Movie)
Anything that funds only courses.,∀funds.Course
All accounts are defined as a teacher or a doctor.,Account ⊑ Teacher ⊔ Doctor
Every animal is a device that treats only suppliers.,Animal ⊑ Device ⊓ ∀treats.Supplier
"If a country reads anything, it must be a student.",Country ⊑ ∀reads.Student
Every music is a movie that likes only machines.,Music ⊑ Movie ⊓ ∀likes.Machine
A scientist and a employee.,Scientist ⊓ Employee
"If a vehicle sells anything, it must be a movie.",Vehicle ⊑ ∀sells.Movie
Every service has child at least one library.,Service ⊑ ∃hasChild.Library
All products are universitys.,Product ⊑ University
A supplier or a order.,Supplier ⊔ Order
A bank or a hardware.,Bank ⊔ Hardware
Every person is a library that funds only devices.,Person ⊑ Library ⊓ ∀funds.Device
A vehicle or a school.,Vehicle ⊔ School
Nothing that is a library is a plant.,Library ⊑ ¬Plant
Every dog authors only cats.,Dog ⊑ ∀authors.Cat
Every course is either a artist or a order.,Course ⊑ Artist ⊔ Order
A project and a dog.,Project ⊓ Dog
Every course funds only things that are either a hospital or a city.,Course ⊑ ∀funds.(Hospital ⊔ City)
A account or a invoice.,Account ⊔ Invoice
Every library that authors only companys is a service.,Library ⊓ ∀authors.Company ⊑ Service
All suppliers are orders as well as invoices.,Supplier ⊑ Order ⊓ Invoice
All plants are patients.,Plant ⊑ Patient
Every customer that teaches only doctors is a software.,Customer ⊓ ∀teaches.Doctor ⊑ Software
Every university uses at least one supplier.,University ⊑ ∃uses.Supplier
Every hardware delivers only things that are either a customer or a school.,Hardware ⊑ ∀delivers.(Customer ⊔ School)
Every building is located in only engineers.,Building ⊑ ∀locatedIn.Engineer
All students are scientists as well as countrys.,Student ⊑ Scientist ⊓ Country
Every music is a library that knows only engineers.,Music ⊑ Library ⊓ ∀knows.Engineer
A school is always a order.,School ⊑ Order
Every car is either a invoice or a doctor.,Car ⊑ Invoice ⊔ Doctor
A company or a employee.,Company ⊔ Employee
Every city is both a bank and a music.,City ⊑ Bank ⊓ Music
"If a city manages anything, it must be a software.",City ⊑ ∀manages.Software
Every machine sells at least one book.,Machine ⊑ ∃sells.Book
A machine is something that funds a manager.,Machine ⊑ ∃funds.Manager
Every vehicle owns only things that are either a hospital or a scientist.,Vehicle ⊑ ∀owns.(Hospital ⊔ Scientist)
Every engineer is a hardware that works for at least one person.,Engineer ⊑ Hardware ⊓ ∃worksFor.Person
A library is neither a course nor a student.,Library ⊑ ¬(Course ⊔ Student)
Every vehicle knows at least one patient.,Vehicle ⊑ ∃knows.Patient
Nothing that is a student is a person.,Student ⊑ ¬Person
Every food is both a machine and a patient.,Food ⊑ Machine ⊓ Patient
A manager and a book.,Manager ⊓ Book
Every library is a vehicle that produces at least one manager.,Library ⊑ Vehicle ⊓ ∃produces.Manager
A person is neither a machine nor a hardware.,Person ⊑ ¬(Machine ⊔ Hardware)
A course is always a hospital.,Course ⊑ Hospital
Every scientist is both a researcher and a hardware.,Scientist ⊑ Researcher ⊓ Hardware
Anything that authors a teacher.,∃authors.Teacher
Anything that owns only scientists.,∀owns.Scientist
No movie is a service.,Movie ⊑ ¬Service
Every bank is either a supplier or a device.,Bank ⊑ Supplier ⊔ Device
A artist supervises exclusively doctors.,Artist ⊑ ∀supervises.Doctor
Anything that produces a cat also produces a vehicle.,∃produces.Cat ⊑ ∃produces.Vehicle
Anything that is located in a animal also is located in a school.,∃locatedIn.Animal ⊑ ∃locatedIn.School
A university and a building.,University ⊓ Building
A dog is always a organization.,Dog ⊑ Organization
Each artist delivers a employee.,Artist ⊑ ∃delivers.Employee
"If a product sells anything, it must be a person.",Product ⊑ ∀sells.Person
A software cannot be a department.,Software ⊑ ¬Department
Every transaction that operates only schools is a person.,Transaction ⊓ ∀operates.School ⊑ Person
Every book that delivers only organizations is a artist.,Book ⊓ ∀delivers.Organization ⊑ Artist
A music attends exclusively researchers.,Music ⊑ ∀attends.Researcher
Every student is a food.,Student ⊑ Food
A department and a country.,Department ⊓ Country
"If a car designs anything, it must be a publication.",Car ⊑ ∀designs.Publication
A plant is neither a department nor a account.,Plant ⊑ ¬(Department ⊔ Account)
Every course funds at least one food.,Course ⊑ ∃funds.Food
Anything that owns a teacher also owns a course.,∃owns.Teacher ⊑ ∃owns.Course
No patient is a order.,Patient ⊑ ¬Order
All courses are defined as a transaction or a organization.,Course ⊑ Transaction ⊔ Organization
Whatever is both a vehicle and a course sells a customer.,Vehicle ⊓ Course ⊑ ∃sells.Customer
Every student is a patient that supervises only doctors.,Student ⊑ Patient ⊓ ∀supervises.Doctor
Each university buys a researcher.,University ⊑ ∃buys.Researcher
Every software maintains something that is both a invoice and a publication.,Software ⊑ ∃maintains.(Invoice ⊓ Publication)
Every department is a dog.,Department ⊑ Dog
A university and a supplier.,University ⊓ Supplier
A product is something that authors a car.,Product ⊑ ∃authors.Car
Nothing that is a teacher is a engineer.,Teacher ⊑ ¬Engineer
Every student is a organization that has child at least one library.,Student ⊑ Organization ⊓ ∃hasChild.Library
All scientists are defined as a book or a manager.,Scientist ⊑ Book ⊔ Manager
All movies are managers as well as employees.,Movie ⊑ Manager ⊓ Employee
All courses are universitys as well as dogs.,Course ⊑ University ⊓ Dog
A invoice or a hospital.,Invoice ⊔ Hospital
Every country is both a hospital and a university.,Country ⊑ Hospital ⊓ University
Each engineer designs a hospital.,Engineer ⊑ ∃designs.Hospital
Every hardware is a music.,Hardware ⊑ Music
Every music is a product.,Music ⊑ Product
Every organization is a teacher that uses only cats.,Organization ⊑ Teacher ⊓ ∀uses.Cat
Every person is both a dog and a account.,Person ⊑ Dog ⊓ Account
Anything that funds a product.,∃funds.Product
Anything that treats only citys.,∀treats.City
"If a department manages anything, it must be a device.",Department ⊑ ∀manages.Device
Anything that treats a bank also treats a hardware.,∃treats.Bank ⊑ ∃treats.Hardware
A book is always a country.,Book ⊑ Country
Whatever is both a book and a customer has child a software.,Book ⊓ Customer ⊑ ∃hasChild.Software
Every department is a animal.,Department ⊑ Animal
Every building is either a manager or a library.,Building ⊑ Manager ⊔ Library
Every company that designs a building is a manager.,Company ⊓ ∃designs.Building ⊑ Manager
A service is always a employee.,Service ⊑ Employee
All products are softwares as well as plants.,Product ⊑ Software ⊓ Plant
A university is something that attends a hardware.,University ⊑ ∃attends.Hardware
Every movie is a doctor that is located in at least one course.,Movie ⊑ Doctor ⊓ ∃locatedIn.Course
Every employee maintains only things that are either a product or a movie.,Employee ⊑ ∀maintains.(Product ⊔ Movie)
Every animal is a artist.,Animal ⊑ Artist
A city is always a software.,City ⊑ Software
No device is a employee.,Device ⊑ ¬Employee
A company is neither a cat nor a bank.,Company ⊑ ¬(Cat ⊔ Bank)
Anything that buys a supplier.,∃buys.Supplier
A manager is something that treats a machine.,Manager ⊑ ∃treats.Machine
All students are devices as well as suppliers.,Student ⊑ Device ⊓ Supplier
Anything that manages a device.,∃manages.Device
Each order works for a animal.,Order ⊑ ∃worksFor.Animal
Whatever is both a building and a service treats a teacher.,Building ⊓ Service ⊑ ∃treats.Teacher
Whatever is both a project and a movie operates a vehicle.,Project ⊓ Movie ⊑ ∃operates.Vehicle
Every country is a account.,Country ⊑ Account
A product or a university.,Product ⊔ University
Each movie attends a publication.,Movie ⊑ ∃attends.Publication
Every project that knows only employees is a engineer.,Project ⊓ ∀knows.Employee ⊑ Engineer
Every machine is a music that authors at least one bank.,Machine ⊑ Music ⊓ ∃authors.Bank
"If a company operates anything, it must be a school.",Company ⊑ ∀operates.School
Anything that maintains a service.,∃maintains.Service
Anything that designs only vehicles.,∀designs.Vehicle
Every library is either a bank or a building.,Library ⊑ Bank ⊔ Building
Whatever is both a engineer and a city uses a device.,Engineer ⊓ City ⊑ ∃uses.Device
Every movie delivers at least one order.,Movie ⊑ ∃delivers.Order
Anything that produces only animals.,∀produces.Animal
"If a organization creates anything, it must be a company.",Organization ⊑ ∀creates.Company
Each city owns a machine.,City ⊑ ∃owns.Machine
Every library is either a transaction or a supplier.,Library ⊑ Transaction ⊔ Supplier
A account cannot be a city.,Account ⊑ ¬City
"If a transaction creates anything, it must be a hardware.",Transaction ⊑ ∀creates.Hardware
Each supplier sells a course.,Supplier ⊑ ∃sells.Course
Every city is both a cat and a car.,City ⊑ Cat ⊓ Car
Whatever is both a person and a customer authors a artist.,Person ⊓ Customer ⊑ ∃authors.Artist
Every researcher is both a company and a employee.,Researcher ⊑ Company ⊓ Employee
Every publication that supervises a doctor is a food.,Publication ⊓ ∃supervises.Doctor ⊑ Food
Every book that likes a country is a bank.,Book ⊓ ∃likes.Country ⊑ Bank
Nothing that is a invoice is a vehicle.,Invoice ⊑ ¬Vehicle
Every school authors something that is both a hardware and a invoice.,School ⊑ ∃authors.(Hardware ⊓ Invoice)
Whatever is both a vehicle and a book buys a food.,Vehicle ⊓ Book ⊑ ∃buys.Food
All organizations are companys.,Organization ⊑ Company
Every account produces something that is both a researcher and a music.,Account ⊑ ∃produces.(Researcher ⊓ Music)
A patient is always a service.,Patient ⊑ Service
Whatever is both a device and a country develops a organization.,Device ⊓ Country ⊑ ∃develops.Organization
Every organization is either a building or a music.,Organization ⊑ Building ⊔ Music
A doctor is neither a artist nor a hardware.,Doctor ⊑ ¬(Artist ⊔ Hardware)
Every animal that produces a department is a artist.,Animal ⊓ ∃produces.Department ⊑ Artist
Every city knows at least one university.,City ⊑ ∃knows.University
A company is something that maintains a hospital.,Company ⊑ ∃maintains.Hospital
Nothing that is a country is a movie.,Country ⊑ ¬Movie
Nothing that is a machine is a scientist.,Machine ⊑ ¬Scientist
Nothing that is a country is a product.,Country ⊑ ¬Product
Every engineer is either a vehicle or a music.,Engineer ⊑ Vehicle ⊔ Music
Every hospital develops only foods.,Hospital ⊑ ∀develops.Food
Every researcher has child something that is both a food and a city.,Researcher ⊑ ∃hasChild.(Food ⊓ City)
All services are dogs.,Service ⊑ Dog
All schools are defined as a music or a manager.,School ⊑ Music ⊔ Manager
Anything that authors a company also authors a building.,∃authors.Company ⊑ ∃authors.Building
Every city is a employee that buys only cats.,City ⊑ Employee ⊓ ∀buys.Cat
Every hardware likes only things that are either a course or a country.,Hardware ⊑ ∀likes.(Course ⊔ Country)
Every book that designs only managers is a student.,Book ⊓ ∀designs.Manager ⊑ Student
Every doctor supervises only publications.,Doctor ⊑ ∀supervises.Publication
A city or a building.,City ⊔ Building
Every customer is a course that attends only animals.,Customer ⊑ Course ⊓ ∀attends.Animal
Every employee that is located in only artists is a manager.,Employee ⊓ ∀locatedIn.Artist ⊑ Manager
Every invoice is a person that reads at least one order.,Invoice ⊑ Person ⊓ ∃reads.Order
Every machine that designs only customers is a researcher.,Machine ⊓ ∀designs.Customer ⊑ Researcher
Every customer is a scientist.,Customer ⊑ Scientist
Every scientist is both a product and a animal.,Scientist ⊑ Product ⊓ Animal
Whatever is both a project and a manager sells a school.,Project ⊓ Manager ⊑ ∃sells.School
Every manager is either a person or a order.,Manager ⊑ Person ⊔ Order
Each doctor has child a plant.,Doctor ⊑ ∃hasChild.Plant
No patient is a course.,Patient ⊑ ¬Course
A transaction cannot be a book.,Transaction ⊑ ¬Book
All persons are countrys.,Person ⊑ Country
A university is something that treats a car.,University ⊑ ∃treats.Car
No department is a employee.,Department ⊑ ¬Employee
Whatever is both a doctor and a country maintains a bank.,Doctor ⊓ Country ⊑ ∃maintains.Bank
"If a organization teaches anything, it must be a project.",Organization ⊑ ∀teaches.Project
Anything that supervises a service also supervises a engineer.,∃supervises.Service ⊑ ∃supervises.Engineer
Whatever is both a country and a course teaches a teacher.,Country ⊓ Course ⊑ ∃teaches.Teacher
Every manager is a organization that is located in at least one doctor.,Manager ⊑ Organization ⊓ ∃locatedIn.Doctor
Every company supervises only things that are either a publication or a country.,Company ⊑ ∀supervises.(Publication ⊔ Country)
Every music is a building.,Music ⊑ Building
Nothing that is a city is a account.,City ⊑ ¬Account
A account is always a plant.,Account ⊑ Plant
Nothing that is a school is a account.,School ⊑ ¬Account
Every bank is either a movie or a building.,Bank ⊑ Movie ⊔ Building
A hospital and a bank.,Hospital ⊓ Bank
Nothing that is a machine is a car.,Machine ⊑ ¬Car
Every device is either a hospital or a building.,Device ⊑ Hospital ⊔ Building
Every scientist is a music that attends only softwares.,Scientist ⊑ Music ⊓ ∀attends.Software
